timestamp,index,name,memory_used_mib,utilization_gpu_pct
2026/07/15 01:35:42.556, 0, NVIDIA GeForce RTX 5090, 0, 0
2026/07/15 01:35:42.559, 1, NVIDIA GeForce RTX 5090, 0, 0
2026/07/15 01:35:42.567, 2, NVIDIA GeForce RTX 5090, 0, 0
2026/07/15 01:35:42.575, 3, NVIDIA GeForce RTX 5090, 0, 0
2026/07/15 01:35:42.582, 4, NVIDIA GeForce RTX 5090, 0, 0
2026/07/15 01:35:44.712, 0, NVIDIA GeForce RTX 5090, 0, 0
2026/07/15 01:35:44.716, 1, NVIDIA GeForce RTX 5090, 0, 0
2026/07/15 01:35:44.723, 2, NVIDIA GeForce RTX 5090, 0, 0
2026/07/15 01:35:44.731, 3, NVIDIA GeForce RTX 5090, 0, 0
2026/07/15 01:35:44.738, 4, NVIDIA GeForce RTX 5090, 0, 0
2026/07/15 01:35:46.877, 0, NVIDIA GeForce RTX 5090, 0, 0
2026/07/15 01:35:46.881, 1, NVIDIA GeForce RTX 5090, 0, 0
2026/07/15 01:35:46.890, 2, NVIDIA GeForce RTX 5090, 0, 0
2026/07/15 01:35:46.898, 3, NVIDIA GeForce RTX 5090, 0, 0
2026/07/15 01:35:46.905, 4, NVIDIA GeForce RTX 5090, 0, 0
2026/07/15 01:35:49.042, 0, NVIDIA GeForce RTX 5090, 0, 0
2026/07/15 01:35:49.046, 1, NVIDIA GeForce RTX 5090, 0, 0
2026/07/15 01:35:49.054, 2, NVIDIA GeForce RTX 5090, 0, 0
2026/07/15 01:35:49.062, 3, NVIDIA GeForce RTX 5090, 0, 0
2026/07/15 01:35:49.071, 4, NVIDIA GeForce RTX 5090, 0, 0
2026/07/15 01:35:51.188, 0, NVIDIA GeForce RTX 5090, 981, 0
2026/07/15 01:35:51.190, 1, NVIDIA GeForce RTX 5090, 3, 0
2026/07/15 01:35:51.194, 2, NVIDIA GeForce RTX 5090, 3, 0
2026/07/15 01:35:51.197, 3, NVIDIA GeForce RTX 5090, 3, 0
2026/07/15 01:35:51.202, 4, NVIDIA GeForce RTX 5090, 3, 0
2026/07/15 01:35:53.322, 0, NVIDIA GeForce RTX 5090, 981, 0
2026/07/15 01:35:53.325, 1, NVIDIA GeForce RTX 5090, 3, 0
2026/07/15 01:35:53.333, 2, NVIDIA GeForce RTX 5090, 3, 0
2026/07/15 01:35:53.340, 3, NVIDIA GeForce RTX 5090, 3, 0
2026/07/15 01:35:53.353, 4, NVIDIA GeForce RTX 5090, 3, 0
2026/07/15 01:35:55.483, 0, NVIDIA GeForce RTX 5090, 981, 0
2026/07/15 01:35:55.485, 1, NVIDIA GeForce RTX 5090, 3, 0
2026/07/15 01:35:55.492, 2, NVIDIA GeForce RTX 5090, 3, 0
2026/07/15 01:35:55.503, 3, NVIDIA GeForce RTX 5090, 3, 0
2026/07/15 01:35:55.511, 4, NVIDIA GeForce RTX 5090, 3, 0
2026/07/15 01:35:57.643, 0, NVIDIA GeForce RTX 5090, 981, 0
2026/07/15 01:35:57.645, 1, NVIDIA GeForce RTX 5090, 3, 0
2026/07/15 01:35:57.653, 2, NVIDIA GeForce RTX 5090, 3, 0
2026/07/15 01:35:57.661, 3, NVIDIA GeForce RTX 5090, 3, 0
2026/07/15 01:35:57.668, 4, NVIDIA GeForce RTX 5090, 3, 0
2026/07/15 01:35:59.863, 0, NVIDIA GeForce RTX 5090, 1431, 0
2026/07/15 01:35:59.869, 1, NVIDIA GeForce RTX 5090, 21, 0
2026/07/15 01:35:59.871, 2, NVIDIA GeForce RTX 5090, 3, 0
2026/07/15 01:35:59.883, 3, NVIDIA GeForce RTX 5090, 3, 0
2026/07/15 01:35:59.893, 4, NVIDIA GeForce RTX 5090, 3, 0
2026/07/15 01:36:01.996, 0, NVIDIA GeForce RTX 5090, 2105, 0
2026/07/15 01:36:02.001, 1, NVIDIA GeForce RTX 5090, 1621, 0
2026/07/15 01:36:02.003, 2, NVIDIA GeForce RTX 5090, 1621, 0
2026/07/15 01:36:02.006, 3, NVIDIA GeForce RTX 5090, 1621, 5
2026/07/15 01:36:02.008, 4, NVIDIA GeForce RTX 5090, 1621, 0
2026/07/15 01:36:04.123, 0, NVIDIA GeForce RTX 5090, 2973, 39
2026/07/15 01:36:04.127, 1, NVIDIA GeForce RTX 5090, 3065, 80
2026/07/15 01:36:04.129, 2, NVIDIA GeForce RTX 5090, 3065, 36
2026/07/15 01:36:04.132, 3, NVIDIA GeForce RTX 5090, 3065, 39
2026/07/15 01:36:04.135, 4, NVIDIA GeForce RTX 5090, 3065, 72
2026/07/15 01:36:06.245, 0, NVIDIA GeForce RTX 5090, 2973, 42
2026/07/15 01:36:06.249, 1, NVIDIA GeForce RTX 5090, 3065, 43
2026/07/15 01:36:06.251, 2, NVIDIA GeForce RTX 5090, 3065, 40
2026/07/15 01:36:06.253, 3, NVIDIA GeForce RTX 5090, 3065, 40
2026/07/15 01:36:06.255, 4, NVIDIA GeForce RTX 5090, 3065, 39
2026/07/15 01:36:08.382, 0, NVIDIA GeForce RTX 5090, 2973, 45
2026/07/15 01:36:08.389, 1, NVIDIA GeForce RTX 5090, 3065, 39
2026/07/15 01:36:08.391, 2, NVIDIA GeForce RTX 5090, 3065, 24
2026/07/15 01:36:08.397, 3, NVIDIA GeForce RTX 5090, 3065, 41
2026/07/15 01:36:08.404, 4, NVIDIA GeForce RTX 5090, 3065, 40
2026/07/15 01:36:10.497, 0, NVIDIA GeForce RTX 5090, 2973, 39
2026/07/15 01:36:10.501, 1, NVIDIA GeForce RTX 5090, 3065, 41
2026/07/15 01:36:10.503, 2, NVIDIA GeForce RTX 5090, 3065, 45
2026/07/15 01:36:10.505, 3, NVIDIA GeForce RTX 5090, 3065, 36
2026/07/15 01:36:10.507, 4, NVIDIA GeForce RTX 5090, 3065, 46
2026/07/15 01:36:12.612, 0, NVIDIA GeForce RTX 5090, 3099, 41
2026/07/15 01:36:12.616, 1, NVIDIA GeForce RTX 5090, 3065, 44
2026/07/15 01:36:12.618, 2, NVIDIA GeForce RTX 5090, 3065, 38
2026/07/15 01:36:12.620, 3, NVIDIA GeForce RTX 5090, 3065, 41
2026/07/15 01:36:12.622, 4, NVIDIA GeForce RTX 5090, 3065, 42
2026/07/15 01:36:14.735, 0, NVIDIA GeForce RTX 5090, 3101, 38
2026/07/15 01:36:14.742, 1, NVIDIA GeForce RTX 5090, 3065, 30
2026/07/15 01:36:14.747, 2, NVIDIA GeForce RTX 5090, 3065, 39
2026/07/15 01:36:14.753, 3, NVIDIA GeForce RTX 5090, 3065, 33
2026/07/15 01:36:14.756, 4, NVIDIA GeForce RTX 5090, 3065, 0
2026/07/15 01:36:16.884, 0, NVIDIA GeForce RTX 5090, 3101, 39
2026/07/15 01:36:16.889, 1, NVIDIA GeForce RTX 5090, 3065, 39
2026/07/15 01:36:16.892, 2, NVIDIA GeForce RTX 5090, 3065, 41
2026/07/15 01:36:16.895, 3, NVIDIA GeForce RTX 5090, 3065, 40
2026/07/15 01:36:16.897, 4, NVIDIA GeForce RTX 5090, 3065, 39
2026/07/15 01:36:19.018, 0, NVIDIA GeForce RTX 5090, 3101, 42
2026/07/15 01:36:19.022, 1, NVIDIA GeForce RTX 5090, 3065, 42
2026/07/15 01:36:19.025, 2, NVIDIA GeForce RTX 5090, 3065, 21
2026/07/15 01:36:19.027, 3, NVIDIA GeForce RTX 5090, 3065, 12
2026/07/15 01:36:19.030, 4, NVIDIA GeForce RTX 5090, 3065, 39
2026/07/15 01:36:21.167, 0, NVIDIA GeForce RTX 5090, 3101, 53
2026/07/15 01:36:21.171, 1, NVIDIA GeForce RTX 5090, 3065, 0
2026/07/15 01:36:21.175, 2, NVIDIA GeForce RTX 5090, 3065, 34
2026/07/15 01:36:21.181, 3, NVIDIA GeForce RTX 5090, 3065, 40
2026/07/15 01:36:21.187, 4, NVIDIA GeForce RTX 5090, 3065, 14
2026/07/15 01:36:23.315, 0, NVIDIA GeForce RTX 5090, 3101, 20
2026/07/15 01:36:23.320, 1, NVIDIA GeForce RTX 5090, 3065, 22
2026/07/15 01:36:23.324, 2, NVIDIA GeForce RTX 5090, 3065, 42
2026/07/15 01:36:23.326, 3, NVIDIA GeForce RTX 5090, 3065, 42
2026/07/15 01:36:23.329, 4, NVIDIA GeForce RTX 5090, 3065, 41
2026/07/15 01:36:25.461, 0, NVIDIA GeForce RTX 5090, 3101, 41
2026/07/15 01:36:25.465, 1, NVIDIA GeForce RTX 5090, 3065, 38
2026/07/15 01:36:25.468, 2, NVIDIA GeForce RTX 5090, 3065, 0
2026/07/15 01:36:25.471, 3, NVIDIA GeForce RTX 5090, 3065, 40
2026/07/15 01:36:25.474, 4, NVIDIA GeForce RTX 5090, 3065, 40
2026/07/15 01:36:27.580, 0, NVIDIA GeForce RTX 5090, 3101, 40
2026/07/15 01:36:27.584, 1, NVIDIA GeForce RTX 5090, 3065, 41
2026/07/15 01:36:27.586, 2, NVIDIA GeForce RTX 5090, 3065, 37
2026/07/15 01:36:27.588, 3, NVIDIA GeForce RTX 5090, 3065, 44
2026/07/15 01:36:27.590, 4, NVIDIA GeForce RTX 5090, 3065, 40
2026/07/15 01:36:29.703, 0, NVIDIA GeForce RTX 5090, 3101, 44
2026/07/15 01:36:29.707, 1, NVIDIA GeForce RTX 5090, 3065, 2
2026/07/15 01:36:29.713, 2, NVIDIA GeForce RTX 5090, 3065, 41
2026/07/15 01:36:29.715, 3, NVIDIA GeForce RTX 5090, 3065, 41
2026/07/15 01:36:29.720, 4, NVIDIA GeForce RTX 5090, 3065, 39
2026/07/15 01:36:31.813, 0, NVIDIA GeForce RTX 5090, 3101, 50
2026/07/15 01:36:31.817, 1, NVIDIA GeForce RTX 5090, 3065, 41
2026/07/15 01:36:31.821, 2, NVIDIA GeForce RTX 5090, 3065, 34
2026/07/15 01:36:31.824, 3, NVIDIA GeForce RTX 5090, 3065, 40
2026/07/15 01:36:31.827, 4, NVIDIA GeForce RTX 5090, 3065, 40
2026/07/15 01:36:33.966, 0, NVIDIA GeForce RTX 5090, 3101, 35
2026/07/15 01:36:33.971, 1, NVIDIA GeForce RTX 5090, 3065, 39
2026/07/15 01:36:33.976, 2, NVIDIA GeForce RTX 5090, 3065, 19
2026/07/15 01:36:33.979, 3, NVIDIA GeForce RTX 5090, 3065, 40
2026/07/15 01:36:33.981, 4, NVIDIA GeForce RTX 5090, 3065, 37
2026/07/15 01:36:36.080, 0, NVIDIA GeForce RTX 5090, 3101, 42
2026/07/15 01:36:36.084, 1, NVIDIA GeForce RTX 5090, 3065, 32
2026/07/15 01:36:36.088, 2, NVIDIA GeForce RTX 5090, 3065, 34
2026/07/15 01:36:36.090, 3, NVIDIA GeForce RTX 5090, 3065, 40
2026/07/15 01:36:36.092, 4, NVIDIA GeForce RTX 5090, 3065, 37
2026/07/15 01:36:38.181, 0, NVIDIA GeForce RTX 5090, 3101, 42
2026/07/15 01:36:38.184, 1, NVIDIA GeForce RTX 5090, 3065, 35
2026/07/15 01:36:38.187, 2, NVIDIA GeForce RTX 5090, 3065, 42
2026/07/15 01:36:38.189, 3, NVIDIA GeForce RTX 5090, 3065, 42
2026/07/15 01:36:38.191, 4, NVIDIA GeForce RTX 5090, 3065, 35
2026/07/15 01:36:40.319, 0, NVIDIA GeForce RTX 5090, 3101, 39
2026/07/15 01:36:40.323, 1, NVIDIA GeForce RTX 5090, 3065, 52
2026/07/15 01:36:40.328, 2, NVIDIA GeForce RTX 5090, 3065, 0
2026/07/15 01:36:40.332, 3, NVIDIA GeForce RTX 5090, 3065, 40
2026/07/15 01:36:40.334, 4, NVIDIA GeForce RTX 5090, 3065, 54
2026/07/15 01:36:42.445, 0, NVIDIA GeForce RTX 5090, 3101, 37
2026/07/15 01:36:42.449, 1, NVIDIA GeForce RTX 5090, 3065, 40
2026/07/15 01:36:42.455, 2, NVIDIA GeForce RTX 5090, 3065, 41
2026/07/15 01:36:42.457, 3, NVIDIA GeForce RTX 5090, 3065, 34
2026/07/15 01:36:42.459, 4, NVIDIA GeForce RTX 5090, 3065, 11
2026/07/15 01:36:44.592, 0, NVIDIA GeForce RTX 5090, 3101, 38
2026/07/15 01:36:44.596, 1, NVIDIA GeForce RTX 5090, 3065, 41
2026/07/15 01:36:44.601, 2, NVIDIA GeForce RTX 5090, 3065, 41
2026/07/15 01:36:44.604, 3, NVIDIA GeForce RTX 5090, 3065, 41
2026/07/15 01:36:44.607, 4, NVIDIA GeForce RTX 5090, 3065, 40
2026/07/15 01:36:46.747, 0, NVIDIA GeForce RTX 5090, 3101, 43
2026/07/15 01:36:46.752, 1, NVIDIA GeForce RTX 5090, 3065, 41
2026/07/15 01:36:46.756, 2, NVIDIA GeForce RTX 5090, 3065, 48
2026/07/15 01:36:46.759, 3, NVIDIA GeForce RTX 5090, 3065, 39
2026/07/15 01:36:46.761, 4, NVIDIA GeForce RTX 5090, 3065, 36
2026/07/15 01:36:48.877, 0, NVIDIA GeForce RTX 5090, 3101, 35
2026/07/15 01:36:48.882, 1, NVIDIA GeForce RTX 5090, 3065, 34
2026/07/15 01:36:48.885, 2, NVIDIA GeForce RTX 5090, 3065, 37
2026/07/15 01:36:48.888, 3, NVIDIA GeForce RTX 5090, 3065, 35
2026/07/15 01:36:48.891, 4, NVIDIA GeForce RTX 5090, 3065, 40
2026/07/15 01:36:51.087, 0, NVIDIA GeForce RTX 5090, 3101, 23
2026/07/15 01:36:51.093, 1, NVIDIA GeForce RTX 5090, 3065, 35
2026/07/15 01:36:51.096, 2, NVIDIA GeForce RTX 5090, 3065, 40
2026/07/15 01:36:51.100, 3, NVIDIA GeForce RTX 5090, 3065, 0
2026/07/15 01:36:51.102, 4, NVIDIA GeForce RTX 5090, 3065, 37
2026/07/15 01:36:53.213, 0, NVIDIA GeForce RTX 5090, 3101, 35
2026/07/15 01:36:53.219, 1, NVIDIA GeForce RTX 5090, 3065, 34
2026/07/15 01:36:53.222, 2, NVIDIA GeForce RTX 5090, 3065, 34
2026/07/15 01:36:53.224, 3, NVIDIA GeForce RTX 5090, 3065, 40
2026/07/15 01:36:53.230, 4, NVIDIA GeForce RTX 5090, 3065, 21
2026/07/15 01:36:55.363, 0, NVIDIA GeForce RTX 5090, 3101, 43
2026/07/15 01:36:55.366, 1, NVIDIA GeForce RTX 5090, 3065, 17
2026/07/15 01:36:55.368, 2, NVIDIA GeForce RTX 5090, 3065, 39
2026/07/15 01:36:55.370, 3, NVIDIA GeForce RTX 5090, 3065, 38
2026/07/15 01:36:55.372, 4, NVIDIA GeForce RTX 5090, 3065, 50
2026/07/15 01:36:57.497, 0, NVIDIA GeForce RTX 5090, 3101, 39
2026/07/15 01:36:57.502, 1, NVIDIA GeForce RTX 5090, 3065, 38
2026/07/15 01:36:57.506, 2, NVIDIA GeForce RTX 5090, 3065, 8
2026/07/15 01:36:57.508, 3, NVIDIA GeForce RTX 5090, 3065, 39
2026/07/15 01:36:57.512, 4, NVIDIA GeForce RTX 5090, 3065, 36
2026/07/15 01:36:59.650, 0, NVIDIA GeForce RTX 5090, 3101, 41
2026/07/15 01:36:59.654, 1, NVIDIA GeForce RTX 5090, 3065, 39
2026/07/15 01:36:59.659, 2, NVIDIA GeForce RTX 5090, 3065, 41
2026/07/15 01:36:59.662, 3, NVIDIA GeForce RTX 5090, 3065, 39
2026/07/15 01:36:59.664, 4, NVIDIA GeForce RTX 5090, 3065, 39
2026/07/15 01:37:01.793, 0, NVIDIA GeForce RTX 5090, 3101, 38
2026/07/15 01:37:01.798, 1, NVIDIA GeForce RTX 5090, 3065, 38
2026/07/15 01:37:01.801, 2, NVIDIA GeForce RTX 5090, 3065, 40
2026/07/15 01:37:01.804, 3, NVIDIA GeForce RTX 5090, 3065, 38
2026/07/15 01:37:01.806, 4, NVIDIA GeForce RTX 5090, 3065, 34
2026/07/15 01:37:03.926, 0, NVIDIA GeForce RTX 5090, 3101, 42
2026/07/15 01:37:03.930, 1, NVIDIA GeForce RTX 5090, 3065, 41
2026/07/15 01:37:03.932, 2, NVIDIA GeForce RTX 5090, 3065, 20
2026/07/15 01:37:03.936, 3, NVIDIA GeForce RTX 5090, 3065, 51
2026/07/15 01:37:03.940, 4, NVIDIA GeForce RTX 5090, 3065, 51
2026/07/15 01:37:06.077, 0, NVIDIA GeForce RTX 5090, 3101, 36
2026/07/15 01:37:06.084, 1, NVIDIA GeForce RTX 5090, 3065, 51
2026/07/15 01:37:06.086, 2, NVIDIA GeForce RTX 5090, 3065, 40
2026/07/15 01:37:06.092, 3, NVIDIA GeForce RTX 5090, 3065, 41
2026/07/15 01:37:06.095, 4, NVIDIA GeForce RTX 5090, 3065, 48
2026/07/15 01:37:08.237, 0, NVIDIA GeForce RTX 5090, 3101, 43
2026/07/15 01:37:08.241, 1, NVIDIA GeForce RTX 5090, 3065, 40
2026/07/15 01:37:08.246, 2, NVIDIA GeForce RTX 5090, 3065, 21
2026/07/15 01:37:08.252, 3, NVIDIA GeForce RTX 5090, 3065, 24
2026/07/15 01:37:08.254, 4, NVIDIA GeForce RTX 5090, 3065, 40
2026/07/15 01:37:10.356, 0, NVIDIA GeForce RTX 5090, 3101, 52
2026/07/15 01:37:10.360, 1, NVIDIA GeForce RTX 5090, 3065, 41
2026/07/15 01:37:10.367, 2, NVIDIA GeForce RTX 5090, 3065, 38
2026/07/15 01:37:10.369, 3, NVIDIA GeForce RTX 5090, 3065, 37
2026/07/15 01:37:10.370, 4, NVIDIA GeForce RTX 5090, 3065, 42
2026/07/15 01:37:12.501, 0, NVIDIA GeForce RTX 5090, 3101, 12
2026/07/15 01:37:12.504, 1, NVIDIA GeForce RTX 5090, 3065, 41
2026/07/15 01:37:12.507, 2, NVIDIA GeForce RTX 5090, 3065, 40
2026/07/15 01:37:12.510, 3, NVIDIA GeForce RTX 5090, 3065, 40
2026/07/15 01:37:12.513, 4, NVIDIA GeForce RTX 5090, 3065, 40
2026/07/15 01:37:14.648, 0, NVIDIA GeForce RTX 5090, 3101, 41
2026/07/15 01:37:14.652, 1, NVIDIA GeForce RTX 5090, 3065, 48
2026/07/15 01:37:14.655, 2, NVIDIA GeForce RTX 5090, 3065, 2
2026/07/15 01:37:14.659, 3, NVIDIA GeForce RTX 5090, 3065, 38
2026/07/15 01:37:14.664, 4, NVIDIA GeForce RTX 5090, 3065, 41
2026/07/15 01:37:16.779, 0, NVIDIA GeForce RTX 5090, 3101, 41
2026/07/15 01:37:16.785, 1, NVIDIA GeForce RTX 5090, 3065, 41
2026/07/15 01:37:16.788, 2, NVIDIA GeForce RTX 5090, 3065, 21
2026/07/15 01:37:16.793, 3, NVIDIA GeForce RTX 5090, 3065, 40
2026/07/15 01:37:16.796, 4, NVIDIA GeForce RTX 5090, 3065, 42
2026/07/15 01:37:18.938, 0, NVIDIA GeForce RTX 5090, 3101, 3
2026/07/15 01:37:18.942, 1, NVIDIA GeForce RTX 5090, 3065, 33
2026/07/15 01:37:18.945, 2, NVIDIA GeForce RTX 5090, 3065, 47
2026/07/15 01:37:18.951, 3, NVIDIA GeForce RTX 5090, 3065, 42
2026/07/15 01:37:18.954, 4, NVIDIA GeForce RTX 5090, 3065, 35
2026/07/15 01:37:21.063, 0, NVIDIA GeForce RTX 5090, 3101, 35
2026/07/15 01:37:21.068, 1, NVIDIA GeForce RTX 5090, 3065, 41
2026/07/15 01:37:21.070, 2, NVIDIA GeForce RTX 5090, 3065, 51
2026/07/15 01:37:21.072, 3, NVIDIA GeForce RTX 5090, 3065, 50
2026/07/15 01:37:21.074, 4, NVIDIA GeForce RTX 5090, 3065, 40
2026/07/15 01:37:23.183, 0, NVIDIA GeForce RTX 5090, 3101, 38
2026/07/15 01:37:23.187, 1, NVIDIA GeForce RTX 5090, 3065, 41
2026/07/15 01:37:23.191, 2, NVIDIA GeForce RTX 5090, 3065, 21
2026/07/15 01:37:23.197, 3, NVIDIA GeForce RTX 5090, 3065, 2
2026/07/15 01:37:23.199, 4, NVIDIA GeForce RTX 5090, 3065, 36
2026/07/15 01:37:25.333, 0, NVIDIA GeForce RTX 5090, 3101, 34
2026/07/15 01:37:25.337, 1, NVIDIA GeForce RTX 5090, 3065, 42
2026/07/15 01:37:25.343, 2, NVIDIA GeForce RTX 5090, 3065, 34
2026/07/15 01:37:25.347, 3, NVIDIA GeForce RTX 5090, 3065, 39
2026/07/15 01:37:25.349, 4, NVIDIA GeForce RTX 5090, 3065, 39
2026/07/15 01:37:27.499, 0, NVIDIA GeForce RTX 5090, 3101, 40
2026/07/15 01:37:27.503, 1, NVIDIA GeForce RTX 5090, 3065, 10
2026/07/15 01:37:27.506, 2, NVIDIA GeForce RTX 5090, 3065, 34
2026/07/15 01:37:27.509, 3, NVIDIA GeForce RTX 5090, 3065, 40
2026/07/15 01:37:27.512, 4, NVIDIA GeForce RTX 5090, 3065, 0
2026/07/15 01:37:29.647, 0, NVIDIA GeForce RTX 5090, 3101, 35
2026/07/15 01:37:29.651, 1, NVIDIA GeForce RTX 5090, 3065, 40
2026/07/15 01:37:29.654, 2, NVIDIA GeForce RTX 5090, 3065, 0
2026/07/15 01:37:29.656, 3, NVIDIA GeForce RTX 5090, 3065, 12
2026/07/15 01:37:29.660, 4, NVIDIA GeForce RTX 5090, 3065, 41
2026/07/15 01:37:31.771, 0, NVIDIA GeForce RTX 5090, 3101, 41
2026/07/15 01:37:31.774, 1, NVIDIA GeForce RTX 5090, 3065, 40
2026/07/15 01:37:31.776, 2, NVIDIA GeForce RTX 5090, 3065, 32
2026/07/15 01:37:31.778, 3, NVIDIA GeForce RTX 5090, 3065, 38
2026/07/15 01:37:31.781, 4, NVIDIA GeForce RTX 5090, 3065, 40
2026/07/15 01:37:33.891, 0, NVIDIA GeForce RTX 5090, 3101, 35
2026/07/15 01:37:33.895, 1, NVIDIA GeForce RTX 5090, 3065, 19
2026/07/15 01:37:33.898, 2, NVIDIA GeForce RTX 5090, 3065, 41
2026/07/15 01:37:33.902, 3, NVIDIA GeForce RTX 5090, 3065, 40
2026/07/15 01:37:33.905, 4, NVIDIA GeForce RTX 5090, 3065, 0
2026/07/15 01:37:36.039, 0, NVIDIA GeForce RTX 5090, 3101, 41
2026/07/15 01:37:36.044, 1, NVIDIA GeForce RTX 5090, 3065, 41
2026/07/15 01:37:36.047, 2, NVIDIA GeForce RTX 5090, 3065, 41
2026/07/15 01:37:36.052, 3, NVIDIA GeForce RTX 5090, 3065, 41
2026/07/15 01:37:36.057, 4, NVIDIA GeForce RTX 5090, 3065, 40
2026/07/15 01:37:38.186, 0, NVIDIA GeForce RTX 5090, 3101, 24
2026/07/15 01:37:38.190, 1, NVIDIA GeForce RTX 5090, 3065, 40
2026/07/15 01:37:38.192, 2, NVIDIA GeForce RTX 5090, 3065, 39
2026/07/15 01:37:38.195, 3, NVIDIA GeForce RTX 5090, 3065, 0
2026/07/15 01:37:38.198, 4, NVIDIA GeForce RTX 5090, 3065, 39
2026/07/15 01:37:40.294, 0, NVIDIA GeForce RTX 5090, 3101, 42
2026/07/15 01:37:40.298, 1, NVIDIA GeForce RTX 5090, 3065, 41
2026/07/15 01:37:40.302, 2, NVIDIA GeForce RTX 5090, 3065, 41
2026/07/15 01:37:40.304, 3, NVIDIA GeForce RTX 5090, 3065, 40
2026/07/15 01:37:40.307, 4, NVIDIA GeForce RTX 5090, 3065, 0
2026/07/15 01:37:42.449, 0, NVIDIA GeForce RTX 5090, 3101, 41
2026/07/15 01:37:42.456, 1, NVIDIA GeForce RTX 5090, 3065, 45
2026/07/15 01:37:42.459, 2, NVIDIA GeForce RTX 5090, 3065, 38
2026/07/15 01:37:42.461, 3, NVIDIA GeForce RTX 5090, 3065, 41
2026/07/15 01:37:42.464, 4, NVIDIA GeForce RTX 5090, 3065, 0
2026/07/15 01:37:44.596, 0, NVIDIA GeForce RTX 5090, 3101, 42
2026/07/15 01:37:44.602, 1, NVIDIA GeForce RTX 5090, 3065, 34
2026/07/15 01:37:44.605, 2, NVIDIA GeForce RTX 5090, 3065, 47
2026/07/15 01:37:44.608, 3, NVIDIA GeForce RTX 5090, 3065, 0
2026/07/15 01:37:44.611, 4, NVIDIA GeForce RTX 5090, 3065, 41
2026/07/15 01:37:46.705, 0, NVIDIA GeForce RTX 5090, 3101, 40
2026/07/15 01:37:46.709, 1, NVIDIA GeForce RTX 5090, 3065, 39
2026/07/15 01:37:46.711, 2, NVIDIA GeForce RTX 5090, 3065, 34
2026/07/15 01:37:46.713, 3, NVIDIA GeForce RTX 5090, 3065, 42
2026/07/15 01:37:46.715, 4, NVIDIA GeForce RTX 5090, 3065, 42
2026/07/15 01:37:48.820, 0, NVIDIA GeForce RTX 5090, 3101, 38
2026/07/15 01:37:48.824, 1, NVIDIA GeForce RTX 5090, 3065, 34
2026/07/15 01:37:48.827, 2, NVIDIA GeForce RTX 5090, 3065, 40
2026/07/15 01:37:48.832, 3, NVIDIA GeForce RTX 5090, 3065, 35
2026/07/15 01:37:48.835, 4, NVIDIA GeForce RTX 5090, 3065, 0
2026/07/15 01:37:50.966, 0, NVIDIA GeForce RTX 5090, 3101, 26
2026/07/15 01:37:50.972, 1, NVIDIA GeForce RTX 5090, 3065, 38
2026/07/15 01:37:50.975, 2, NVIDIA GeForce RTX 5090, 3065, 33
2026/07/15 01:37:50.978, 3, NVIDIA GeForce RTX 5090, 3065, 36
2026/07/15 01:37:50.981, 4, NVIDIA GeForce RTX 5090, 3065, 38
2026/07/15 01:37:53.110, 0, NVIDIA GeForce RTX 5090, 3101, 6
2026/07/15 01:37:53.114, 1, NVIDIA GeForce RTX 5090, 3065, 40
2026/07/15 01:37:53.117, 2, NVIDIA GeForce RTX 5090, 3065, 38
2026/07/15 01:37:53.120, 3, NVIDIA GeForce RTX 5090, 3065, 31
2026/07/15 01:37:53.124, 4, NVIDIA GeForce RTX 5090, 3065, 40
2026/07/15 01:37:55.260, 0, NVIDIA GeForce RTX 5090, 3101, 40
2026/07/15 01:37:55.265, 1, NVIDIA GeForce RTX 5090, 3065, 40
2026/07/15 01:37:55.269, 2, NVIDIA GeForce RTX 5090, 3065, 24
2026/07/15 01:37:55.272, 3, NVIDIA GeForce RTX 5090, 3065, 40
2026/07/15 01:37:55.274, 4, NVIDIA GeForce RTX 5090, 3065, 47
2026/07/15 01:37:57.389, 0, NVIDIA GeForce RTX 5090, 3101, 41
2026/07/15 01:37:57.395, 1, NVIDIA GeForce RTX 5090, 3065, 36
2026/07/15 01:37:57.398, 2, NVIDIA GeForce RTX 5090, 3065, 37
2026/07/15 01:37:57.401, 3, NVIDIA GeForce RTX 5090, 3065, 34
2026/07/15 01:37:57.404, 4, NVIDIA GeForce RTX 5090, 3065, 40
2026/07/15 01:37:59.521, 0, NVIDIA GeForce RTX 5090, 3101, 31
2026/07/15 01:37:59.524, 1, NVIDIA GeForce RTX 5090, 3065, 2
2026/07/15 01:37:59.527, 2, NVIDIA GeForce RTX 5090, 3065, 35
2026/07/15 01:37:59.531, 3, NVIDIA GeForce RTX 5090, 3065, 40
2026/07/15 01:37:59.533, 4, NVIDIA GeForce RTX 5090, 3065, 38
2026/07/15 01:38:01.666, 0, NVIDIA GeForce RTX 5090, 3101, 40
2026/07/15 01:38:01.671, 1, NVIDIA GeForce RTX 5090, 3065, 34
2026/07/15 01:38:01.673, 2, NVIDIA GeForce RTX 5090, 3065, 0
2026/07/15 01:38:01.676, 3, NVIDIA GeForce RTX 5090, 3065, 0
2026/07/15 01:38:01.679, 4, NVIDIA GeForce RTX 5090, 3065, 38
2026/07/15 01:38:03.805, 0, NVIDIA GeForce RTX 5090, 3101, 39
2026/07/15 01:38:03.808, 1, NVIDIA GeForce RTX 5090, 3065, 36
2026/07/15 01:38:03.810, 2, NVIDIA GeForce RTX 5090, 3065, 51
2026/07/15 01:38:03.813, 3, NVIDIA GeForce RTX 5090, 3065, 48
2026/07/15 01:38:03.815, 4, NVIDIA GeForce RTX 5090, 3065, 40
2026/07/15 01:38:05.943, 0, NVIDIA GeForce RTX 5090, 3101, 34
2026/07/15 01:38:05.948, 1, NVIDIA GeForce RTX 5090, 3065, 42
2026/07/15 01:38:05.954, 2, NVIDIA GeForce RTX 5090, 3065, 38
2026/07/15 01:38:05.957, 3, NVIDIA GeForce RTX 5090, 3065, 41
2026/07/15 01:38:05.959, 4, NVIDIA GeForce RTX 5090, 3065, 19
2026/07/15 01:38:08.091, 0, NVIDIA GeForce RTX 5090, 3101, 41
2026/07/15 01:38:08.096, 1, NVIDIA GeForce RTX 5090, 3065, 38
2026/07/15 01:38:08.099, 2, NVIDIA GeForce RTX 5090, 3065, 39
2026/07/15 01:38:08.101, 3, NVIDIA GeForce RTX 5090, 3065, 34
2026/07/15 01:38:08.104, 4, NVIDIA GeForce RTX 5090, 3065, 33
2026/07/15 01:38:10.225, 0, NVIDIA GeForce RTX 5090, 3101, 39
2026/07/15 01:38:10.229, 1, NVIDIA GeForce RTX 5090, 3065, 35
2026/07/15 01:38:10.232, 2, NVIDIA GeForce RTX 5090, 3065, 41
2026/07/15 01:38:10.234, 3, NVIDIA GeForce RTX 5090, 3065, 0
2026/07/15 01:38:10.237, 4, NVIDIA GeForce RTX 5090, 3065, 41
2026/07/15 01:38:12.353, 0, NVIDIA GeForce RTX 5090, 3101, 41
2026/07/15 01:38:12.357, 1, NVIDIA GeForce RTX 5090, 3065, 34
2026/07/15 01:38:12.363, 2, NVIDIA GeForce RTX 5090, 3065, 37
2026/07/15 01:38:12.367, 3, NVIDIA GeForce RTX 5090, 3065, 41
2026/07/15 01:38:12.370, 4, NVIDIA GeForce RTX 5090, 3065, 42
2026/07/15 01:38:14.516, 0, NVIDIA GeForce RTX 5090, 3101, 36
2026/07/15 01:38:14.520, 1, NVIDIA GeForce RTX 5090, 3065, 39
2026/07/15 01:38:14.522, 2, NVIDIA GeForce RTX 5090, 3065, 36
2026/07/15 01:38:14.525, 3, NVIDIA GeForce RTX 5090, 3065, 41
2026/07/15 01:38:14.529, 4, NVIDIA GeForce RTX 5090, 3065, 0
2026/07/15 01:38:16.642, 0, NVIDIA GeForce RTX 5090, 3101, 42
2026/07/15 01:38:16.649, 1, NVIDIA GeForce RTX 5090, 3065, 41
2026/07/15 01:38:16.652, 2, NVIDIA GeForce RTX 5090, 3065, 40
2026/07/15 01:38:16.656, 3, NVIDIA GeForce RTX 5090, 3065, 1
2026/07/15 01:38:16.658, 4, NVIDIA GeForce RTX 5090, 3065, 38
2026/07/15 01:38:18.787, 0, NVIDIA GeForce RTX 5090, 3101, 41
2026/07/15 01:38:18.790, 1, NVIDIA GeForce RTX 5090, 3065, 41
2026/07/15 01:38:18.793, 2, NVIDIA GeForce RTX 5090, 3065, 41
2026/07/15 01:38:18.795, 3, NVIDIA GeForce RTX 5090, 3065, 37
2026/07/15 01:38:18.797, 4, NVIDIA GeForce RTX 5090, 3065, 41
2026/07/15 01:38:20.922, 0, NVIDIA GeForce RTX 5090, 3101, 39
2026/07/15 01:38:20.929, 1, NVIDIA GeForce RTX 5090, 3065, 40
2026/07/15 01:38:20.932, 2, NVIDIA GeForce RTX 5090, 3065, 41
2026/07/15 01:38:20.934, 3, NVIDIA GeForce RTX 5090, 3065, 40
2026/07/15 01:38:20.939, 4, NVIDIA GeForce RTX 5090, 3065, 22
2026/07/15 01:38:23.070, 0, NVIDIA GeForce RTX 5090, 3101, 40
2026/07/15 01:38:23.074, 1, NVIDIA GeForce RTX 5090, 3065, 38
2026/07/15 01:38:23.080, 2, NVIDIA GeForce RTX 5090, 3065, 38
2026/07/15 01:38:23.085, 3, NVIDIA GeForce RTX 5090, 3065, 34
2026/07/15 01:38:23.088, 4, NVIDIA GeForce RTX 5090, 3065, 38
2026/07/15 01:38:25.204, 0, NVIDIA GeForce RTX 5090, 3101, 37
2026/07/15 01:38:25.208, 1, NVIDIA GeForce RTX 5090, 3065, 45
2026/07/15 01:38:25.211, 2, NVIDIA GeForce RTX 5090, 3065, 43
2026/07/15 01:38:25.214, 3, NVIDIA GeForce RTX 5090, 3065, 23
2026/07/15 01:38:25.219, 4, NVIDIA GeForce RTX 5090, 3065, 39
2026/07/15 01:38:27.354, 0, NVIDIA GeForce RTX 5090, 3101, 41
2026/07/15 01:38:27.358, 1, NVIDIA GeForce RTX 5090, 3065, 41
2026/07/15 01:38:27.361, 2, NVIDIA GeForce RTX 5090, 3065, 41
2026/07/15 01:38:27.365, 3, NVIDIA GeForce RTX 5090, 3065, 49
2026/07/15 01:38:27.367, 4, NVIDIA GeForce RTX 5090, 3065, 41
2026/07/15 01:38:29.503, 0, NVIDIA GeForce RTX 5090, 3101, 40
2026/07/15 01:38:29.508, 1, NVIDIA GeForce RTX 5090, 3065, 0
2026/07/15 01:38:29.511, 2, NVIDIA GeForce RTX 5090, 3065, 41
2026/07/15 01:38:29.514, 3, NVIDIA GeForce RTX 5090, 3065, 37
2026/07/15 01:38:29.516, 4, NVIDIA GeForce RTX 5090, 3065, 0
2026/07/15 01:38:31.652, 0, NVIDIA GeForce RTX 5090, 3101, 35
2026/07/15 01:38:31.656, 1, NVIDIA GeForce RTX 5090, 3065, 34
2026/07/15 01:38:31.659, 2, NVIDIA GeForce RTX 5090, 3065, 0
2026/07/15 01:38:31.661, 3, NVIDIA GeForce RTX 5090, 3065, 0
2026/07/15 01:38:31.664, 4, NVIDIA GeForce RTX 5090, 3065, 36
2026/07/15 01:38:33.799, 0, NVIDIA GeForce RTX 5090, 3101, 36
2026/07/15 01:38:33.802, 1, NVIDIA GeForce RTX 5090, 3065, 40
2026/07/15 01:38:33.804, 2, NVIDIA GeForce RTX 5090, 3065, 40
2026/07/15 01:38:33.807, 3, NVIDIA GeForce RTX 5090, 3065, 33
2026/07/15 01:38:33.809, 4, NVIDIA GeForce RTX 5090, 3065, 39
2026/07/15 01:38:35.934, 0, NVIDIA GeForce RTX 5090, 3101, 35
2026/07/15 01:38:35.937, 1, NVIDIA GeForce RTX 5090, 3065, 34
2026/07/15 01:38:35.940, 2, NVIDIA GeForce RTX 5090, 3065, 0
2026/07/15 01:38:35.945, 3, NVIDIA GeForce RTX 5090, 3065, 31
2026/07/15 01:38:35.949, 4, NVIDIA GeForce RTX 5090, 3065, 37
2026/07/15 01:38:38.062, 0, NVIDIA GeForce RTX 5090, 3101, 28
2026/07/15 01:38:38.067, 1, NVIDIA GeForce RTX 5090, 3065, 0
2026/07/15 01:38:38.070, 2, NVIDIA GeForce RTX 5090, 3065, 37
2026/07/15 01:38:38.072, 3, NVIDIA GeForce RTX 5090, 3065, 40
2026/07/15 01:38:38.076, 4, NVIDIA GeForce RTX 5090, 3065, 12
2026/07/15 01:38:40.195, 0, NVIDIA GeForce RTX 5090, 3101, 37
2026/07/15 01:38:40.202, 1, NVIDIA GeForce RTX 5090, 3065, 34
2026/07/15 01:38:40.207, 2, NVIDIA GeForce RTX 5090, 3065, 35
2026/07/15 01:38:40.209, 3, NVIDIA GeForce RTX 5090, 3065, 35
2026/07/15 01:38:40.212, 4, NVIDIA GeForce RTX 5090, 3065, 40
2026/07/15 01:38:42.325, 0, NVIDIA GeForce RTX 5090, 3101, 35
2026/07/15 01:38:42.331, 1, NVIDIA GeForce RTX 5090, 3065, 39
2026/07/15 01:38:42.333, 2, NVIDIA GeForce RTX 5090, 3065, 41
2026/07/15 01:38:42.336, 3, NVIDIA GeForce RTX 5090, 3065, 38
2026/07/15 01:38:42.342, 4, NVIDIA GeForce RTX 5090, 3065, 34
2026/07/15 01:38:44.478, 0, NVIDIA GeForce RTX 5090, 3101, 42
2026/07/15 01:38:44.482, 1, NVIDIA GeForce RTX 5090, 3065, 35
2026/07/15 01:38:44.484, 2, NVIDIA GeForce RTX 5090, 3065, 38
2026/07/15 01:38:44.489, 3, NVIDIA GeForce RTX 5090, 3065, 40
2026/07/15 01:38:44.494, 4, NVIDIA GeForce RTX 5090, 3065, 41
2026/07/15 01:38:46.627, 0, NVIDIA GeForce RTX 5090, 3101, 37
2026/07/15 01:38:46.631, 1, NVIDIA GeForce RTX 5090, 3065, 40
2026/07/15 01:38:46.634, 2, NVIDIA GeForce RTX 5090, 3065, 0
2026/07/15 01:38:46.637, 3, NVIDIA GeForce RTX 5090, 3065, 41
2026/07/15 01:38:46.641, 4, NVIDIA GeForce RTX 5090, 3065, 38
2026/07/15 01:38:48.765, 0, NVIDIA GeForce RTX 5090, 3101, 37
2026/07/15 01:38:48.771, 1, NVIDIA GeForce RTX 5090, 3065, 35
2026/07/15 01:38:48.773, 2, NVIDIA GeForce RTX 5090, 3065, 2
2026/07/15 01:38:48.780, 3, NVIDIA GeForce RTX 5090, 3065, 37
2026/07/15 01:38:48.784, 4, NVIDIA GeForce RTX 5090, 3065, 42
2026/07/15 01:38:50.923, 0, NVIDIA GeForce RTX 5090, 3101, 5
2026/07/15 01:38:50.927, 1, NVIDIA GeForce RTX 5090, 3065, 21
2026/07/15 01:38:50.932, 2, NVIDIA GeForce RTX 5090, 3065, 34
2026/07/15 01:38:50.935, 3, NVIDIA GeForce RTX 5090, 3065, 32
2026/07/15 01:38:50.947, 4, NVIDIA GeForce RTX 5090, 3065, 40
2026/07/15 01:38:53.087, 0, NVIDIA GeForce RTX 5090, 3101, 35
2026/07/15 01:38:53.092, 1, NVIDIA GeForce RTX 5090, 3065, 34
2026/07/15 01:38:53.095, 2, NVIDIA GeForce RTX 5090, 3065, 37
2026/07/15 01:38:53.099, 3, NVIDIA GeForce RTX 5090, 3065, 38
2026/07/15 01:38:53.102, 4, NVIDIA GeForce RTX 5090, 3065, 40
2026/07/15 01:38:55.240, 0, NVIDIA GeForce RTX 5090, 3101, 39
2026/07/15 01:38:55.244, 1, NVIDIA GeForce RTX 5090, 3065, 38
2026/07/15 01:38:55.248, 2, NVIDIA GeForce RTX 5090, 3065, 30
2026/07/15 01:38:55.253, 3, NVIDIA GeForce RTX 5090, 3065, 0
2026/07/15 01:38:55.256, 4, NVIDIA GeForce RTX 5090, 3065, 42
2026/07/15 01:38:57.388, 0, NVIDIA GeForce RTX 5090, 3101, 32
2026/07/15 01:38:57.395, 1, NVIDIA GeForce RTX 5090, 3065, 42
2026/07/15 01:38:57.398, 2, NVIDIA GeForce RTX 5090, 3065, 35
2026/07/15 01:38:57.400, 3, NVIDIA GeForce RTX 5090, 3065, 36
2026/07/15 01:38:57.403, 4, NVIDIA GeForce RTX 5090, 3065, 37
2026/07/15 01:38:59.533, 0, NVIDIA GeForce RTX 5090, 3101, 41
2026/07/15 01:38:59.537, 1, NVIDIA GeForce RTX 5090, 3065, 38
2026/07/15 01:38:59.542, 2, NVIDIA GeForce RTX 5090, 3065, 41
2026/07/15 01:38:59.549, 3, NVIDIA GeForce RTX 5090, 3065, 34
2026/07/15 01:38:59.551, 4, NVIDIA GeForce RTX 5090, 3065, 32
2026/07/15 01:39:01.684, 0, NVIDIA GeForce RTX 5090, 3101, 36
2026/07/15 01:39:01.688, 1, NVIDIA GeForce RTX 5090, 3065, 38
2026/07/15 01:39:01.691, 2, NVIDIA GeForce RTX 5090, 3065, 32
2026/07/15 01:39:01.694, 3, NVIDIA GeForce RTX 5090, 3065, 36
2026/07/15 01:39:01.698, 4, NVIDIA GeForce RTX 5090, 3065, 40
2026/07/15 01:39:03.832, 0, NVIDIA GeForce RTX 5090, 3101, 36
2026/07/15 01:39:03.836, 1, NVIDIA GeForce RTX 5090, 3065, 42
2026/07/15 01:39:03.839, 2, NVIDIA GeForce RTX 5090, 3065, 34
2026/07/15 01:39:03.841, 3, NVIDIA GeForce RTX 5090, 3065, 40
2026/07/15 01:39:03.844, 4, NVIDIA GeForce RTX 5090, 3065, 0
2026/07/15 01:39:05.983, 0, NVIDIA GeForce RTX 5090, 3101, 41
2026/07/15 01:39:05.988, 1, NVIDIA GeForce RTX 5090, 3065, 41
2026/07/15 01:39:05.991, 2, NVIDIA GeForce RTX 5090, 3065, 39
2026/07/15 01:39:05.997, 3, NVIDIA GeForce RTX 5090, 3065, 41
2026/07/15 01:39:06.001, 4, NVIDIA GeForce RTX 5090, 3065, 34
2026/07/15 01:39:08.117, 0, NVIDIA GeForce RTX 5090, 3101, 35
2026/07/15 01:39:08.121, 1, NVIDIA GeForce RTX 5090, 3065, 36
2026/07/15 01:39:08.124, 2, NVIDIA GeForce RTX 5090, 3065, 38
2026/07/15 01:39:08.126, 3, NVIDIA GeForce RTX 5090, 3065, 41
2026/07/15 01:39:08.130, 4, NVIDIA GeForce RTX 5090, 3065, 34
2026/07/15 01:39:10.241, 0, NVIDIA GeForce RTX 5090, 3101, 41
2026/07/15 01:39:10.248, 1, NVIDIA GeForce RTX 5090, 3065, 40
2026/07/15 01:39:10.251, 2, NVIDIA GeForce RTX 5090, 3065, 40
2026/07/15 01:39:10.254, 3, NVIDIA GeForce RTX 5090, 3065, 39
2026/07/15 01:39:10.256, 4, NVIDIA GeForce RTX 5090, 3065, 35
2026/07/15 01:39:12.393, 0, NVIDIA GeForce RTX 5090, 3101, 34
2026/07/15 01:39:12.396, 1, NVIDIA GeForce RTX 5090, 3065, 40
2026/07/15 01:39:12.399, 2, NVIDIA GeForce RTX 5090, 3065, 34
2026/07/15 01:39:12.400, 3, NVIDIA GeForce RTX 5090, 3065, 34
2026/07/15 01:39:12.402, 4, NVIDIA GeForce RTX 5090, 3065, 40
2026/07/15 01:39:14.529, 0, NVIDIA GeForce RTX 5090, 3101, 4
2026/07/15 01:39:14.535, 1, NVIDIA GeForce RTX 5090, 3065, 33
2026/07/15 01:39:14.540, 2, NVIDIA GeForce RTX 5090, 3065, 37
2026/07/15 01:39:14.542, 3, NVIDIA GeForce RTX 5090, 3065, 35
2026/07/15 01:39:14.545, 4, NVIDIA GeForce RTX 5090, 3065, 36
2026/07/15 01:39:16.680, 0, NVIDIA GeForce RTX 5090, 3101, 40
2026/07/15 01:39:16.684, 1, NVIDIA GeForce RTX 5090, 3065, 42
2026/07/15 01:39:16.686, 2, NVIDIA GeForce RTX 5090, 3065, 2
2026/07/15 01:39:16.689, 3, NVIDIA GeForce RTX 5090, 3065, 42
2026/07/15 01:39:16.692, 4, NVIDIA GeForce RTX 5090, 3065, 40
2026/07/15 01:39:18.786, 0, NVIDIA GeForce RTX 5090, 3101, 37
2026/07/15 01:39:18.789, 1, NVIDIA GeForce RTX 5090, 3065, 37
2026/07/15 01:39:18.792, 2, NVIDIA GeForce RTX 5090, 3065, 0
2026/07/15 01:39:18.794, 3, NVIDIA GeForce RTX 5090, 3065, 35
2026/07/15 01:39:18.796, 4, NVIDIA GeForce RTX 5090, 3065, 40
2026/07/15 01:39:20.926, 0, NVIDIA GeForce RTX 5090, 3101, 36
2026/07/15 01:39:20.930, 1, NVIDIA GeForce RTX 5090, 3065, 41
2026/07/15 01:39:20.935, 2, NVIDIA GeForce RTX 5090, 3065, 42
2026/07/15 01:39:20.938, 3, NVIDIA GeForce RTX 5090, 3065, 45
2026/07/15 01:39:20.941, 4, NVIDIA GeForce RTX 5090, 3065, 7
2026/07/15 01:39:23.076, 0, NVIDIA GeForce RTX 5090, 3101, 37
2026/07/15 01:39:23.083, 1, NVIDIA GeForce RTX 5090, 3065, 40
2026/07/15 01:39:23.085, 2, NVIDIA GeForce RTX 5090, 3065, 40
2026/07/15 01:39:23.088, 3, NVIDIA GeForce RTX 5090, 3065, 40
2026/07/15 01:39:23.090, 4, NVIDIA GeForce RTX 5090, 3065, 36
2026/07/15 01:39:25.227, 0, NVIDIA GeForce RTX 5090, 3101, 34
2026/07/15 01:39:25.232, 1, NVIDIA GeForce RTX 5090, 3065, 34
2026/07/15 01:39:25.235, 2, NVIDIA GeForce RTX 5090, 3065, 41
2026/07/15 01:39:25.240, 3, NVIDIA GeForce RTX 5090, 3065, 31
2026/07/15 01:39:25.245, 4, NVIDIA GeForce RTX 5090, 3065, 35
2026/07/15 01:39:27.380, 0, NVIDIA GeForce RTX 5090, 3101, 35
2026/07/15 01:39:27.385, 1, NVIDIA GeForce RTX 5090, 3065, 38
2026/07/15 01:39:27.389, 2, NVIDIA GeForce RTX 5090, 3065, 41
2026/07/15 01:39:27.391, 3, NVIDIA GeForce RTX 5090, 3065, 50
2026/07/15 01:39:27.394, 4, NVIDIA GeForce RTX 5090, 3065, 41
2026/07/15 01:39:29.535, 0, NVIDIA GeForce RTX 5090, 3101, 36
2026/07/15 01:39:29.539, 1, NVIDIA GeForce RTX 5090, 3065, 42
2026/07/15 01:39:29.542, 2, NVIDIA GeForce RTX 5090, 3065, 34
2026/07/15 01:39:29.545, 3, NVIDIA GeForce RTX 5090, 3065, 40
2026/07/15 01:39:29.552, 4, NVIDIA GeForce RTX 5090, 3065, 4
2026/07/15 01:39:31.661, 0, NVIDIA GeForce RTX 5090, 3101, 40
2026/07/15 01:39:31.666, 1, NVIDIA GeForce RTX 5090, 3065, 40
2026/07/15 01:39:31.671, 2, NVIDIA GeForce RTX 5090, 3065, 40
2026/07/15 01:39:31.673, 3, NVIDIA GeForce RTX 5090, 3065, 19
2026/07/15 01:39:31.676, 4, NVIDIA GeForce RTX 5090, 3065, 37
2026/07/15 01:39:33.815, 0, NVIDIA GeForce RTX 5090, 3101, 41
2026/07/15 01:39:33.818, 1, NVIDIA GeForce RTX 5090, 3065, 36
2026/07/15 01:39:33.824, 2, NVIDIA GeForce RTX 5090, 3065, 35
2026/07/15 01:39:33.826, 3, NVIDIA GeForce RTX 5090, 3065, 41
2026/07/15 01:39:33.828, 4, NVIDIA GeForce RTX 5090, 3065, 40
2026/07/15 01:39:35.914, 0, NVIDIA GeForce RTX 5090, 3235, 10
2026/07/15 01:39:35.918, 1, NVIDIA GeForce RTX 5090, 3065, 0
2026/07/15 01:39:35.920, 2, NVIDIA GeForce RTX 5090, 3065, 0
2026/07/15 01:39:35.922, 3, NVIDIA GeForce RTX 5090, 3065, 0
2026/07/15 01:39:35.924, 4, NVIDIA GeForce RTX 5090, 3065, 0
2026/07/15 01:39:38.054, 0, NVIDIA GeForce RTX 5090, 3243, 10
2026/07/15 01:39:38.059, 1, NVIDIA GeForce RTX 5090, 3065, 0
2026/07/15 01:39:38.062, 2, NVIDIA GeForce RTX 5090, 3065, 41
2026/07/15 01:39:38.064, 3, NVIDIA GeForce RTX 5090, 3065, 38
2026/07/15 01:39:38.069, 4, NVIDIA GeForce RTX 5090, 3065, 0
2026/07/15 01:39:40.163, 0, NVIDIA GeForce RTX 5090, 3243, 39
2026/07/15 01:39:40.169, 1, NVIDIA GeForce RTX 5090, 3065, 35
2026/07/15 01:39:40.171, 2, NVIDIA GeForce RTX 5090, 3065, 40
2026/07/15 01:39:40.173, 3, NVIDIA GeForce RTX 5090, 3065, 40
2026/07/15 01:39:40.176, 4, NVIDIA GeForce RTX 5090, 3065, 34
2026/07/15 01:39:42.281, 0, NVIDIA GeForce RTX 5090, 3243, 41
2026/07/15 01:39:42.287, 1, NVIDIA GeForce RTX 5090, 3065, 40
2026/07/15 01:39:42.290, 2, NVIDIA GeForce RTX 5090, 3065, 37
2026/07/15 01:39:42.293, 3, NVIDIA GeForce RTX 5090, 3065, 0
2026/07/15 01:39:42.296, 4, NVIDIA GeForce RTX 5090, 3065, 41
2026/07/15 01:39:44.409, 0, NVIDIA GeForce RTX 5090, 3243, 36
2026/07/15 01:39:44.415, 1, NVIDIA GeForce RTX 5090, 3065, 36
2026/07/15 01:39:44.417, 2, NVIDIA GeForce RTX 5090, 3065, 37
2026/07/15 01:39:44.419, 3, NVIDIA GeForce RTX 5090, 3065, 40
2026/07/15 01:39:44.422, 4, NVIDIA GeForce RTX 5090, 3065, 41
2026/07/15 01:39:46.556, 0, NVIDIA GeForce RTX 5090, 3243, 40
2026/07/15 01:39:46.561, 1, NVIDIA GeForce RTX 5090, 3065, 38
2026/07/15 01:39:46.566, 2, NVIDIA GeForce RTX 5090, 3065, 39
2026/07/15 01:39:46.569, 3, NVIDIA GeForce RTX 5090, 3065, 39
2026/07/15 01:39:46.572, 4, NVIDIA GeForce RTX 5090, 3065, 19
2026/07/15 01:39:48.686, 0, NVIDIA GeForce RTX 5090, 3243, 16
2026/07/15 01:39:48.690, 1, NVIDIA GeForce RTX 5090, 3065, 40
2026/07/15 01:39:48.692, 2, NVIDIA GeForce RTX 5090, 3065, 36
2026/07/15 01:39:48.695, 3, NVIDIA GeForce RTX 5090, 3065, 40
2026/07/15 01:39:48.698, 4, NVIDIA GeForce RTX 5090, 3065, 42
2026/07/15 01:39:50.817, 0, NVIDIA GeForce RTX 5090, 3243, 38
2026/07/15 01:39:50.821, 1, NVIDIA GeForce RTX 5090, 3065, 40
2026/07/15 01:39:50.824, 2, NVIDIA GeForce RTX 5090, 3065, 40
2026/07/15 01:39:50.826, 3, NVIDIA GeForce RTX 5090, 3065, 41
2026/07/15 01:39:50.831, 4, NVIDIA GeForce RTX 5090, 3065, 40
2026/07/15 01:39:52.947, 0, NVIDIA GeForce RTX 5090, 3243, 34
2026/07/15 01:39:52.951, 1, NVIDIA GeForce RTX 5090, 3065, 41
2026/07/15 01:39:52.953, 2, NVIDIA GeForce RTX 5090, 3065, 16
2026/07/15 01:39:52.957, 3, NVIDIA GeForce RTX 5090, 3065, 40
2026/07/15 01:39:52.960, 4, NVIDIA GeForce RTX 5090, 3065, 41
2026/07/15 01:39:55.097, 0, NVIDIA GeForce RTX 5090, 3243, 39
2026/07/15 01:39:55.102, 1, NVIDIA GeForce RTX 5090, 3065, 32
2026/07/15 01:39:55.107, 2, NVIDIA GeForce RTX 5090, 3065, 35
2026/07/15 01:39:55.109, 3, NVIDIA GeForce RTX 5090, 3065, 36
2026/07/15 01:39:55.112, 4, NVIDIA GeForce RTX 5090, 3065, 27
2026/07/15 01:39:57.248, 0, NVIDIA GeForce RTX 5090, 3243, 4
2026/07/15 01:39:57.255, 1, NVIDIA GeForce RTX 5090, 3065, 4
2026/07/15 01:39:57.258, 2, NVIDIA GeForce RTX 5090, 3065, 34
2026/07/15 01:39:57.261, 3, NVIDIA GeForce RTX 5090, 3065, 37
2026/07/15 01:39:57.264, 4, NVIDIA GeForce RTX 5090, 3065, 39
2026/07/15 01:39:59.405, 0, NVIDIA GeForce RTX 5090, 3243, 35
2026/07/15 01:39:59.411, 1, NVIDIA GeForce RTX 5090, 3065, 34
2026/07/15 01:39:59.414, 2, NVIDIA GeForce RTX 5090, 3065, 0
2026/07/15 01:39:59.417, 3, NVIDIA GeForce RTX 5090, 3065, 0
2026/07/15 01:39:59.421, 4, NVIDIA GeForce RTX 5090, 3065, 34
2026/07/15 01:40:01.564, 0, NVIDIA GeForce RTX 5090, 3243, 22
2026/07/15 01:40:01.568, 1, NVIDIA GeForce RTX 5090, 3065, 44
2026/07/15 01:40:01.571, 2, NVIDIA GeForce RTX 5090, 3065, 41
2026/07/15 01:40:01.575, 3, NVIDIA GeForce RTX 5090, 3065, 41
2026/07/15 01:40:01.581, 4, NVIDIA GeForce RTX 5090, 3065, 42
2026/07/15 01:40:03.716, 0, NVIDIA GeForce RTX 5090, 3243, 35
2026/07/15 01:40:03.722, 1, NVIDIA GeForce RTX 5090, 3065, 42
2026/07/15 01:40:03.726, 2, NVIDIA GeForce RTX 5090, 3065, 42
2026/07/15 01:40:03.729, 3, NVIDIA GeForce RTX 5090, 3065, 35
2026/07/15 01:40:03.732, 4, NVIDIA GeForce RTX 5090, 3065, 40
2026/07/15 01:40:05.853, 0, NVIDIA GeForce RTX 5090, 3243, 37
2026/07/15 01:40:05.858, 1, NVIDIA GeForce RTX 5090, 3065, 39
2026/07/15 01:40:05.861, 2, NVIDIA GeForce RTX 5090, 3065, 40
2026/07/15 01:40:05.864, 3, NVIDIA GeForce RTX 5090, 3065, 38
2026/07/15 01:40:05.867, 4, NVIDIA GeForce RTX 5090, 3065, 41
2026/07/15 01:40:07.980, 0, NVIDIA GeForce RTX 5090, 3243, 40
2026/07/15 01:40:07.985, 1, NVIDIA GeForce RTX 5090, 3065, 42
2026/07/15 01:40:07.987, 2, NVIDIA GeForce RTX 5090, 3065, 41
2026/07/15 01:40:07.990, 3, NVIDIA GeForce RTX 5090, 3065, 40
2026/07/15 01:40:07.993, 4, NVIDIA GeForce RTX 5090, 3065, 39
2026/07/15 01:40:10.110, 0, NVIDIA GeForce RTX 5090, 3243, 42
2026/07/15 01:40:10.114, 1, NVIDIA GeForce RTX 5090, 3065, 41
2026/07/15 01:40:10.117, 2, NVIDIA GeForce RTX 5090, 3065, 40
2026/07/15 01:40:10.119, 3, NVIDIA GeForce RTX 5090, 3065, 36
2026/07/15 01:40:10.122, 4, NVIDIA GeForce RTX 5090, 3065, 41
2026/07/15 01:40:12.257, 0, NVIDIA GeForce RTX 5090, 3243, 39
2026/07/15 01:40:12.262, 1, NVIDIA GeForce RTX 5090, 3065, 40
2026/07/15 01:40:12.266, 2, NVIDIA GeForce RTX 5090, 3065, 41
2026/07/15 01:40:12.268, 3, NVIDIA GeForce RTX 5090, 3065, 0
2026/07/15 01:40:12.273, 4, NVIDIA GeForce RTX 5090, 3065, 40
2026/07/15 01:40:14.404, 0, NVIDIA GeForce RTX 5090, 3243, 37
2026/07/15 01:40:14.410, 1, NVIDIA GeForce RTX 5090, 3065, 35
2026/07/15 01:40:14.416, 2, NVIDIA GeForce RTX 5090, 3065, 38
2026/07/15 01:40:14.419, 3, NVIDIA GeForce RTX 5090, 3065, 39
2026/07/15 01:40:14.421, 4, NVIDIA GeForce RTX 5090, 3065, 41
2026/07/15 01:40:16.534, 0, NVIDIA GeForce RTX 5090, 3243, 41
2026/07/15 01:40:16.540, 1, NVIDIA GeForce RTX 5090, 3065, 13
2026/07/15 01:40:16.543, 2, NVIDIA GeForce RTX 5090, 3065, 40
2026/07/15 01:40:16.545, 3, NVIDIA GeForce RTX 5090, 3065, 35
2026/07/15 01:40:16.548, 4, NVIDIA GeForce RTX 5090, 3065, 0
2026/07/15 01:40:18.680, 0, NVIDIA GeForce RTX 5090, 3243, 41
2026/07/15 01:40:18.685, 1, NVIDIA GeForce RTX 5090, 3065, 40
2026/07/15 01:40:18.688, 2, NVIDIA GeForce RTX 5090, 3065, 26
2026/07/15 01:40:18.691, 3, NVIDIA GeForce RTX 5090, 3065, 0
2026/07/15 01:40:18.694, 4, NVIDIA GeForce RTX 5090, 3065, 40
2026/07/15 01:40:20.790, 0, NVIDIA GeForce RTX 5090, 3243, 42
2026/07/15 01:40:20.794, 1, NVIDIA GeForce RTX 5090, 3065, 41
2026/07/15 01:40:20.796, 2, NVIDIA GeForce RTX 5090, 3065, 30
2026/07/15 01:40:20.798, 3, NVIDIA GeForce RTX 5090, 3065, 41
2026/07/15 01:40:20.800, 4, NVIDIA GeForce RTX 5090, 3065, 39
2026/07/15 01:40:22.928, 0, NVIDIA GeForce RTX 5090, 3243, 37
2026/07/15 01:40:22.932, 1, NVIDIA GeForce RTX 5090, 3065, 21
2026/07/15 01:40:22.935, 2, NVIDIA GeForce RTX 5090, 3065, 42
2026/07/15 01:40:22.941, 3, NVIDIA GeForce RTX 5090, 3065, 38
2026/07/15 01:40:22.943, 4, NVIDIA GeForce RTX 5090, 3065, 0
2026/07/15 01:40:25.039, 0, NVIDIA GeForce RTX 5090, 3243, 41
2026/07/15 01:40:25.044, 1, NVIDIA GeForce RTX 5090, 3065, 40
2026/07/15 01:40:25.048, 2, NVIDIA GeForce RTX 5090, 3065, 36
2026/07/15 01:40:25.050, 3, NVIDIA GeForce RTX 5090, 3065, 38
2026/07/15 01:40:25.053, 4, NVIDIA GeForce RTX 5090, 3065, 41
2026/07/15 01:40:27.162, 0, NVIDIA GeForce RTX 5090, 3243, 34
2026/07/15 01:40:27.169, 1, NVIDIA GeForce RTX 5090, 3065, 39
2026/07/15 01:40:27.171, 2, NVIDIA GeForce RTX 5090, 3065, 41
2026/07/15 01:40:27.174, 3, NVIDIA GeForce RTX 5090, 3065, 0
2026/07/15 01:40:27.177, 4, NVIDIA GeForce RTX 5090, 3065, 41
2026/07/15 01:40:29.312, 0, NVIDIA GeForce RTX 5090, 3243, 34
2026/07/15 01:40:29.318, 1, NVIDIA GeForce RTX 5090, 3065, 34
2026/07/15 01:40:29.320, 2, NVIDIA GeForce RTX 5090, 3065, 35
2026/07/15 01:40:29.325, 3, NVIDIA GeForce RTX 5090, 3065, 42
2026/07/15 01:40:29.328, 4, NVIDIA GeForce RTX 5090, 3065, 0
2026/07/15 01:40:31.421, 0, NVIDIA GeForce RTX 5090, 3243, 38
2026/07/15 01:40:31.429, 1, NVIDIA GeForce RTX 5090, 3065, 37
2026/07/15 01:40:31.432, 2, NVIDIA GeForce RTX 5090, 3065, 41
2026/07/15 01:40:31.435, 3, NVIDIA GeForce RTX 5090, 3065, 42
2026/07/15 01:40:31.437, 4, NVIDIA GeForce RTX 5090, 3065, 0
2026/07/15 01:40:33.568, 0, NVIDIA GeForce RTX 5090, 3243, 41
2026/07/15 01:40:33.572, 1, NVIDIA GeForce RTX 5090, 3065, 41
2026/07/15 01:40:33.575, 2, NVIDIA GeForce RTX 5090, 3065, 39
2026/07/15 01:40:33.578, 3, NVIDIA GeForce RTX 5090, 3065, 0
2026/07/15 01:40:33.581, 4, NVIDIA GeForce RTX 5090, 3065, 40
2026/07/15 01:40:35.714, 0, NVIDIA GeForce RTX 5090, 3243, 37
2026/07/15 01:40:35.718, 1, NVIDIA GeForce RTX 5090, 3065, 39
2026/07/15 01:40:35.721, 2, NVIDIA GeForce RTX 5090, 3065, 40
2026/07/15 01:40:35.723, 3, NVIDIA GeForce RTX 5090, 3065, 40
2026/07/15 01:40:35.726, 4, NVIDIA GeForce RTX 5090, 3065, 39
2026/07/15 01:40:37.860, 0, NVIDIA GeForce RTX 5090, 3243, 40
2026/07/15 01:40:37.864, 1, NVIDIA GeForce RTX 5090, 3065, 41
2026/07/15 01:40:37.870, 2, NVIDIA GeForce RTX 5090, 3065, 42
2026/07/15 01:40:37.873, 3, NVIDIA GeForce RTX 5090, 3065, 39
2026/07/15 01:40:37.875, 4, NVIDIA GeForce RTX 5090, 3065, 0
2026/07/15 01:40:39.987, 0, NVIDIA GeForce RTX 5090, 3243, 36
2026/07/15 01:40:39.991, 1, NVIDIA GeForce RTX 5090, 3065, 42
2026/07/15 01:40:39.994, 2, NVIDIA GeForce RTX 5090, 3065, 37
2026/07/15 01:40:39.996, 3, NVIDIA GeForce RTX 5090, 3065, 39
2026/07/15 01:40:39.999, 4, NVIDIA GeForce RTX 5090, 3065, 41
2026/07/15 01:40:42.117, 0, NVIDIA GeForce RTX 5090, 3243, 4
2026/07/15 01:40:42.121, 1, NVIDIA GeForce RTX 5090, 3065, 39
2026/07/15 01:40:42.123, 2, NVIDIA GeForce RTX 5090, 3065, 41
2026/07/15 01:40:42.125, 3, NVIDIA GeForce RTX 5090, 3065, 41
2026/07/15 01:40:42.128, 4, NVIDIA GeForce RTX 5090, 3065, 41
2026/07/15 01:40:44.235, 0, NVIDIA GeForce RTX 5090, 3243, 35
2026/07/15 01:40:44.240, 1, NVIDIA GeForce RTX 5090, 3065, 41
2026/07/15 01:40:44.245, 2, NVIDIA GeForce RTX 5090, 3065, 0
2026/07/15 01:40:44.247, 3, NVIDIA GeForce RTX 5090, 3065, 39
2026/07/15 01:40:44.250, 4, NVIDIA GeForce RTX 5090, 3065, 37
2026/07/15 01:40:46.366, 0, NVIDIA GeForce RTX 5090, 3243, 41
2026/07/15 01:40:46.373, 1, NVIDIA GeForce RTX 5090, 3065, 38
2026/07/15 01:40:46.375, 2, NVIDIA GeForce RTX 5090, 3065, 35
2026/07/15 01:40:46.378, 3, NVIDIA GeForce RTX 5090, 3065, 41
2026/07/15 01:40:46.381, 4, NVIDIA GeForce RTX 5090, 3065, 41
2026/07/15 01:40:48.495, 0, NVIDIA GeForce RTX 5090, 3243, 23
2026/07/15 01:40:48.499, 1, NVIDIA GeForce RTX 5090, 3065, 0
2026/07/15 01:40:48.504, 2, NVIDIA GeForce RTX 5090, 3065, 38
2026/07/15 01:40:48.507, 3, NVIDIA GeForce RTX 5090, 3065, 35
2026/07/15 01:40:48.510, 4, NVIDIA GeForce RTX 5090, 3065, 32
2026/07/15 01:40:50.604, 0, NVIDIA GeForce RTX 5090, 3243, 37
2026/07/15 01:40:50.610, 1, NVIDIA GeForce RTX 5090, 3065, 38
2026/07/15 01:40:50.616, 2, NVIDIA GeForce RTX 5090, 3065, 0
2026/07/15 01:40:50.618, 3, NVIDIA GeForce RTX 5090, 3065, 34
2026/07/15 01:40:50.621, 4, NVIDIA GeForce RTX 5090, 3065, 35
2026/07/15 01:40:52.714, 0, NVIDIA GeForce RTX 5090, 3243, 39
2026/07/15 01:40:52.718, 1, NVIDIA GeForce RTX 5090, 3065, 41
2026/07/15 01:40:52.721, 2, NVIDIA GeForce RTX 5090, 3065, 0
2026/07/15 01:40:52.724, 3, NVIDIA GeForce RTX 5090, 3065, 40
2026/07/15 01:40:52.727, 4, NVIDIA GeForce RTX 5090, 3065, 41
2026/07/15 01:40:54.863, 0, NVIDIA GeForce RTX 5090, 3243, 13
2026/07/15 01:40:54.869, 1, NVIDIA GeForce RTX 5090, 3065, 0
2026/07/15 01:40:54.871, 2, NVIDIA GeForce RTX 5090, 3065, 42
2026/07/15 01:40:54.874, 3, NVIDIA GeForce RTX 5090, 3065, 41
2026/07/15 01:40:54.877, 4, NVIDIA GeForce RTX 5090, 3065, 42
2026/07/15 01:40:57.018, 0, NVIDIA GeForce RTX 5090, 3243, 41
2026/07/15 01:40:57.021, 1, NVIDIA GeForce RTX 5090, 3065, 40
2026/07/15 01:40:57.024, 2, NVIDIA GeForce RTX 5090, 3065, 35
2026/07/15 01:40:57.027, 3, NVIDIA GeForce RTX 5090, 3065, 40
2026/07/15 01:40:57.029, 4, NVIDIA GeForce RTX 5090, 3065, 36
2026/07/15 01:40:59.135, 0, NVIDIA GeForce RTX 5090, 3245, 11
2026/07/15 01:40:59.139, 1, NVIDIA GeForce RTX 5090, 3065, 40
2026/07/15 01:40:59.141, 2, NVIDIA GeForce RTX 5090, 3065, 0
2026/07/15 01:40:59.143, 3, NVIDIA GeForce RTX 5090, 3065, 0
2026/07/15 01:40:59.145, 4, NVIDIA GeForce RTX 5090, 3065, 40
2026/07/15 01:41:01.272, 0, NVIDIA GeForce RTX 5090, 3245, 0
2026/07/15 01:41:01.275, 1, NVIDIA GeForce RTX 5090, 3065, 0
2026/07/15 01:41:01.277, 2, NVIDIA GeForce RTX 5090, 3065, 0
2026/07/15 01:41:01.279, 3, NVIDIA GeForce RTX 5090, 3065, 0
2026/07/15 01:41:01.281, 4, NVIDIA GeForce RTX 5090, 3065, 0
2026/07/15 01:41:03.365, 0, NVIDIA GeForce RTX 5090, 3245, 0
2026/07/15 01:41:03.369, 1, NVIDIA GeForce RTX 5090, 3065, 0
2026/07/15 01:41:03.371, 2, NVIDIA GeForce RTX 5090, 3065, 0
2026/07/15 01:41:03.372, 3, NVIDIA GeForce RTX 5090, 3065, 0
2026/07/15 01:41:03.375, 4, NVIDIA GeForce RTX 5090, 3065, 0
2026/07/15 01:41:05.488, 0, NVIDIA GeForce RTX 5090, 0, 0
2026/07/15 01:41:05.490, 1, NVIDIA GeForce RTX 5090, 0, 0
2026/07/15 01:41:05.492, 2, NVIDIA GeForce RTX 5090, 0, 0
2026/07/15 01:41:05.494, 3, NVIDIA GeForce RTX 5090, 0, 0
2026/07/15 01:41:05.496, 4, NVIDIA GeForce RTX 5090, 0, 6
2026/07/15 01:41:07.604, 0, NVIDIA GeForce RTX 5090, 0, 0
2026/07/15 01:41:07.606, 1, NVIDIA GeForce RTX 5090, 0, 0
2026/07/15 01:41:07.621, 2, NVIDIA GeForce RTX 5090, 0, 0
2026/07/15 01:41:07.624, 3, NVIDIA GeForce RTX 5090, 0, 0
2026/07/15 01:41:07.627, 4, NVIDIA GeForce RTX 5090, 0, 0
2026/07/15 01:41:09.753, 0, NVIDIA GeForce RTX 5090, 0, 0
2026/07/15 01:41:09.769, 1, NVIDIA GeForce RTX 5090, 0, 0
2026/07/15 01:41:09.772, 2, NVIDIA GeForce RTX 5090, 0, 0
2026/07/15 01:41:09.774, 3, NVIDIA GeForce RTX 5090, 0, 0
2026/07/15 01:41:09.777, 4, NVIDIA GeForce RTX 5090, 0, 0
2026/07/15 01:41:11.913, 0, NVIDIA GeForce RTX 5090, 0, 0
2026/07/15 01:41:11.917, 1, NVIDIA GeForce RTX 5090, 0, 0
2026/07/15 01:41:11.921, 2, NVIDIA GeForce RTX 5090, 0, 0
2026/07/15 01:41:11.924, 3, NVIDIA GeForce RTX 5090, 0, 0
2026/07/15 01:41:11.927, 4, NVIDIA GeForce RTX 5090, 0, 0
