sha256	bytes	type	original_path	archive_path
e3b0c44298fc1c149afbf4c8996fb92427ae41e4649b934ca495991b7852b855	0	file	/hy-tmp/hf_cache/datasets/_hy-tmp_hf_cache_datasets_nyu-mll___glue_mrpc_0.0.0_bcdcba79d07bc864c1c254ccfcedcce55bcc9a8c.lock	hy-tmp/hf_cache/datasets/_hy-tmp_hf_cache_datasets_nyu-mll___glue_mrpc_0.0.0_bcdcba79d07bc864c1c254ccfcedcce55bcc9a8c.lock
e3b0c44298fc1c149afbf4c8996fb92427ae41e4649b934ca495991b7852b855	0	file	/hy-tmp/hf_cache/datasets/nyu-mll___glue/mrpc/0.0.0/bcdcba79d07bc864c1c254ccfcedcce55bcc9a8c.incomplete_info.lock	hy-tmp/hf_cache/datasets/nyu-mll___glue/mrpc/0.0.0/bcdcba79d07bc864c1c254ccfcedcce55bcc9a8c.incomplete_info.lock
751879cda8c11364638a4b87ff8715a3003e3d04058cc9b8ca8caaf2bbb6a4f9	2163448	file	/hy-tmp/hf_cache/datasets/nyu-mll___glue/mrpc/0.0.0/bcdcba79d07bc864c1c254ccfcedcce55bcc9a8c/cache-0eaf173b75219543.arrow	hy-tmp/hf_cache/datasets/nyu-mll___glue/mrpc/0.0.0/bcdcba79d07bc864c1c254ccfcedcce55bcc9a8c/cache-0eaf173b75219543.arrow
a1ca6be8663329bdc00f6e8d1729ace93972ccbb576b464d0a5f8f4d62a750f4	3712	file	/hy-tmp/hf_cache/datasets/nyu-mll___glue/mrpc/0.0.0/bcdcba79d07bc864c1c254ccfcedcce55bcc9a8c/cache-17980186edb6f4c5.arrow	hy-tmp/hf_cache/datasets/nyu-mll___glue/mrpc/0.0.0/bcdcba79d07bc864c1c254ccfcedcce55bcc9a8c/cache-17980186edb6f4c5.arrow
e003d4cd137519e92ff7daf7cc3fa3e97ab92dd3dba1327e8595f5f130f964b6	242968	file	/hy-tmp/hf_cache/datasets/nyu-mll___glue/mrpc/0.0.0/bcdcba79d07bc864c1c254ccfcedcce55bcc9a8c/cache-2a573ea265fd040f.arrow	hy-tmp/hf_cache/datasets/nyu-mll___glue/mrpc/0.0.0/bcdcba79d07bc864c1c254ccfcedcce55bcc9a8c/cache-2a573ea265fd040f.arrow
1fb1767f74cdc602b3c011b5c5746735de9716c944c422f59675b13d830ae482	2163448	file	/hy-tmp/hf_cache/datasets/nyu-mll___glue/mrpc/0.0.0/bcdcba79d07bc864c1c254ccfcedcce55bcc9a8c/cache-2a985ad93db0621e.arrow	hy-tmp/hf_cache/datasets/nyu-mll___glue/mrpc/0.0.0/bcdcba79d07bc864c1c254ccfcedcce55bcc9a8c/cache-2a985ad93db0621e.arrow
81d32132c1f8ff5814222d52613bf0e32732b83ebddce52c74f5eda4da6ecf02	2163456	file	/hy-tmp/hf_cache/datasets/nyu-mll___glue/mrpc/0.0.0/bcdcba79d07bc864c1c254ccfcedcce55bcc9a8c/cache-2ac472f4e5054358.arrow	hy-tmp/hf_cache/datasets/nyu-mll___glue/mrpc/0.0.0/bcdcba79d07bc864c1c254ccfcedcce55bcc9a8c/cache-2ac472f4e5054358.arrow
258e6709ca10f4d8b91fb33f165050485094187a3df228727f8df424043ccf7c	242968	file	/hy-tmp/hf_cache/datasets/nyu-mll___glue/mrpc/0.0.0/bcdcba79d07bc864c1c254ccfcedcce55bcc9a8c/cache-4fa870205b4e6ad5.arrow	hy-tmp/hf_cache/datasets/nyu-mll___glue/mrpc/0.0.0/bcdcba79d07bc864c1c254ccfcedcce55bcc9a8c/cache-4fa870205b4e6ad5.arrow
b5939a6b9ad3e0305c35e812a2cd4c198233e15aabf5dd0661c225450240f925	2163464	file	/hy-tmp/hf_cache/datasets/nyu-mll___glue/mrpc/0.0.0/bcdcba79d07bc864c1c254ccfcedcce55bcc9a8c/cache-57c6b771ac49e6b9.arrow	hy-tmp/hf_cache/datasets/nyu-mll___glue/mrpc/0.0.0/bcdcba79d07bc864c1c254ccfcedcce55bcc9a8c/cache-57c6b771ac49e6b9.arrow
d1a2d9f232a748622e0eec9bce0ee9a35422b3b694e27736839443b19dc78da6	3712	file	/hy-tmp/hf_cache/datasets/nyu-mll___glue/mrpc/0.0.0/bcdcba79d07bc864c1c254ccfcedcce55bcc9a8c/cache-6637cc291aa892fc.arrow	hy-tmp/hf_cache/datasets/nyu-mll___glue/mrpc/0.0.0/bcdcba79d07bc864c1c254ccfcedcce55bcc9a8c/cache-6637cc291aa892fc.arrow
536b512099859745370bcf481cd642c7108cf4cda21e56d4371474663ecb7669	242968	file	/hy-tmp/hf_cache/datasets/nyu-mll___glue/mrpc/0.0.0/bcdcba79d07bc864c1c254ccfcedcce55bcc9a8c/cache-66a6ab7dceca58fd.arrow	hy-tmp/hf_cache/datasets/nyu-mll___glue/mrpc/0.0.0/bcdcba79d07bc864c1c254ccfcedcce55bcc9a8c/cache-66a6ab7dceca58fd.arrow
ae059af345b193b4c531b48bf761d8eb0efe85780994a28c2173079788e60225	3712	file	/hy-tmp/hf_cache/datasets/nyu-mll___glue/mrpc/0.0.0/bcdcba79d07bc864c1c254ccfcedcce55bcc9a8c/cache-6b6f596e66176e0e.arrow	hy-tmp/hf_cache/datasets/nyu-mll___glue/mrpc/0.0.0/bcdcba79d07bc864c1c254ccfcedcce55bcc9a8c/cache-6b6f596e66176e0e.arrow
77580bc15f64bcbf5e0be326f6a94df2a5a6086323227d5da70b0560c955bc52	30224	file	/hy-tmp/hf_cache/datasets/nyu-mll___glue/mrpc/0.0.0/bcdcba79d07bc864c1c254ccfcedcce55bcc9a8c/cache-70b52902c52c3f36.arrow	hy-tmp/hf_cache/datasets/nyu-mll___glue/mrpc/0.0.0/bcdcba79d07bc864c1c254ccfcedcce55bcc9a8c/cache-70b52902c52c3f36.arrow
08b3bdd616d214c2c13177e7eaaa7e28d6a1423d3877594f7520bffd41008851	3712	file	/hy-tmp/hf_cache/datasets/nyu-mll___glue/mrpc/0.0.0/bcdcba79d07bc864c1c254ccfcedcce55bcc9a8c/cache-764c0b4ba7b6f4c1.arrow	hy-tmp/hf_cache/datasets/nyu-mll___glue/mrpc/0.0.0/bcdcba79d07bc864c1c254ccfcedcce55bcc9a8c/cache-764c0b4ba7b6f4c1.arrow
18bf127bc2e4fd6f858ee1d88fd7a327bae4913556dbaf974613021a03bdc0b5	242968	file	/hy-tmp/hf_cache/datasets/nyu-mll___glue/mrpc/0.0.0/bcdcba79d07bc864c1c254ccfcedcce55bcc9a8c/cache-7e2007f862518bbe.arrow	hy-tmp/hf_cache/datasets/nyu-mll___glue/mrpc/0.0.0/bcdcba79d07bc864c1c254ccfcedcce55bcc9a8c/cache-7e2007f862518bbe.arrow
7bd6964371cb8078bd9b9cfb38de77b55dd565fec81d6d1e16dac7bc9b392c3a	242968	file	/hy-tmp/hf_cache/datasets/nyu-mll___glue/mrpc/0.0.0/bcdcba79d07bc864c1c254ccfcedcce55bcc9a8c/cache-7f5cd6f5dfbecb73.arrow	hy-tmp/hf_cache/datasets/nyu-mll___glue/mrpc/0.0.0/bcdcba79d07bc864c1c254ccfcedcce55bcc9a8c/cache-7f5cd6f5dfbecb73.arrow
27f091d64d1221797019fb462f507371651a068823008b46e6c7da02f521583b	30224	file	/hy-tmp/hf_cache/datasets/nyu-mll___glue/mrpc/0.0.0/bcdcba79d07bc864c1c254ccfcedcce55bcc9a8c/cache-8870fb3aaf4fb4d7.arrow	hy-tmp/hf_cache/datasets/nyu-mll___glue/mrpc/0.0.0/bcdcba79d07bc864c1c254ccfcedcce55bcc9a8c/cache-8870fb3aaf4fb4d7.arrow
e38abba01269c18117c2489ac2f3f6d088700c75c0795b6700bc0b72fd384c9f	3712	file	/hy-tmp/hf_cache/datasets/nyu-mll___glue/mrpc/0.0.0/bcdcba79d07bc864c1c254ccfcedcce55bcc9a8c/cache-8edf5dddb6a38775.arrow	hy-tmp/hf_cache/datasets/nyu-mll___glue/mrpc/0.0.0/bcdcba79d07bc864c1c254ccfcedcce55bcc9a8c/cache-8edf5dddb6a38775.arrow
e73e74e475e59b3069fc35978f67dd33e45fc4e338edde945e791f609a7e7ee6	2163448	file	/hy-tmp/hf_cache/datasets/nyu-mll___glue/mrpc/0.0.0/bcdcba79d07bc864c1c254ccfcedcce55bcc9a8c/cache-a04e991447207dc7.arrow	hy-tmp/hf_cache/datasets/nyu-mll___glue/mrpc/0.0.0/bcdcba79d07bc864c1c254ccfcedcce55bcc9a8c/cache-a04e991447207dc7.arrow
a14812e18bd0e9ceecda1e0d1daaf719348cff227693b4f2f34a363ff44a6a77	30224	file	/hy-tmp/hf_cache/datasets/nyu-mll___glue/mrpc/0.0.0/bcdcba79d07bc864c1c254ccfcedcce55bcc9a8c/cache-b432440179f8904b.arrow	hy-tmp/hf_cache/datasets/nyu-mll___glue/mrpc/0.0.0/bcdcba79d07bc864c1c254ccfcedcce55bcc9a8c/cache-b432440179f8904b.arrow
9ba2852174e733f2efc60668ec4485c0f913d0536869b5c137eb514c328fb12a	30224	file	/hy-tmp/hf_cache/datasets/nyu-mll___glue/mrpc/0.0.0/bcdcba79d07bc864c1c254ccfcedcce55bcc9a8c/cache-c12c8c7861fb8ae9.arrow	hy-tmp/hf_cache/datasets/nyu-mll___glue/mrpc/0.0.0/bcdcba79d07bc864c1c254ccfcedcce55bcc9a8c/cache-c12c8c7861fb8ae9.arrow
77d80bb7508da66229bc1bdaf1056eafab0bc1ccf0f5d2a2e0f6a1d8eaa65ee3	242968	file	/hy-tmp/hf_cache/datasets/nyu-mll___glue/mrpc/0.0.0/bcdcba79d07bc864c1c254ccfcedcce55bcc9a8c/cache-c2632ff05c5709fc.arrow	hy-tmp/hf_cache/datasets/nyu-mll___glue/mrpc/0.0.0/bcdcba79d07bc864c1c254ccfcedcce55bcc9a8c/cache-c2632ff05c5709fc.arrow
e0fd836bc41699a55f8c0609c36ed9828249dc3e958fec81bacebc095de72fe4	2163456	file	/hy-tmp/hf_cache/datasets/nyu-mll___glue/mrpc/0.0.0/bcdcba79d07bc864c1c254ccfcedcce55bcc9a8c/cache-e07aa9e799391da8.arrow	hy-tmp/hf_cache/datasets/nyu-mll___glue/mrpc/0.0.0/bcdcba79d07bc864c1c254ccfcedcce55bcc9a8c/cache-e07aa9e799391da8.arrow
a86de40859300ca90fed6eefc96e505457653bc313e48f3a1bb766981fdfcbf3	2163464	file	/hy-tmp/hf_cache/datasets/nyu-mll___glue/mrpc/0.0.0/bcdcba79d07bc864c1c254ccfcedcce55bcc9a8c/cache-e1931188f9f52e47.arrow	hy-tmp/hf_cache/datasets/nyu-mll___glue/mrpc/0.0.0/bcdcba79d07bc864c1c254ccfcedcce55bcc9a8c/cache-e1931188f9f52e47.arrow
f164f9edda71b0845d16c9de13c064a27768fde93955adedea99d75fea5f8e47	30224	file	/hy-tmp/hf_cache/datasets/nyu-mll___glue/mrpc/0.0.0/bcdcba79d07bc864c1c254ccfcedcce55bcc9a8c/cache-e2c6b5c30bf523bd.arrow	hy-tmp/hf_cache/datasets/nyu-mll___glue/mrpc/0.0.0/bcdcba79d07bc864c1c254ccfcedcce55bcc9a8c/cache-e2c6b5c30bf523bd.arrow
b0a90e175c5be55b5e3993ddc969c505b71c85465890aebdc38a2b77ce4eacf1	30224	file	/hy-tmp/hf_cache/datasets/nyu-mll___glue/mrpc/0.0.0/bcdcba79d07bc864c1c254ccfcedcce55bcc9a8c/cache-ed2118457f68b64d.arrow	hy-tmp/hf_cache/datasets/nyu-mll___glue/mrpc/0.0.0/bcdcba79d07bc864c1c254ccfcedcce55bcc9a8c/cache-ed2118457f68b64d.arrow
28bf6b68e3f743d05c8841c00639c4c7f3e876c34251be446d04762bd7454f92	3712	file	/hy-tmp/hf_cache/datasets/nyu-mll___glue/mrpc/0.0.0/bcdcba79d07bc864c1c254ccfcedcce55bcc9a8c/cache-f01c27ec2a83d3bb.arrow	hy-tmp/hf_cache/datasets/nyu-mll___glue/mrpc/0.0.0/bcdcba79d07bc864c1c254ccfcedcce55bcc9a8c/cache-f01c27ec2a83d3bb.arrow
a2d8c83a9eadb4b4782c5f2bb191cab1ef299a8e881a8c717645b19c580a7e8e	242968	file	/hy-tmp/hf_cache/datasets/nyu-mll___glue/mrpc/0.0.0/bcdcba79d07bc864c1c254ccfcedcce55bcc9a8c/cache-fecb73ade935c8d5.arrow	hy-tmp/hf_cache/datasets/nyu-mll___glue/mrpc/0.0.0/bcdcba79d07bc864c1c254ccfcedcce55bcc9a8c/cache-fecb73ade935c8d5.arrow
3532771d17c1f6df8c7bd6a748cbe12979015f0292aefaf8c2deabd6676ac3e9	834	file	/hy-tmp/hf_cache/datasets/nyu-mll___glue/mrpc/0.0.0/bcdcba79d07bc864c1c254ccfcedcce55bcc9a8c/dataset_info.json	hy-tmp/hf_cache/datasets/nyu-mll___glue/mrpc/0.0.0/bcdcba79d07bc864c1c254ccfcedcce55bcc9a8c/dataset_info.json
0152c178bc09c083804600f657ae610005dfce932f29435cd4938509f9643d71	443688	file	/hy-tmp/hf_cache/datasets/nyu-mll___glue/mrpc/0.0.0/bcdcba79d07bc864c1c254ccfcedcce55bcc9a8c/glue-test.arrow	hy-tmp/hf_cache/datasets/nyu-mll___glue/mrpc/0.0.0/bcdcba79d07bc864c1c254ccfcedcce55bcc9a8c/glue-test.arrow
bf8629f88da668353e68449a2c4d1add9aa70c29abddaffb2074ad001fa048ce	945816	file	/hy-tmp/hf_cache/datasets/nyu-mll___glue/mrpc/0.0.0/bcdcba79d07bc864c1c254ccfcedcce55bcc9a8c/glue-train.arrow	hy-tmp/hf_cache/datasets/nyu-mll___glue/mrpc/0.0.0/bcdcba79d07bc864c1c254ccfcedcce55bcc9a8c/glue-train.arrow
e9136b50592fd5b4fd9b072ce7fc5d8b8119868c6003f41cfba51ce3c41f518b	106816	file	/hy-tmp/hf_cache/datasets/nyu-mll___glue/mrpc/0.0.0/bcdcba79d07bc864c1c254ccfcedcce55bcc9a8c/glue-validation.arrow	hy-tmp/hf_cache/datasets/nyu-mll___glue/mrpc/0.0.0/bcdcba79d07bc864c1c254ccfcedcce55bcc9a8c/glue-validation.arrow
e3b0c44298fc1c149afbf4c8996fb92427ae41e4649b934ca495991b7852b855	0	file	/hy-tmp/hf_cache/datasets/nyu-mll___glue/mrpc/0.0.0/bcdcba79d07bc864c1c254ccfcedcce55bcc9a8c_builder.lock	hy-tmp/hf_cache/datasets/nyu-mll___glue/mrpc/0.0.0/bcdcba79d07bc864c1c254ccfcedcce55bcc9a8c_builder.lock
e3b0c44298fc1c149afbf4c8996fb92427ae41e4649b934ca495991b7852b855	0	file	/hy-tmp/hf_cache/hub/.locks/datasets--nyu-mll--glue/274c0b2c4c5524fe09285a8b7d945fe98a1dfe7a.lock	hy-tmp/hf_cache/hub/.locks/datasets--nyu-mll--glue/274c0b2c4c5524fe09285a8b7d945fe98a1dfe7a.lock
e3b0c44298fc1c149afbf4c8996fb92427ae41e4649b934ca495991b7852b855	0	file	/hy-tmp/hf_cache/hub/.locks/datasets--nyu-mll--glue/33c007dbf5bfa8463d87a13e6226df8c0fcf2596c2cd39d0f3bb79754e00f50f.lock	hy-tmp/hf_cache/hub/.locks/datasets--nyu-mll--glue/33c007dbf5bfa8463d87a13e6226df8c0fcf2596c2cd39d0f3bb79754e00f50f.lock
e3b0c44298fc1c149afbf4c8996fb92427ae41e4649b934ca495991b7852b855	0	file	/hy-tmp/hf_cache/hub/.locks/datasets--nyu-mll--glue/61fd41301e0e244b0420c4350a170c8e7cf64740335fc875a4af2d79af0df0af.lock	hy-tmp/hf_cache/hub/.locks/datasets--nyu-mll--glue/61fd41301e0e244b0420c4350a170c8e7cf64740335fc875a4af2d79af0df0af.lock
e3b0c44298fc1c149afbf4c8996fb92427ae41e4649b934ca495991b7852b855	0	file	/hy-tmp/hf_cache/hub/.locks/datasets--nyu-mll--glue/a623ed1cbdf445b11f8e249acbf649d7d3a5ee58c918554c40cbd8307e488693.lock	hy-tmp/hf_cache/hub/.locks/datasets--nyu-mll--glue/a623ed1cbdf445b11f8e249acbf649d7d3a5ee58c918554c40cbd8307e488693.lock
e3b0c44298fc1c149afbf4c8996fb92427ae41e4649b934ca495991b7852b855	0	file	/hy-tmp/hf_cache/hub/.locks/models--textattack--bert-base-uncased-MRPC/21a7986a9000bb97d11204644f03ffe41975bc2686fd487052159709fa21c2ad.lock	hy-tmp/hf_cache/hub/.locks/models--textattack--bert-base-uncased-MRPC/21a7986a9000bb97d11204644f03ffe41975bc2686fd487052159709fa21c2ad.lock
e3b0c44298fc1c149afbf4c8996fb92427ae41e4649b934ca495991b7852b855	0	file	/hy-tmp/hf_cache/hub/.locks/models--textattack--bert-base-uncased-MRPC/902fcccfb6813a28e7a9b37f6f70db70d873fda9.lock	hy-tmp/hf_cache/hub/.locks/models--textattack--bert-base-uncased-MRPC/902fcccfb6813a28e7a9b37f6f70db70d873fda9.lock
e3b0c44298fc1c149afbf4c8996fb92427ae41e4649b934ca495991b7852b855	0	file	/hy-tmp/hf_cache/hub/.locks/models--textattack--bert-base-uncased-MRPC/e5c73d8a50df1f56fb5b0b8002d7cf4010afdccb.lock	hy-tmp/hf_cache/hub/.locks/models--textattack--bert-base-uncased-MRPC/e5c73d8a50df1f56fb5b0b8002d7cf4010afdccb.lock
e3b0c44298fc1c149afbf4c8996fb92427ae41e4649b934ca495991b7852b855	0	file	/hy-tmp/hf_cache/hub/.locks/models--textattack--bert-base-uncased-MRPC/e7b0375001f109a6b8873d756ad4f7bbb15fbaa5.lock	hy-tmp/hf_cache/hub/.locks/models--textattack--bert-base-uncased-MRPC/e7b0375001f109a6b8873d756ad4f7bbb15fbaa5.lock
e3b0c44298fc1c149afbf4c8996fb92427ae41e4649b934ca495991b7852b855	0	file	/hy-tmp/hf_cache/hub/.locks/models--textattack--bert-base-uncased-MRPC/fb140275c155a9c7c5a3b3e0e77a9e839594a938.lock	hy-tmp/hf_cache/hub/.locks/models--textattack--bert-base-uncased-MRPC/fb140275c155a9c7c5a3b3e0e77a9e839594a938.lock
e3b0c44298fc1c149afbf4c8996fb92427ae41e4649b934ca495991b7852b855	0	file	/hy-tmp/hf_cache/hub/.locks/models--yoshitomo-matsubara--bert-large-uncased-mrpc/1469088b44d8131c74c4b38a7626406e625d721f.lock	hy-tmp/hf_cache/hub/.locks/models--yoshitomo-matsubara--bert-large-uncased-mrpc/1469088b44d8131c74c4b38a7626406e625d721f.lock
e3b0c44298fc1c149afbf4c8996fb92427ae41e4649b934ca495991b7852b855	0	file	/hy-tmp/hf_cache/hub/.locks/models--yoshitomo-matsubara--bert-large-uncased-mrpc/575de833b333f909981199fcfeab053fdf16f757.lock	hy-tmp/hf_cache/hub/.locks/models--yoshitomo-matsubara--bert-large-uncased-mrpc/575de833b333f909981199fcfeab053fdf16f757.lock
e3b0c44298fc1c149afbf4c8996fb92427ae41e4649b934ca495991b7852b855	0	file	/hy-tmp/hf_cache/hub/.locks/models--yoshitomo-matsubara--bert-large-uncased-mrpc/6e9dbdeeb21acef712a574d19ef4b936f5f4ab4839321349cccad3028a721441.lock	hy-tmp/hf_cache/hub/.locks/models--yoshitomo-matsubara--bert-large-uncased-mrpc/6e9dbdeeb21acef712a574d19ef4b936f5f4ab4839321349cccad3028a721441.lock
e3b0c44298fc1c149afbf4c8996fb92427ae41e4649b934ca495991b7852b855	0	file	/hy-tmp/hf_cache/hub/.locks/models--yoshitomo-matsubara--bert-large-uncased-mrpc/ba44d1639f1418eb1825cff9f75390a53429e849.lock	hy-tmp/hf_cache/hub/.locks/models--yoshitomo-matsubara--bert-large-uncased-mrpc/ba44d1639f1418eb1825cff9f75390a53429e849.lock
e3b0c44298fc1c149afbf4c8996fb92427ae41e4649b934ca495991b7852b855	0	file	/hy-tmp/hf_cache/hub/.locks/models--yoshitomo-matsubara--bert-large-uncased-mrpc/e7b0375001f109a6b8873d756ad4f7bbb15fbaa5.lock	hy-tmp/hf_cache/hub/.locks/models--yoshitomo-matsubara--bert-large-uncased-mrpc/e7b0375001f109a6b8873d756ad4f7bbb15fbaa5.lock
e3b0c44298fc1c149afbf4c8996fb92427ae41e4649b934ca495991b7852b855	0	file	/hy-tmp/hf_cache/hub/.locks/models--yoshitomo-matsubara--bert-large-uncased-mrpc/fb140275c155a9c7c5a3b3e0e77a9e839594a938.lock	hy-tmp/hf_cache/hub/.locks/models--yoshitomo-matsubara--bert-large-uncased-mrpc/fb140275c155a9c7c5a3b3e0e77a9e839594a938.lock
e3b0c44298fc1c149afbf4c8996fb92427ae41e4649b934ca495991b7852b855	0	file	/hy-tmp/hf_cache/hub/datasets--nyu-mll--glue/.no_exist/bcdcba79d07bc864c1c254ccfcedcce55bcc9a8c/.huggingface.yaml	hy-tmp/hf_cache/hub/datasets--nyu-mll--glue/.no_exist/bcdcba79d07bc864c1c254ccfcedcce55bcc9a8c/.huggingface.yaml
e3b0c44298fc1c149afbf4c8996fb92427ae41e4649b934ca495991b7852b855	0	file	/hy-tmp/hf_cache/hub/datasets--nyu-mll--glue/.no_exist/bcdcba79d07bc864c1c254ccfcedcce55bcc9a8c/dataset_infos.json	hy-tmp/hf_cache/hub/datasets--nyu-mll--glue/.no_exist/bcdcba79d07bc864c1c254ccfcedcce55bcc9a8c/dataset_infos.json
e3b0c44298fc1c149afbf4c8996fb92427ae41e4649b934ca495991b7852b855	0	file	/hy-tmp/hf_cache/hub/datasets--nyu-mll--glue/.no_exist/bcdcba79d07bc864c1c254ccfcedcce55bcc9a8c/glue.py	hy-tmp/hf_cache/hub/datasets--nyu-mll--glue/.no_exist/bcdcba79d07bc864c1c254ccfcedcce55bcc9a8c/glue.py
073f689c80fc6b3366d583eb570a05be2140b01ff2fdd706c416e14d0d2d5d5a	35296	file	/hy-tmp/hf_cache/hub/datasets--nyu-mll--glue/blobs/274c0b2c4c5524fe09285a8b7d945fe98a1dfe7a	hy-tmp/hf_cache/hub/datasets--nyu-mll--glue/blobs/274c0b2c4c5524fe09285a8b7d945fe98a1dfe7a
33c007dbf5bfa8463d87a13e6226df8c0fcf2596c2cd39d0f3bb79754e00f50f	75678	file	/hy-tmp/hf_cache/hub/datasets--nyu-mll--glue/blobs/33c007dbf5bfa8463d87a13e6226df8c0fcf2596c2cd39d0f3bb79754e00f50f	hy-tmp/hf_cache/hub/datasets--nyu-mll--glue/blobs/33c007dbf5bfa8463d87a13e6226df8c0fcf2596c2cd39d0f3bb79754e00f50f
61fd41301e0e244b0420c4350a170c8e7cf64740335fc875a4af2d79af0df0af	649281	file	/hy-tmp/hf_cache/hub/datasets--nyu-mll--glue/blobs/61fd41301e0e244b0420c4350a170c8e7cf64740335fc875a4af2d79af0df0af	hy-tmp/hf_cache/hub/datasets--nyu-mll--glue/blobs/61fd41301e0e244b0420c4350a170c8e7cf64740335fc875a4af2d79af0df0af
a623ed1cbdf445b11f8e249acbf649d7d3a5ee58c918554c40cbd8307e488693	308441	file	/hy-tmp/hf_cache/hub/datasets--nyu-mll--glue/blobs/a623ed1cbdf445b11f8e249acbf649d7d3a5ee58c918554c40cbd8307e488693	hy-tmp/hf_cache/hub/datasets--nyu-mll--glue/blobs/a623ed1cbdf445b11f8e249acbf649d7d3a5ee58c918554c40cbd8307e488693
89f37dd958a1d1a54613ca01cdaf6dd582f6ee0c6c6f33eb44c38ff8dc2527f7	40	file	/hy-tmp/hf_cache/hub/datasets--nyu-mll--glue/refs/main	hy-tmp/hf_cache/hub/datasets--nyu-mll--glue/refs/main
f354a12fce1bcba14f232869ab5ec8eb6e91651f882896532db34a5d883dcd79	52	symlink	/hy-tmp/hf_cache/hub/datasets--nyu-mll--glue/snapshots/bcdcba79d07bc864c1c254ccfcedcce55bcc9a8c/README.md	hy-tmp/hf_cache/hub/datasets--nyu-mll--glue/snapshots/bcdcba79d07bc864c1c254ccfcedcce55bcc9a8c/README.md
81f103e00201d9e905293aa7a2fc17474a5cf9cca710ded9f9cc556c3ad29e41	79	symlink	/hy-tmp/hf_cache/hub/datasets--nyu-mll--glue/snapshots/bcdcba79d07bc864c1c254ccfcedcce55bcc9a8c/mrpc/test-00000-of-00001.parquet	hy-tmp/hf_cache/hub/datasets--nyu-mll--glue/snapshots/bcdcba79d07bc864c1c254ccfcedcce55bcc9a8c/mrpc/test-00000-of-00001.parquet
fb0b8ae7a413ca022dbf9b904d07c251374d5b49ae776a531192aa1f58d0ec24	79	symlink	/hy-tmp/hf_cache/hub/datasets--nyu-mll--glue/snapshots/bcdcba79d07bc864c1c254ccfcedcce55bcc9a8c/mrpc/train-00000-of-00001.parquet	hy-tmp/hf_cache/hub/datasets--nyu-mll--glue/snapshots/bcdcba79d07bc864c1c254ccfcedcce55bcc9a8c/mrpc/train-00000-of-00001.parquet
08e7c24e7d7edd93ff17790f8933a6f6c4d2120c9c7ce93e3d4c6c7d9bf3dd0d	79	symlink	/hy-tmp/hf_cache/hub/datasets--nyu-mll--glue/snapshots/bcdcba79d07bc864c1c254ccfcedcce55bcc9a8c/mrpc/validation-00000-of-00001.parquet	hy-tmp/hf_cache/hub/datasets--nyu-mll--glue/snapshots/bcdcba79d07bc864c1c254ccfcedcce55bcc9a8c/mrpc/validation-00000-of-00001.parquet
e3b0c44298fc1c149afbf4c8996fb92427ae41e4649b934ca495991b7852b855	0	file	/hy-tmp/hf_cache/hub/models--textattack--bert-base-uncased-MRPC/.no_exist/d421614df8fbeb22d6826a24d6397809fdc1e3ff/added_tokens.json	hy-tmp/hf_cache/hub/models--textattack--bert-base-uncased-MRPC/.no_exist/d421614df8fbeb22d6826a24d6397809fdc1e3ff/added_tokens.json
e3b0c44298fc1c149afbf4c8996fb92427ae41e4649b934ca495991b7852b855	0	file	/hy-tmp/hf_cache/hub/models--textattack--bert-base-uncased-MRPC/.no_exist/d421614df8fbeb22d6826a24d6397809fdc1e3ff/model.safetensors	hy-tmp/hf_cache/hub/models--textattack--bert-base-uncased-MRPC/.no_exist/d421614df8fbeb22d6826a24d6397809fdc1e3ff/model.safetensors
e3b0c44298fc1c149afbf4c8996fb92427ae41e4649b934ca495991b7852b855	0	file	/hy-tmp/hf_cache/hub/models--textattack--bert-base-uncased-MRPC/.no_exist/d421614df8fbeb22d6826a24d6397809fdc1e3ff/model.safetensors.index.json	hy-tmp/hf_cache/hub/models--textattack--bert-base-uncased-MRPC/.no_exist/d421614df8fbeb22d6826a24d6397809fdc1e3ff/model.safetensors.index.json
e3b0c44298fc1c149afbf4c8996fb92427ae41e4649b934ca495991b7852b855	0	file	/hy-tmp/hf_cache/hub/models--textattack--bert-base-uncased-MRPC/.no_exist/d421614df8fbeb22d6826a24d6397809fdc1e3ff/tokenizer.json	hy-tmp/hf_cache/hub/models--textattack--bert-base-uncased-MRPC/.no_exist/d421614df8fbeb22d6826a24d6397809fdc1e3ff/tokenizer.json
21a7986a9000bb97d11204644f03ffe41975bc2686fd487052159709fa21c2ad	437985387	file	/hy-tmp/hf_cache/hub/models--textattack--bert-base-uncased-MRPC/blobs/21a7986a9000bb97d11204644f03ffe41975bc2686fd487052159709fa21c2ad	hy-tmp/hf_cache/hub/models--textattack--bert-base-uncased-MRPC/blobs/21a7986a9000bb97d11204644f03ffe41975bc2686fd487052159709fa21c2ad
5898841c59dce93a7f961a09657d232bd9b52c19941becbea631bee08250b43a	516	file	/hy-tmp/hf_cache/hub/models--textattack--bert-base-uncased-MRPC/blobs/902fcccfb6813a28e7a9b37f6f70db70d873fda9	hy-tmp/hf_cache/hub/models--textattack--bert-base-uncased-MRPC/blobs/902fcccfb6813a28e7a9b37f6f70db70d873fda9
a025160ef0431f1a392f6f050c1310f4c5d9fb6f275932dbccba73c4d214bf10	48	file	/hy-tmp/hf_cache/hub/models--textattack--bert-base-uncased-MRPC/blobs/e5c73d8a50df1f56fb5b0b8002d7cf4010afdccb	hy-tmp/hf_cache/hub/models--textattack--bert-base-uncased-MRPC/blobs/e5c73d8a50df1f56fb5b0b8002d7cf4010afdccb
303df45a03609e4ead04bc3dc1536d0ab19b5358db685b6f3da123d05ec200e3	112	file	/hy-tmp/hf_cache/hub/models--textattack--bert-base-uncased-MRPC/blobs/e7b0375001f109a6b8873d756ad4f7bbb15fbaa5	hy-tmp/hf_cache/hub/models--textattack--bert-base-uncased-MRPC/blobs/e7b0375001f109a6b8873d756ad4f7bbb15fbaa5
07eced375cec144d27c900241f3e339478dec958f92fddbc551f295c992038a3	231508	file	/hy-tmp/hf_cache/hub/models--textattack--bert-base-uncased-MRPC/blobs/fb140275c155a9c7c5a3b3e0e77a9e839594a938	hy-tmp/hf_cache/hub/models--textattack--bert-base-uncased-MRPC/blobs/fb140275c155a9c7c5a3b3e0e77a9e839594a938
6ac6c591c48c71e46087eb79ada459b4fc5915172bcd9e6c78493d7ca843b75d	40	file	/hy-tmp/hf_cache/hub/models--textattack--bert-base-uncased-MRPC/refs/main	hy-tmp/hf_cache/hub/models--textattack--bert-base-uncased-MRPC/refs/main
0ab2698a40054d2472002b3a470c49771a551501ee4455ba27744d03c95ab54f	52	symlink	/hy-tmp/hf_cache/hub/models--textattack--bert-base-uncased-MRPC/snapshots/d421614df8fbeb22d6826a24d6397809fdc1e3ff/config.json	hy-tmp/hf_cache/hub/models--textattack--bert-base-uncased-MRPC/snapshots/d421614df8fbeb22d6826a24d6397809fdc1e3ff/config.json
df430f6dcb2e4f9c17de5d81fe36ad42a42b6689cc6fae7a06a883247c537afc	76	symlink	/hy-tmp/hf_cache/hub/models--textattack--bert-base-uncased-MRPC/snapshots/d421614df8fbeb22d6826a24d6397809fdc1e3ff/pytorch_model.bin	hy-tmp/hf_cache/hub/models--textattack--bert-base-uncased-MRPC/snapshots/d421614df8fbeb22d6826a24d6397809fdc1e3ff/pytorch_model.bin
11ad07c5056c38287bb2b104d416c197017495b56e84f6e32eeafceca52c6590	52	symlink	/hy-tmp/hf_cache/hub/models--textattack--bert-base-uncased-MRPC/snapshots/d421614df8fbeb22d6826a24d6397809fdc1e3ff/special_tokens_map.json	hy-tmp/hf_cache/hub/models--textattack--bert-base-uncased-MRPC/snapshots/d421614df8fbeb22d6826a24d6397809fdc1e3ff/special_tokens_map.json
31e17ed197d53d812bc20665250ad082c0a6ef4d28e0bb275539ab20db8a65d5	52	symlink	/hy-tmp/hf_cache/hub/models--textattack--bert-base-uncased-MRPC/snapshots/d421614df8fbeb22d6826a24d6397809fdc1e3ff/tokenizer_config.json	hy-tmp/hf_cache/hub/models--textattack--bert-base-uncased-MRPC/snapshots/d421614df8fbeb22d6826a24d6397809fdc1e3ff/tokenizer_config.json
34103d79c1bda1953ff2c3cbef70fcc0e22a72971463083a38b9c47e75bdeb67	52	symlink	/hy-tmp/hf_cache/hub/models--textattack--bert-base-uncased-MRPC/snapshots/d421614df8fbeb22d6826a24d6397809fdc1e3ff/vocab.txt	hy-tmp/hf_cache/hub/models--textattack--bert-base-uncased-MRPC/snapshots/d421614df8fbeb22d6826a24d6397809fdc1e3ff/vocab.txt
e3b0c44298fc1c149afbf4c8996fb92427ae41e4649b934ca495991b7852b855	0	file	/hy-tmp/hf_cache/hub/models--yoshitomo-matsubara--bert-large-uncased-mrpc/.no_exist/187657a5c43638d551bb61885b813348b9d91a51/added_tokens.json	hy-tmp/hf_cache/hub/models--yoshitomo-matsubara--bert-large-uncased-mrpc/.no_exist/187657a5c43638d551bb61885b813348b9d91a51/added_tokens.json
7596a98f24ffe51a752520e6d4b5efe69089e80fa7990a619bdd949545787666	304	file	/hy-tmp/hf_cache/hub/models--yoshitomo-matsubara--bert-large-uncased-mrpc/blobs/1469088b44d8131c74c4b38a7626406e625d721f	hy-tmp/hf_cache/hub/models--yoshitomo-matsubara--bert-large-uncased-mrpc/blobs/1469088b44d8131c74c4b38a7626406e625d721f
9720ec9f57683b9b2abe85ef7958a4d90c1769df357d0f44516a4919f476db08	466132	file	/hy-tmp/hf_cache/hub/models--yoshitomo-matsubara--bert-large-uncased-mrpc/blobs/575de833b333f909981199fcfeab053fdf16f757	hy-tmp/hf_cache/hub/models--yoshitomo-matsubara--bert-large-uncased-mrpc/blobs/575de833b333f909981199fcfeab053fdf16f757
6e9dbdeeb21acef712a574d19ef4b936f5f4ab4839321349cccad3028a721441	1340626952	file	/hy-tmp/hf_cache/hub/models--yoshitomo-matsubara--bert-large-uncased-mrpc/blobs/6e9dbdeeb21acef712a574d19ef4b936f5f4ab4839321349cccad3028a721441	hy-tmp/hf_cache/hub/models--yoshitomo-matsubara--bert-large-uncased-mrpc/blobs/6e9dbdeeb21acef712a574d19ef4b936f5f4ab4839321349cccad3028a721441
2df9d76487e98bc2039c0e2a773034bc79a49c8f861f2936bca61352e6fe7953	699	file	/hy-tmp/hf_cache/hub/models--yoshitomo-matsubara--bert-large-uncased-mrpc/blobs/ba44d1639f1418eb1825cff9f75390a53429e849	hy-tmp/hf_cache/hub/models--yoshitomo-matsubara--bert-large-uncased-mrpc/blobs/ba44d1639f1418eb1825cff9f75390a53429e849
303df45a03609e4ead04bc3dc1536d0ab19b5358db685b6f3da123d05ec200e3	112	file	/hy-tmp/hf_cache/hub/models--yoshitomo-matsubara--bert-large-uncased-mrpc/blobs/e7b0375001f109a6b8873d756ad4f7bbb15fbaa5	hy-tmp/hf_cache/hub/models--yoshitomo-matsubara--bert-large-uncased-mrpc/blobs/e7b0375001f109a6b8873d756ad4f7bbb15fbaa5
07eced375cec144d27c900241f3e339478dec958f92fddbc551f295c992038a3	231508	file	/hy-tmp/hf_cache/hub/models--yoshitomo-matsubara--bert-large-uncased-mrpc/blobs/fb140275c155a9c7c5a3b3e0e77a9e839594a938	hy-tmp/hf_cache/hub/models--yoshitomo-matsubara--bert-large-uncased-mrpc/blobs/fb140275c155a9c7c5a3b3e0e77a9e839594a938
c75b2f118b486494294e0c4be9740620104a74d5091d36ad9858eb06f5c20a63	40	file	/hy-tmp/hf_cache/hub/models--yoshitomo-matsubara--bert-large-uncased-mrpc/refs/main	hy-tmp/hf_cache/hub/models--yoshitomo-matsubara--bert-large-uncased-mrpc/refs/main
7d25ec85510c09d4322806f3fce03fd6a4f5d57f59a4000b614832ec30e6d877	52	symlink	/hy-tmp/hf_cache/hub/models--yoshitomo-matsubara--bert-large-uncased-mrpc/snapshots/187657a5c43638d551bb61885b813348b9d91a51/config.json	hy-tmp/hf_cache/hub/models--yoshitomo-matsubara--bert-large-uncased-mrpc/snapshots/187657a5c43638d551bb61885b813348b9d91a51/config.json
1d529ddbefd08282db51b7ebc563c70d49fdecdabebd2caa98755237c33353cb	76	symlink	/hy-tmp/hf_cache/hub/models--yoshitomo-matsubara--bert-large-uncased-mrpc/snapshots/187657a5c43638d551bb61885b813348b9d91a51/model.safetensors	hy-tmp/hf_cache/hub/models--yoshitomo-matsubara--bert-large-uncased-mrpc/snapshots/187657a5c43638d551bb61885b813348b9d91a51/model.safetensors
11ad07c5056c38287bb2b104d416c197017495b56e84f6e32eeafceca52c6590	52	symlink	/hy-tmp/hf_cache/hub/models--yoshitomo-matsubara--bert-large-uncased-mrpc/snapshots/187657a5c43638d551bb61885b813348b9d91a51/special_tokens_map.json	hy-tmp/hf_cache/hub/models--yoshitomo-matsubara--bert-large-uncased-mrpc/snapshots/187657a5c43638d551bb61885b813348b9d91a51/special_tokens_map.json
30383e8b0e3353701106d2b7b97986a65aad7c32c7066244ea62e12b21864962	52	symlink	/hy-tmp/hf_cache/hub/models--yoshitomo-matsubara--bert-large-uncased-mrpc/snapshots/187657a5c43638d551bb61885b813348b9d91a51/tokenizer.json	hy-tmp/hf_cache/hub/models--yoshitomo-matsubara--bert-large-uncased-mrpc/snapshots/187657a5c43638d551bb61885b813348b9d91a51/tokenizer.json
26a3ba983396955d6620611f736bf39478a31ef046a605b2093f5d92de805f94	52	symlink	/hy-tmp/hf_cache/hub/models--yoshitomo-matsubara--bert-large-uncased-mrpc/snapshots/187657a5c43638d551bb61885b813348b9d91a51/tokenizer_config.json	hy-tmp/hf_cache/hub/models--yoshitomo-matsubara--bert-large-uncased-mrpc/snapshots/187657a5c43638d551bb61885b813348b9d91a51/tokenizer_config.json
34103d79c1bda1953ff2c3cbef70fcc0e22a72971463083a38b9c47e75bdeb67	52	symlink	/hy-tmp/hf_cache/hub/models--yoshitomo-matsubara--bert-large-uncased-mrpc/snapshots/187657a5c43638d551bb61885b813348b9d91a51/vocab.txt	hy-tmp/hf_cache/hub/models--yoshitomo-matsubara--bert-large-uncased-mrpc/snapshots/187657a5c43638d551bb61885b813348b9d91a51/vocab.txt
6b86b273ff34fce19d6b804eff5a3f5747ada4eaa22f1d49c01e52ddb7875b4b	1	file	/hy-tmp/hf_cache/hub/version.txt	hy-tmp/hf_cache/hub/version.txt
