da71f22de828b7d0db45c884305bf21059771b9097976989688d0ed28abebbb5	README.md
921f57c69d2bc4137b0d8bed99df9101bbc167212ea4b0313031e56cfef3345b	capture_server_state.py
6422cc7b03fdc865ea8a7510099237283a13246907ee3ce60744ff70eb6f3056	capture_summary.json
cf40f08b20b6b2b0f80b1a613bf7a62dabdbb8a4da6455d51e4a6e3f3568d6ea	git_worktrees.tsv
28886b41ca23fbd37e3c06ac10408ef1f9969c202d3991bf7e515e8cd96c13b9	git_refs.tsv
09f813122ec2a9dc5311807bbe12dd46230a546d6320069f1759b2d41372c442	ignored_cache_summary.tsv
4756741e49fc31f379cb96eda7bb2920f82cab52bfd4cbad1c050732d25bce4e	hy_tmp_top_level_inventory.tsv
a09b68e26a8c7c3db8a8af19b04a952521667b7db6ac9686185fccc5119eaa65	payload_manifest.tsv
d571a249bf1c2b2269b8ad818a5271ce37f91b6d387b5010c1808fd882f5fe4a	payload_paths.null
6abf5a0efd9eadc5ca08dfc9a70610f8d901b00f0ee9be82e7eb5ad388f64191	payload_paths.txt
9b2a576b567f1a08e19e0747c5b9a02d7a81fdd790ff725ab79a9bd64b088163	hf_cache_manifest.tsv
f9e009029fc4d4962468a0e38c162d43d6433e9618ce9af66446d999b6355fee	hf_cache_sources.json
37517e5f3dc66819f61f5a7bb8ace1921282415f10551d2defa5c3eb0985b570	project_processes.json
d69658bf0289330100e258eb00a4805af118eb5229b1165aba51c3c8ade13b95	system_snapshot.txt
dbe29919f100ef0846f66d8f4bd0cf756891151871844193863ded0c3ea7f79c	gpu_inventory.txt
3866ba829caae41ea36c09e1e423dfbc29ef95c1655db6b5db14c56965ee27e7	restore.sh
