model,scope,category,n_total,pct_zero,n_abs_gt_1,pct_abs_gt_1,n_abs_gt_10,pct_abs_gt_10,min,max,maxabs,"pct_(1e-08,1e-07]","pct_(1e-07,1e-06]","pct_(1e-06,1e-05]","pct_(1e-05,1e-04]","pct_(1e-04,1e-03]","pct_(1e-03,1e-02]","pct_(1e-02,1e-01]","pct_(1e-01,1e+00]","pct_(1e+00,1e+01]","pct_(1e+01,1e+02]","pct_(1e+02,1e+03]"
GPT2-Medium,ALL,Attn/O/bias,24576,0.0,21,0.08544921875,0,0.0,-1.6493372917175293,3.942901849746704,3.942901849746704,0.0,0.004069010416666666,0.008138020833333332,0.08138020833333334,0.87890625,8.927408854166668,58.846028645833336,31.168619791666668,0.08544921875,0.0,0.0
GPT2-Medium,ALL,Attn/O/weight,25165824,0.0,5257,0.020889441172281902,0,0.0,-9.32827377319336,9.253884315490723,9.32827377319336,0.00010331471761067708,0.0009059906005859375,0.009429454803466797,0.09063482284545898,0.9093562761942545,9.023690223693848,64.82277313868204,25.122217337290447,0.0208894411722819,0.0,0.0
GPT2-Medium,ALL,Attn/QKV/bias,73728,0.0,41,0.055609809027777776,0,0.0,-1.4716742038726807,1.5480748414993286,1.5480748414993286,0.0,0.0013563368055555555,0.03662109375,0.2468532986111111,2.30712890625,20.765516493055554,60.9619140625,15.625,0.055609809027777776,0.0,0.0
GPT2-Medium,ALL,Attn/QKV/weight,75497472,0.0,2914,0.0038597318861219618,0,0.0,-2.920058488845825,2.699282169342041,2.920058488845825,8.609559800889758e-05,0.0006927384270562066,0.007461176978217231,0.07351769341362847,0.7341610060797797,7.280853059556749,58.24259254667494,33.6567759513855,0.0038597318861219618,0.0,0.0
GPT2-Medium,ALL,Classifier/weight,2048,0.0,0,0.0,0,0.0,-0.06222129613161087,0.08362584561109543,0.08362584561109543,0.0,0.0,0.048828125,0.1953125,2.783203125,36.474609375,60.498046875,0.0,0.0,0.0,0.0
GPT2-Medium,ALL,Embeddings/wpe/weight,1048576,0.0,6,0.00057220458984375,0,0.0,-2.5235557556152344,2.589125394821167,2.589125394821167,0.001430511474609375,0.016689300537109375,0.13523101806640625,1.3988494873046875,14.034366607666016,69.83661651611328,12.769889831542969,1.8063545227050781,0.00057220458984375,0.0,0.0
GPT2-Medium,ALL,Embeddings/wte/weight,51463168,0.0,114,0.00022151764928268698,0,0.0,-1.3290700912475586,0.9381266236305237,1.3290700912475586,6.800980460433373e-05,0.0006451215751039656,0.006348229475495951,0.06452770260859184,0.6482092202330023,6.456244590305828,55.55102243219851,37.272713176149594,0.000221517649282687,0.0,0.0
GPT2-Medium,ALL,FFN/Intermediate/bias,98304,0.0,6,0.006103515625,0,0.0,-1.425657868385315,1.731412410736084,1.731412410736084,0.0,0.0,0.010172526041666668,0.0640869140625,0.6032307942708333,6.022135416666666,68.00435384114584,25.2899169921875,0.006103515625,0.0,0.0
GPT2-Medium,ALL,FFN/Intermediate/weight,100663296,0.0,1208,0.0012000401814778645,0,0.0,-4.972433090209961,5.147237300872803,5.147237300872803,7.152557373046875e-05,0.0006973743438720703,0.006997585296630859,0.07001161575317383,0.7009893655776978,6.988142927487691,58.80142947038015,33.43046009540558,0.0012000401814778647,0.0,0.0
GPT2-Medium,ALL,FFN/Output/bias,24576,0.0,36,0.146484375,0,0.0,-2.4375016689300537,2.6941170692443848,2.6941170692443848,0.0,0.0,0.020345052083333336,0.052897135416666664,0.7080078125,7.31201171875,59.883626302083336,31.876627604166668,0.146484375,0.0,0.0
GPT2-Medium,ALL,FFN/Output/weight,100663296,0.0,8328,0.008273124694824219,13,1.2914339701334635e-05,-19.051124572753906,16.643083572387695,19.051124572753906,8.64267349243164e-05,0.000766913096110026,0.00764926274617513,0.07710854212443033,0.7739315430323284,7.677062352498372,60.70922017097473,30.745901664098103,0.008260210355122883,1.2914339701334635e-05,0.0
GPT2-Medium,ALL,LayerNorm/ln_1/bias,24576,0.0,11,0.044759114583333336,0,0.0,-1.3325612545013428,1.2935925722122192,1.3325612545013428,0.0,0.0,0.04475911458333333,0.32552083333333337,3.5400390625,29.862467447916668,64.97395833333334,1.20849609375,0.04475911458333333,0.0,0.0
GPT2-Medium,ALL,LayerNorm/ln_1/weight,24576,0.0,2,0.008138020833333334,0,0.0,0.018239235505461693,1.0611873865127563,1.0611873865127563,0.0,0.0,0.0,0.0,0.0,0.0,4.341634114583334,95.65022786458334,0.008138020833333332,0.0,0.0
GPT2-Medium,ALL,LayerNorm/ln_2/bias,24576,0.0,0,0.0,0,0.0,-0.9052333235740662,0.9189859628677368,0.9189859628677368,0.0,0.004069010416666666,0.03255208333333333,0.244140625,2.8076171875,27.408854166666668,67.56591796875,1.9368489583333333,0.0,0.0,0.0
GPT2-Medium,ALL,LayerNorm/ln_2/weight,24576,0.0,17,0.06917317708333333,0,0.0,-0.00027418151148594916,1.425731897354126,1.425731897354126,0.0,0.0,0.004069010416666666,0.008138020833333332,0.020345052083333336,0.016276041666666664,0.45166015625,99.43033854166666,0.06917317708333334,0.0,0.0
GPT2-Medium,ALL,LayerNorm/ln_f/bias,1024,0.0,7,0.68359375,0,0.0,-9.093404769897461,2.747741460800171,9.093404769897461,0.0,0.0,0.0,0.09765625,1.07421875,8.88671875,63.96484375,25.29296875,0.68359375,0.0,0.0
GPT2-Medium,ALL,LayerNorm/ln_f/weight,1024,0.0,1015,99.12109375,5,0.48828125,0.016006598249077797,19.212846755981445,19.212846755981445,0.0,0.0,0.0,0.0,0.0,0.0,0.09765625,0.78125,98.6328125,0.48828125,0.0
GPT2-Medium,L0,Attn/O/bias,1024,0.0,0,0.0,0,0.0,-0.15185372531414032,0.2635491192340851,0.2635491192340851,0.0,0.09765625,0.09765625,0.48828125,3.80859375,42.08984375,53.02734375,0.390625,0.0,0.0,0.0
GPT2-Medium,L0,Attn/O/weight,1048576,0.0,0,0.0,0,0.0,-0.7836160063743591,0.8459680676460266,0.8459680676460266,0.00019073486328125,0.001621246337890625,0.024509429931640625,0.1972198486328125,2.0719528198242188,20.180892944335938,74.86810684204102,2.655506134033203,0.0,0.0,0.0
GPT2-Medium,L0,Attn/QKV/bias,3072,0.0,20,0.6510416666666666,0,0.0,-1.1467496156692505,1.132637858390808,1.1467496156692505,0.0,0.0,0.09765625,1.0416666666666665,7.51953125,32.35677083333333,29.947916666666668,28.385416666666668,0.6510416666666667,0.0,0.0
GPT2-Medium,L0,Attn/QKV/weight,3145728,0.0,2174,0.06910959879557292,0,0.0,-2.920058488845825,2.699282169342041,2.920058488845825,0.00019073486328125,0.0008900960286458334,0.009123484293619793,0.09241104125976562,0.918738047281901,9.051227569580078,54.29633458455404,35.561974843343094,0.06910959879557291,0.0,0.0
GPT2-Medium,L0,FFN/Intermediate/bias,4096,0.0,0,0.0,0,0.0,-0.3161960542201996,0.8380845785140991,0.8380845785140991,0.0,0.0,0.0,0.0732421875,0.4638671875,3.9306640625,47.94921875,47.5830078125,0.0,0.0,0.0
GPT2-Medium,L0,FFN/Intermediate/weight,4194304,0.0,11,0.00026226043701171875,0,0.0,-1.3107044696807861,1.803545355796814,1.803545355796814,7.152557373046875e-05,0.0007390975952148438,0.006556510925292969,0.07488727569580078,0.7438421249389648,7.352304458618164,60.08331775665283,31.73801898956299,0.00026226043701171875,0.0,0.0
GPT2-Medium,L0,FFN/Output/bias,1024,0.0,2,0.1953125,0,0.0,-2.3660190105438232,1.436981201171875,2.3660190105438232,0.0,0.0,0.0,0.0,0.48828125,7.51953125,58.10546875,33.69140625,0.1953125,0.0,0.0
GPT2-Medium,L0,FFN/Output/weight,4194304,0.0,325,0.007748603820800781,0,0.0,-4.665096282958984,4.029761791229248,4.665096282958984,0.0001430511474609375,0.0009059906005859375,0.008630752563476562,0.09064674377441406,0.9187698364257812,9.130406379699707,68.6964750289917,21.146273612976074,0.007748603820800781,0.0,0.0
GPT2-Medium,L0,LayerNorm/ln_1/bias,1024,0.0,0,0.0,0,0.0,-0.11543764919042587,0.15082041919231415,0.15082041919231415,0.0,0.0,0.29296875,1.7578125,10.7421875,45.60546875,41.40625,0.1953125,0.0,0.0,0.0
GPT2-Medium,L0,LayerNorm/ln_1/weight,1024,0.0,0,0.0,0,0.0,0.018239235505461693,0.08618820458650589,0.08618820458650589,0.0,0.0,0.0,0.0,0.0,0.0,100.0,0.0,0.0,0.0,0.0
GPT2-Medium,L0,LayerNorm/ln_2/bias,1024,0.0,0,0.0,0,0.0,-0.4211500287055969,0.3811386227607727,0.4211500287055969,0.0,0.0,0.0,0.0,0.68359375,7.421875,70.41015625,21.484375,0.0,0.0,0.0
GPT2-Medium,L0,LayerNorm/ln_2/weight,1024,0.0,0,0.0,0,0.0,0.032202642410993576,0.345903217792511,0.345903217792511,0.0,0.0,0.0,0.0,0.0,0.0,1.66015625,98.33984375,0.0,0.0,0.0
GPT2-Medium,L10,Attn/O/bias,1024,0.0,0,0.0,0,0.0,-0.6658505201339722,0.28731846809387207,0.6658505201339722,0.0,0.0,0.0,0.0,0.5859375,11.42578125,67.28515625,20.703125,0.0,0.0,0.0
GPT2-Medium,L10,Attn/O/weight,1048576,0.0,240,0.02288818359375,0,0.0,-4.428590774536133,5.4378132820129395,5.4378132820129395,0.0,0.00095367431640625,0.0087738037109375,0.084686279296875,0.8650779724121094,8.508586883544922,65.76166152954102,24.747371673583984,0.02288818359375,0.0,0.0
GPT2-Medium,L10,Attn/QKV/bias,3072,0.0,2,0.06510416666666667,0,0.0,-1.1324089765548706,1.0769315958023071,1.1324089765548706,0.0,0.0,0.06510416666666666,0.09765625,2.376302083333333,22.591145833333336,60.25390625,14.55078125,0.06510416666666666,0.0,0.0
GPT2-Medium,L10,Attn/QKV/weight,3145728,0.0,13,0.0004132588704427083,0,0.0,-1.0556331872940063,1.4544943571090698,1.4544943571090698,0.00019073486328125,0.0007947285970052084,0.006898244222005208,0.06907780965169272,0.7159868876139324,7.074197133382161,58.13589096069336,33.996550242106125,0.0004132588704427083,0.0,0.0
GPT2-Medium,L10,FFN/Intermediate/bias,4096,0.0,0,0.0,0,0.0,-0.2378581166267395,0.5211941599845886,0.5211941599845886,0.0,0.0,0.0,0.1220703125,0.732421875,7.6904296875,64.2822265625,27.1728515625,0.0,0.0,0.0
GPT2-Medium,L10,FFN/Intermediate/weight,4194304,0.0,16,0.0003814697265625,0,0.0,-2.913623809814453,2.3047075271606445,2.913623809814453,4.76837158203125e-05,0.0007867813110351562,0.007462501525878906,0.07181167602539062,0.7111072540283203,7.083773612976074,59.403109550476074,32.721519470214844,0.0003814697265625,0.0,0.0
GPT2-Medium,L10,FFN/Output/bias,1024,0.0,1,0.09765625,0,0.0,-1.0547122955322266,0.35690614581108093,1.0547122955322266,0.0,0.0,0.0,0.09765625,0.68359375,8.59375,67.96875,22.55859375,0.09765625,0.0,0.0
GPT2-Medium,L10,FFN/Output/weight,4194304,0.0,109,0.0025987625122070312,0,0.0,-4.155615329742432,5.780844688415527,5.780844688415527,4.76837158203125e-05,0.0010013580322265625,0.008058547973632812,0.08187294006347656,0.8283853530883789,8.260178565979004,64.81950283050537,25.998353958129883,0.0025987625122070312,0.0,0.0
GPT2-Medium,L10,LayerNorm/ln_1/bias,1024,0.0,0,0.0,0,0.0,-0.8428576588630676,0.8123911619186401,0.8428576588630676,0.0,0.0,0.0,0.1953125,2.44140625,26.953125,69.43359375,0.9765625,0.0,0.0,0.0
GPT2-Medium,L10,LayerNorm/ln_1/weight,1024,0.0,0,0.0,0,0.0,0.06086933612823486,0.6237913966178894,0.6237913966178894,0.0,0.0,0.0,0.0,0.0,0.0,0.48828125,99.51171875,0.0,0.0,0.0
GPT2-Medium,L10,LayerNorm/ln_2/bias,1024,0.0,0,0.0,0,0.0,-0.7074587941169739,0.4925437867641449,0.7074587941169739,0.0,0.0,0.0,0.09765625,3.02734375,31.640625,64.2578125,0.9765625,0.0,0.0,0.0
GPT2-Medium,L10,LayerNorm/ln_2/weight,1024,0.0,1,0.09765625,0,0.0,0.015485361218452454,1.3280123472213745,1.3280123472213745,0.0,0.0,0.0,0.0,0.0,0.0,0.48828125,99.4140625,0.09765625,0.0,0.0
GPT2-Medium,L11,Attn/O/bias,1024,0.0,0,0.0,0,0.0,-0.38704270124435425,0.3440680205821991,0.38704270124435425,0.0,0.0,0.0,0.09765625,0.48828125,10.25390625,67.08984375,22.0703125,0.0,0.0,0.0
GPT2-Medium,L11,Attn/O/weight,1048576,0.0,128,0.01220703125,0,0.0,-3.1597282886505127,3.4369068145751953,3.4369068145751953,0.000286102294921875,0.000667572021484375,0.00782012939453125,0.081634521484375,0.8207321166992188,8.020782470703125,64.1693115234375,26.886558532714844,0.01220703125,0.0,0.0
GPT2-Medium,L11,Attn/QKV/bias,3072,0.0,0,0.0,0,0.0,-0.612615704536438,0.723283588886261,0.723283588886261,0.0,0.0,0.03255208333333333,0.1953125,2.180989583333333,21.549479166666664,61.653645833333336,14.388020833333334,0.0,0.0,0.0
GPT2-Medium,L11,Attn/QKV/weight,3145728,0.0,42,0.00133514404296875,0,0.0,-1.9726574420928955,2.0228354930877686,2.0228354930877686,6.357828776041666e-05,0.00057220458984375,0.007661183675130208,0.07257461547851562,0.7172902425130208,7.126013437906901,59.14945602416992,32.92503356933594,0.00133514404296875,0.0,0.0
GPT2-Medium,L11,FFN/Intermediate/bias,4096,0.0,0,0.0,0,0.0,-0.2083573192358017,0.521532416343689,0.521532416343689,0.0,0.0,0.0732421875,0.09765625,0.634765625,6.9580078125,66.3330078125,25.9033203125,0.0,0.0,0.0
GPT2-Medium,L11,FFN/Intermediate/weight,4194304,0.0,10,0.0002384185791015625,0,0.0,-2.803575038909912,1.8612936735153198,2.803575038909912,9.5367431640625e-05,0.0007867813110351562,0.006699562072753906,0.07059574127197266,0.7108926773071289,7.014799118041992,59.173011779785156,33.02288055419922,0.0002384185791015625,0.0,0.0
GPT2-Medium,L11,FFN/Output/bias,1024,0.0,1,0.09765625,0,0.0,-1.0420409440994263,0.559650719165802,1.0420409440994263,0.0,0.0,0.1953125,0.0,0.68359375,7.71484375,66.796875,24.51171875,0.09765625,0.0,0.0
GPT2-Medium,L11,FFN/Output/weight,4194304,0.0,83,0.0019788742065429688,0,0.0,-3.081500768661499,3.9262940883636475,3.9262940883636475,4.76837158203125e-05,0.0006914138793945312,0.0080108642578125,0.0804901123046875,0.8020639419555664,7.981276512145996,63.72973918914795,27.39570140838623,0.0019788742065429688,0.0,0.0
GPT2-Medium,L11,LayerNorm/ln_1/bias,1024,0.0,1,0.09765625,0,0.0,-1.3325612545013428,0.7096672058105469,1.3325612545013428,0.0,0.0,0.09765625,0.390625,3.02734375,27.05078125,68.1640625,1.171875,0.09765625,0.0,0.0
GPT2-Medium,L11,LayerNorm/ln_1/weight,1024,0.0,0,0.0,0,0.0,0.08952809870243073,0.6096019148826599,0.6096019148826599,0.0,0.0,0.0,0.0,0.0,0.0,0.1953125,99.8046875,0.0,0.0,0.0
GPT2-Medium,L11,LayerNorm/ln_2/bias,1024,0.0,0,0.0,0,0.0,-0.6163150072097778,0.5088868141174316,0.6163150072097778,0.0,0.0,0.0,0.1953125,3.61328125,34.27734375,60.83984375,1.07421875,0.0,0.0,0.0
GPT2-Medium,L11,LayerNorm/ln_2/weight,1024,0.0,1,0.09765625,0,0.0,0.019283054396510124,1.2695300579071045,1.2695300579071045,0.0,0.0,0.0,0.0,0.0,0.0,0.1953125,99.70703125,0.09765625,0.0,0.0
GPT2-Medium,L12,Attn/O/bias,1024,0.0,1,0.09765625,0,0.0,-1.0243771076202393,0.36336374282836914,1.0243771076202393,0.0,0.0,0.0,0.0,0.48828125,7.8125,63.76953125,27.83203125,0.09765625,0.0,0.0
GPT2-Medium,L12,Attn/O/weight,1048576,0.0,33,0.003147125244140625,0,0.0,-2.6112496852874756,2.1301794052124023,2.6112496852874756,0.0,0.000667572021484375,0.0072479248046875,0.07982254028320312,0.7998466491699219,8.014488220214844,63.79241943359375,27.30236053466797,0.003147125244140625,0.0,0.0
GPT2-Medium,L12,Attn/QKV/bias,3072,0.0,4,0.13020833333333334,0,0.0,-1.4716742038726807,1.5480748414993286,1.5480748414993286,0.0,0.0,0.16276041666666669,0.390625,2.018229166666667,22.591145833333336,61.295572916666664,13.411458333333334,0.13020833333333331,0.0,0.0
GPT2-Medium,L12,Attn/QKV/weight,3145728,0.0,10,0.0003178914388020833,0,0.0,-1.2002246379852295,1.3128771781921387,1.3128771781921387,6.357828776041666e-05,0.0007311503092447917,0.0072479248046875,0.07387797037760416,0.7109324137369792,7.0850372314453125,58.34846496582031,33.7733268737793,0.00031789143880208337,0.0,0.0
GPT2-Medium,L12,FFN/Intermediate/bias,4096,0.0,0,0.0,0,0.0,-0.2717885673046112,0.5363489389419556,0.5363489389419556,0.0,0.0,0.0,0.09765625,0.7568359375,6.5185546875,67.4560546875,25.1708984375,0.0,0.0,0.0
GPT2-Medium,L12,FFN/Intermediate/weight,4194304,0.0,4,9.5367431640625e-05,0,0.0,-2.1464972496032715,2.6388020515441895,2.6388020515441895,4.76837158203125e-05,0.000762939453125,0.006890296936035156,0.07021427154541016,0.702977180480957,7.033967971801758,59.34195518493652,32.84308910369873,9.5367431640625e-05,0.0,0.0
GPT2-Medium,L12,FFN/Output/bias,1024,0.0,0,0.0,0,0.0,-0.792456328868866,0.5246727466583252,0.792456328868866,0.0,0.0,0.0,0.1953125,0.68359375,8.69140625,60.9375,29.4921875,0.0,0.0,0.0
GPT2-Medium,L12,FFN/Output/weight,4194304,0.0,27,0.0006437301635742188,0,0.0,-3.6264874935150146,2.010451555252075,3.6264874935150146,7.152557373046875e-05,0.0009059906005859375,0.007963180541992188,0.07891654968261719,0.7865667343139648,7.829117774963379,62.74757385253906,28.548240661621094,0.0006437301635742188,0.0,0.0
GPT2-Medium,L12,LayerNorm/ln_1/bias,1024,0.0,0,0.0,0,0.0,-0.9656122326850891,0.8551883697509766,0.9656122326850891,0.0,0.0,0.0,0.390625,3.61328125,28.41796875,66.40625,1.171875,0.0,0.0,0.0
GPT2-Medium,L12,LayerNorm/ln_1/weight,1024,0.0,0,0.0,0,0.0,0.07902763038873672,0.6933597326278687,0.6933597326278687,0.0,0.0,0.0,0.0,0.0,0.0,0.09765625,99.90234375,0.0,0.0,0.0
GPT2-Medium,L12,LayerNorm/ln_2/bias,1024,0.0,0,0.0,0,0.0,-0.9052333235740662,0.5214851498603821,0.9052333235740662,0.0,0.0,0.0,0.1953125,3.125,31.640625,64.0625,0.9765625,0.0,0.0,0.0
GPT2-Medium,L12,LayerNorm/ln_2/weight,1024,0.0,1,0.09765625,0,0.0,0.0023491245228797197,1.3379913568496704,1.3379913568496704,0.0,0.0,0.0,0.0,0.0,0.09765625,0.1953125,99.609375,0.09765625,0.0,0.0
GPT2-Medium,L13,Attn/O/bias,1024,0.0,0,0.0,0,0.0,-0.5984689593315125,0.31361404061317444,0.5984689593315125,0.0,0.0,0.0,0.0,0.68359375,7.03125,63.18359375,29.1015625,0.0,0.0,0.0
GPT2-Medium,L13,Attn/O/weight,1048576,0.0,19,0.001811981201171875,0,0.0,-1.6305568218231201,1.6308482885360718,1.6308482885360718,0.000286102294921875,0.001049041748046875,0.008296966552734375,0.08039474487304688,0.8022308349609375,8.185195922851562,64.39456939697266,26.526165008544922,0.001811981201171875,0.0,0.0
GPT2-Medium,L13,Attn/QKV/bias,3072,0.0,7,0.22786458333333334,0,0.0,-1.2570363283157349,1.0898069143295288,1.2570363283157349,0.0,0.0,0.0,0.09765625,2.376302083333333,21.38671875,62.369791666666664,13.541666666666666,0.22786458333333334,0.0,0.0
GPT2-Medium,L13,Attn/QKV/weight,3145728,0.0,38,0.0012079874674479167,0,0.0,-1.9630506038665771,1.4844993352890015,1.9630506038665771,0.00012715657552083332,0.000667572021484375,0.007279713948567708,0.07022221883138022,0.7070541381835938,6.99615478515625,57.87162780761719,34.34565862019856,0.0012079874674479165,0.0,0.0
GPT2-Medium,L13,FFN/Intermediate/bias,4096,0.0,0,0.0,0,0.0,-0.29174140095710754,0.5557329654693604,0.5557329654693604,0.0,0.0,0.0244140625,0.0732421875,0.6103515625,5.95703125,69.2626953125,24.072265625,0.0,0.0,0.0
GPT2-Medium,L13,FFN/Intermediate/weight,4194304,0.0,4,9.5367431640625e-05,0,0.0,-1.8440319299697876,0.9892260432243347,1.8440319299697876,2.384185791015625e-05,0.0005006790161132812,0.007462501525878906,0.06911754608154297,0.6985187530517578,7.013797760009766,59.12289619445801,33.08758735656738,9.5367431640625e-05,0.0,0.0
GPT2-Medium,L13,FFN/Output/bias,1024,0.0,0,0.0,0,0.0,-0.7537936568260193,0.598018229007721,0.7537936568260193,0.0,0.0,0.0,0.1953125,1.07421875,6.73828125,62.98828125,29.00390625,0.0,0.0,0.0
GPT2-Medium,L13,FFN/Output/weight,4194304,0.0,49,0.0011682510375976562,0,0.0,-2.8249142169952393,2.4842207431793213,2.8249142169952393,7.152557373046875e-05,0.0008344650268554688,0.008058547973632812,0.07495880126953125,0.7588863372802734,7.556819915771484,61.56468391418457,30.034518241882324,0.0011682510375976562,0.0,0.0
GPT2-Medium,L13,LayerNorm/ln_1/bias,1024,0.0,1,0.09765625,0,0.0,-1.0265724658966064,0.8553004860877991,1.0265724658966064,0.0,0.0,0.0,0.29296875,3.3203125,33.0078125,62.20703125,1.07421875,0.09765625,0.0,0.0
GPT2-Medium,L13,LayerNorm/ln_1/weight,1024,0.0,0,0.0,0,0.0,0.06949934363365173,0.6897007822990417,0.6897007822990417,0.0,0.0,0.0,0.0,0.0,0.0,0.09765625,99.90234375,0.0,0.0,0.0
GPT2-Medium,L13,LayerNorm/ln_2/bias,1024,0.0,0,0.0,0,0.0,-0.734660267829895,0.5292968153953552,0.734660267829895,0.0,0.0,0.0,0.29296875,3.61328125,31.8359375,63.0859375,1.171875,0.0,0.0,0.0
GPT2-Medium,L13,LayerNorm/ln_2/weight,1024,0.0,1,0.09765625,0,0.0,0.03521448001265526,1.1850098371505737,1.1850098371505737,0.0,0.0,0.0,0.0,0.0,0.0,0.29296875,99.609375,0.09765625,0.0,0.0
GPT2-Medium,L14,Attn/O/bias,1024,0.0,0,0.0,0,0.0,-0.4016074240207672,0.48590269684791565,0.48590269684791565,0.0,0.0,0.0,0.09765625,0.5859375,8.30078125,59.9609375,31.0546875,0.0,0.0,0.0
GPT2-Medium,L14,Attn/O/weight,1048576,0.0,38,0.00362396240234375,0,0.0,-1.8094233274459839,2.3290011882781982,2.3290011882781982,0.0,0.00133514404296875,0.008106231689453125,0.08039474487304688,0.80413818359375,8.033561706542969,64.1758918762207,26.892948150634766,0.00362396240234375,0.0,0.0
GPT2-Medium,L14,Attn/QKV/bias,3072,0.0,3,0.09765625,0,0.0,-1.223055362701416,1.2164109945297241,1.223055362701416,0.0,0.0,0.03255208333333333,0.1953125,1.7903645833333333,19.3359375,62.434895833333336,16.11328125,0.09765625,0.0,0.0
GPT2-Medium,L14,Attn/QKV/weight,3145728,0.0,23,0.0007311503092447916,0,0.0,-1.8402537107467651,1.5138381719589233,1.8402537107467651,6.357828776041666e-05,0.0006357828776041667,0.006930033365885417,0.07047653198242188,0.7124582926432292,7.044474283854167,58.630053202311196,33.534177144368485,0.0007311503092447917,0.0,0.0
GPT2-Medium,L14,FFN/Intermediate/bias,4096,0.0,0,0.0,0,0.0,-0.3859216272830963,0.5814987421035767,0.5814987421035767,0.0,0.0,0.0244140625,0.0,0.6591796875,5.908203125,71.5576171875,21.8505859375,0.0,0.0,0.0
GPT2-Medium,L14,FFN/Intermediate/weight,4194304,0.0,2,4.76837158203125e-05,0,0.0,-2.4039855003356934,0.9177947044372559,2.4039855003356934,9.5367431640625e-05,0.0007390975952148438,0.005888938903808594,0.0682830810546875,0.6940126419067383,6.964731216430664,59.06479358673096,33.20140838623047,4.76837158203125e-05,0.0,0.0
GPT2-Medium,L14,FFN/Output/bias,1024,0.0,0,0.0,0,0.0,-0.7251872420310974,0.6939249634742737,0.7251872420310974,0.0,0.0,0.0,0.0,0.390625,7.91015625,57.6171875,34.08203125,0.0,0.0,0.0
GPT2-Medium,L14,FFN/Output/weight,4194304,0.0,44,0.001049041748046875,0,0.0,-2.077235698699951,2.4196488857269287,2.4196488857269287,9.5367431640625e-05,0.0008106231689453125,0.0074863433837890625,0.07336139678955078,0.723576545715332,7.208776473999023,59.57062244415283,32.41422176361084,0.001049041748046875,0.0,0.0
GPT2-Medium,L14,LayerNorm/ln_1/bias,1024,0.0,1,0.09765625,0,0.0,-0.9749486446380615,1.038508653640747,1.038508653640747,0.0,0.0,0.0,0.1953125,3.7109375,28.90625,65.8203125,1.26953125,0.09765625,0.0,0.0
GPT2-Medium,L14,LayerNorm/ln_1/weight,1024,0.0,0,0.0,0,0.0,0.08624323457479477,0.587225615978241,0.587225615978241,0.0,0.0,0.0,0.0,0.0,0.0,0.09765625,99.90234375,0.0,0.0,0.0
GPT2-Medium,L14,LayerNorm/ln_2/bias,1024,0.0,0,0.0,0,0.0,-0.8094070553779602,0.5322542190551758,0.8094070553779602,0.0,0.0,0.1953125,0.48828125,3.22265625,28.125,66.89453125,1.07421875,0.0,0.0,0.0
GPT2-Medium,L14,LayerNorm/ln_2/weight,1024,0.0,1,0.09765625,0,0.0,0.016089970245957375,1.1987361907958984,1.1987361907958984,0.0,0.0,0.0,0.0,0.0,0.0,0.390625,99.51171875,0.09765625,0.0,0.0
GPT2-Medium,L15,Attn/O/bias,1024,0.0,0,0.0,0,0.0,-0.3845261335372925,0.5239719152450562,0.5239719152450562,0.0,0.0,0.0,0.1953125,0.9765625,6.25,56.25,36.328125,0.0,0.0,0.0
GPT2-Medium,L15,Attn/O/weight,1048576,0.0,18,0.00171661376953125,0,0.0,-1.3431202173233032,1.6108417510986328,1.6108417510986328,0.0,0.000667572021484375,0.006580352783203125,0.07905960083007812,0.762176513671875,7.750225067138672,62.35675811767578,29.042816162109375,0.00171661376953125,0.0,0.0
GPT2-Medium,L15,Attn/QKV/bias,3072,0.0,0,0.0,0,0.0,-0.6035998463630676,0.7034227252006531,0.7034227252006531,0.0,0.0,0.06510416666666666,0.26041666666666663,2.34375,18.684895833333336,62.760416666666664,15.885416666666666,0.0,0.0,0.0
GPT2-Medium,L15,Attn/QKV/weight,3145728,0.0,30,0.00095367431640625,0,0.0,-1.7763992547988892,1.8005363941192627,1.8005363941192627,6.357828776041666e-05,0.0008265177408854166,0.00762939453125,0.07101694742838541,0.7051785786946614,7.027784983317058,58.88872146606445,33.29782485961914,0.00095367431640625,0.0,0.0
GPT2-Medium,L15,FFN/Intermediate/bias,4096,0.0,0,0.0,0,0.0,-0.3157929480075836,0.34126290678977966,0.34126290678977966,0.0,0.0,0.0,0.0244140625,0.5615234375,5.5908203125,68.9208984375,24.90234375,0.0,0.0,0.0
GPT2-Medium,L15,FFN/Intermediate/weight,4194304,0.0,3,7.152557373046875e-05,0,0.0,-3.4201061725616455,1.6171810626983643,3.4201061725616455,9.5367431640625e-05,0.000762939453125,0.007176399230957031,0.06895065307617188,0.7012605667114258,6.943774223327637,58.962321281433105,33.31558704376221,7.152557373046875e-05,0.0,0.0
GPT2-Medium,L15,FFN/Output/bias,1024,0.0,1,0.09765625,0,0.0,-0.8928263187408447,1.0371112823486328,1.0371112823486328,0.0,0.0,0.0,0.0,0.48828125,5.46875,50.390625,43.5546875,0.09765625,0.0,0.0
GPT2-Medium,L15,FFN/Output/weight,4194304,0.0,72,0.00171661376953125,0,0.0,-3.6923065185546875,4.746206283569336,4.746206283569336,2.384185791015625e-05,0.0007152557373046875,0.007319450378417969,0.06661415100097656,0.6874322891235352,6.838679313659668,57.592010498046875,34.80548858642578,0.00171661376953125,0.0,0.0
GPT2-Medium,L15,LayerNorm/ln_1/bias,1024,0.0,1,0.09765625,0,0.0,-1.198850154876709,0.9649067521095276,1.198850154876709,0.0,0.0,0.0,0.29296875,3.3203125,30.95703125,64.0625,1.26953125,0.09765625,0.0,0.0
GPT2-Medium,L15,LayerNorm/ln_1/weight,1024,0.0,0,0.0,0,0.0,0.088978111743927,0.6034696698188782,0.6034696698188782,0.0,0.0,0.0,0.0,0.0,0.0,0.1953125,99.8046875,0.0,0.0,0.0
GPT2-Medium,L15,LayerNorm/ln_2/bias,1024,0.0,0,0.0,0,0.0,-0.6534228920936584,0.5206294655799866,0.6534228920936584,0.0,0.09765625,0.0,0.48828125,2.83203125,27.24609375,68.26171875,1.07421875,0.0,0.0,0.0
GPT2-Medium,L15,LayerNorm/ln_2/weight,1024,0.0,1,0.09765625,0,0.0,0.02994132786989212,1.07541823387146,1.07541823387146,0.0,0.0,0.0,0.0,0.0,0.0,0.390625,99.51171875,0.09765625,0.0,0.0
GPT2-Medium,L16,Attn/O/bias,1024,0.0,0,0.0,0,0.0,-0.6113486886024475,0.7635671496391296,0.7635671496391296,0.0,0.0,0.0,0.0,0.5859375,6.15234375,47.8515625,45.41015625,0.0,0.0,0.0
GPT2-Medium,L16,Attn/O/weight,1048576,0.0,25,0.002384185791015625,0,0.0,-1.2922673225402832,1.5034432411193848,1.5034432411193848,9.5367431640625e-05,0.000667572021484375,0.0091552734375,0.07314682006835938,0.7360458374023438,7.462501525878906,61.142635345458984,30.573368072509766,0.002384185791015625,0.0,0.0
GPT2-Medium,L16,Attn/QKV/bias,3072,0.0,0,0.0,0,0.0,-0.9355090856552124,0.9401234984397888,0.9401234984397888,0.0,0.0,0.0,0.1953125,2.018229166666667,19.7265625,63.704427083333336,14.35546875,0.0,0.0,0.0
GPT2-Medium,L16,Attn/QKV/weight,3145728,0.0,9,0.000286102294921875,0,0.0,-1.2125962972640991,1.3880231380462646,1.3880231380462646,3.178914388020833e-05,0.000667572021484375,0.007979075113932293,0.06895065307617188,0.7030487060546875,6.9889068603515625,58.1946055094401,34.03552373250325,0.000286102294921875,0.0,0.0
GPT2-Medium,L16,FFN/Intermediate/bias,4096,0.0,1,0.0244140625,0,0.0,-0.3460828959941864,1.183904767036438,1.183904767036438,0.0,0.0,0.0,0.0,0.390625,5.4443359375,71.533203125,22.607421875,0.0244140625,0.0,0.0
GPT2-Medium,L16,FFN/Intermediate/weight,4194304,0.0,4,9.5367431640625e-05,0,0.0,-3.020850419998169,1.3955161571502686,3.020850419998169,0.00011920928955078125,0.000667572021484375,0.006961822509765625,0.06911754608154297,0.6997346878051758,6.927013397216797,58.83967876434326,33.45661163330078,9.5367431640625e-05,0.0,0.0
GPT2-Medium,L16,FFN/Output/bias,1024,0.0,1,0.09765625,0,0.0,-0.8170529007911682,1.0330564975738525,1.0330564975738525,0.0,0.0,0.0,0.09765625,1.07421875,9.765625,70.60546875,18.359375,0.09765625,0.0,0.0
GPT2-Medium,L16,FFN/Output/weight,4194304,0.0,87,0.0020742416381835938,0,0.0,-2.136345148086548,5.082134246826172,5.082134246826172,9.5367431640625e-05,0.0007867813110351562,0.006127357482910156,0.06475448608398438,0.6489753723144531,6.500840187072754,55.428290367126465,37.348055839538574,0.0020742416381835938,0.0,0.0
GPT2-Medium,L16,LayerNorm/ln_1/bias,1024,0.0,1,0.09765625,0,0.0,-0.8616421818733215,1.152701497077942,1.152701497077942,0.0,0.0,0.09765625,0.09765625,4.58984375,35.25390625,58.59375,1.26953125,0.09765625,0.0,0.0
GPT2-Medium,L16,LayerNorm/ln_1/weight,1024,0.0,0,0.0,0,0.0,0.07250960916280746,0.7741089463233948,0.7741089463233948,0.0,0.0,0.0,0.0,0.0,0.0,0.29296875,99.70703125,0.0,0.0,0.0
GPT2-Medium,L16,LayerNorm/ln_2/bias,1024,0.0,0,0.0,0,0.0,-0.5801268219947815,0.5251954197883606,0.5801268219947815,0.0,0.0,0.0,0.1953125,1.953125,27.9296875,68.84765625,1.07421875,0.0,0.0,0.0
GPT2-Medium,L16,LayerNorm/ln_2/weight,1024,0.0,0,0.0,0,0.0,0.02201918326318264,0.9857011437416077,0.9857011437416077,0.0,0.0,0.0,0.0,0.0,0.0,0.29296875,99.70703125,0.0,0.0,0.0
GPT2-Medium,L17,Attn/O/bias,1024,0.0,2,0.1953125,0,0.0,-0.745354950428009,1.3002967834472656,1.3002967834472656,0.0,0.0,0.0,0.0,0.68359375,5.46875,49.8046875,43.84765625,0.1953125,0.0,0.0
GPT2-Medium,L17,Attn/O/weight,1048576,0.0,80,0.00762939453125,0,0.0,-1.444893479347229,1.6393938064575195,1.6393938064575195,9.5367431640625e-05,0.001049041748046875,0.008392333984375,0.07772445678710938,0.7276535034179688,7.3459625244140625,60.471534729003906,31.35995864868164,0.00762939453125,0.0,0.0
GPT2-Medium,L17,Attn/QKV/bias,3072,0.0,0,0.0,0,0.0,-0.6403469443321228,0.6389409899711609,0.6403469443321228,0.0,0.0,0.03255208333333333,0.26041666666666663,1.6276041666666667,18.9453125,64.09505208333334,15.0390625,0.0,0.0,0.0
GPT2-Medium,L17,Attn/QKV/weight,3145728,0.0,22,0.0006993611653645834,0,0.0,-1.573204517364502,1.6141103506088257,1.6141103506088257,9.5367431640625e-05,0.0006357828776041667,0.007279713948567708,0.06984074910481772,0.6903330485026042,6.946881612141927,58.4326426188151,33.851591746012375,0.0006993611653645833,0.0,0.0
GPT2-Medium,L17,FFN/Intermediate/bias,4096,0.0,0,0.0,0,0.0,-0.26802384853363037,0.4098912477493286,0.4098912477493286,0.0,0.0,0.0244140625,0.0244140625,0.48828125,4.541015625,71.630859375,23.291015625,0.0,0.0,0.0
GPT2-Medium,L17,FFN/Intermediate/weight,4194304,0.0,4,9.5367431640625e-05,0,0.0,-1.7835869789123535,1.4918888807296753,1.7835869789123535,7.152557373046875e-05,0.0007390975952148438,0.007271766662597656,0.0682830810546875,0.6901264190673828,6.914401054382324,58.73513221740723,33.583879470825195,9.5367431640625e-05,0.0,0.0
GPT2-Medium,L17,FFN/Output/bias,1024,0.0,3,0.29296875,0,0.0,-1.136236310005188,1.6619082689285278,1.6619082689285278,0.0,0.0,0.0,0.0,0.390625,6.25,44.3359375,48.73046875,0.29296875,0.0,0.0
GPT2-Medium,L17,FFN/Output/weight,4194304,0.0,110,0.0026226043701171875,0,0.0,-4.838730335235596,5.391200065612793,5.391200065612793,0.0,0.0005960464477539062,0.005745887756347656,0.06394386291503906,0.6210088729858398,6.235218048095703,54.00519371032715,39.06567096710205,0.0026226043701171875,0.0,0.0
GPT2-Medium,L17,LayerNorm/ln_1/bias,1024,0.0,0,0.0,0,0.0,-0.8965990543365479,0.9856870174407959,0.9856870174407959,0.0,0.0,0.09765625,0.5859375,4.98046875,32.421875,60.44921875,1.46484375,0.0,0.0,0.0
GPT2-Medium,L17,LayerNorm/ln_1/weight,1024,0.0,0,0.0,0,0.0,0.07249845564365387,0.6074218153953552,0.6074218153953552,0.0,0.0,0.0,0.0,0.0,0.0,0.29296875,99.70703125,0.0,0.0,0.0
GPT2-Medium,L17,LayerNorm/ln_2/bias,1024,0.0,0,0.0,0,0.0,-0.48431071639060974,0.4839337468147278,0.48431071639060974,0.0,0.0,0.0,0.09765625,2.63671875,25.78125,70.5078125,0.9765625,0.0,0.0,0.0
GPT2-Medium,L17,LayerNorm/ln_2/weight,1024,0.0,0,0.0,0,0.0,0.011993324384093285,0.8717769980430603,0.8717769980430603,0.0,0.0,0.0,0.0,0.0,0.0,0.48828125,99.51171875,0.0,0.0,0.0
GPT2-Medium,L18,Attn/O/bias,1024,0.0,2,0.1953125,0,0.0,-0.9568724036216736,1.692625641822815,1.692625641822815,0.0,0.0,0.0,0.0,0.78125,5.56640625,47.55859375,45.8984375,0.1953125,0.0,0.0
GPT2-Medium,L18,Attn/O/weight,1048576,0.0,82,0.00782012939453125,0,0.0,-1.554805040359497,1.4709222316741943,1.554805040359497,0.000286102294921875,0.000858306884765625,0.0072479248046875,0.0720977783203125,0.7439613342285156,7.263374328613281,59.8383903503418,32.06596374511719,0.00782012939453125,0.0,0.0
GPT2-Medium,L18,Attn/QKV/bias,3072,0.0,0,0.0,0,0.0,-0.7054274082183838,0.6740607619285583,0.7054274082183838,0.0,0.0,0.0,0.1953125,1.7578125,18.912760416666664,62.532552083333336,16.6015625,0.0,0.0,0.0
GPT2-Medium,L18,Attn/QKV/weight,3145728,0.0,18,0.00057220458984375,0,0.0,-1.6084178686141968,1.9472899436950684,1.9472899436950684,6.357828776041666e-05,0.000667572021484375,0.006866455078125,0.07184346516927084,0.7020314534505208,6.967862447102864,58.292039235432945,33.95805358886719,0.00057220458984375,0.0,0.0
GPT2-Medium,L18,FFN/Intermediate/bias,4096,0.0,0,0.0,0,0.0,-0.27850478887557983,0.698465883731842,0.698465883731842,0.0,0.0,0.0,0.0,0.3173828125,4.7607421875,71.484375,23.4375,0.0,0.0,0.0
GPT2-Medium,L18,FFN/Intermediate/weight,4194304,0.0,5,0.00011920928955078125,0,0.0,-1.5764317512512207,1.0615694522857666,1.5764317512512207,4.76837158203125e-05,0.0006914138793945312,0.006508827209472656,0.06916522979736328,0.6886720657348633,6.879448890686035,58.68582725524902,33.66951942443848,0.00011920928955078125,0.0,0.0
GPT2-Medium,L18,FFN/Output/bias,1024,0.0,3,0.29296875,0,0.0,-1.0681800842285156,1.7549693584442139,1.7549693584442139,0.0,0.0,0.0,0.0,0.390625,5.95703125,53.515625,39.84375,0.29296875,0.0,0.0
GPT2-Medium,L18,FFN/Output/weight,4194304,0.0,129,0.0030755996704101562,0,0.0,-3.0247793197631836,4.212153911590576,4.212153911590576,9.5367431640625e-05,0.0006437301635742188,0.005841255187988281,0.05946159362792969,0.5986928939819336,5.944418907165527,52.326035499572754,41.06173515319824,0.0030755996704101562,0.0,0.0
GPT2-Medium,L18,LayerNorm/ln_1/bias,1024,0.0,1,0.09765625,0,0.0,-0.6992935538291931,1.1843993663787842,1.1843993663787842,0.0,0.0,0.0,0.48828125,3.80859375,33.0078125,61.42578125,1.171875,0.09765625,0.0,0.0
GPT2-Medium,L18,LayerNorm/ln_1/weight,1024,0.0,0,0.0,0,0.0,0.06792815029621124,0.6206830739974976,0.6206830739974976,0.0,0.0,0.0,0.0,0.0,0.0,0.29296875,99.70703125,0.0,0.0,0.0
GPT2-Medium,L18,LayerNorm/ln_2/bias,1024,0.0,0,0.0,0,0.0,-0.504693329334259,0.4557233452796936,0.504693329334259,0.0,0.0,0.0,0.1953125,2.34375,23.33984375,73.046875,1.07421875,0.0,0.0,0.0
GPT2-Medium,L18,LayerNorm/ln_2/weight,1024,0.0,0,0.0,0,0.0,0.011401238851249218,0.8027576208114624,0.8027576208114624,0.0,0.0,0.0,0.0,0.0,0.0,0.29296875,99.70703125,0.0,0.0,0.0
GPT2-Medium,L19,Attn/O/bias,1024,0.0,3,0.29296875,0,0.0,-1.1553738117218018,2.462419033050537,2.462419033050537,0.0,0.0,0.0,0.0,0.68359375,5.76171875,54.19921875,39.0625,0.29296875,0.0,0.0
GPT2-Medium,L19,Attn/O/weight,1048576,0.0,184,0.017547607421875,0,0.0,-2.2447593212127686,1.9282630681991577,2.2447593212127686,0.0,0.00057220458984375,0.006771087646484375,0.067901611328125,0.6683349609375,6.760501861572266,57.24649429321289,35.231876373291016,0.017547607421875,0.0,0.0
GPT2-Medium,L19,Attn/QKV/bias,3072,0.0,0,0.0,0,0.0,-0.6684228777885437,0.6590472459793091,0.6684228777885437,0.0,0.0,0.03255208333333333,0.1953125,1.953125,17.28515625,65.91796875,14.615885416666666,0.0,0.0,0.0
GPT2-Medium,L19,Attn/QKV/weight,3145728,0.0,2,6.357828776041667e-05,0,0.0,-0.9867334365844727,1.1705421209335327,1.1705421209335327,6.357828776041666e-05,0.0006039937337239583,0.006802876790364583,0.07009506225585938,0.6987253824869792,6.969292958577474,58.53125254313151,33.72310002644856,6.357828776041666e-05,0.0,0.0
GPT2-Medium,L19,FFN/Intermediate/bias,4096,0.0,0,0.0,0,0.0,-0.3382752537727356,0.36412864923477173,0.36412864923477173,0.0,0.0,0.0,0.0,0.4638671875,4.3701171875,70.654296875,24.51171875,0.0,0.0,0.0
GPT2-Medium,L19,FFN/Intermediate/weight,4194304,0.0,9,0.00021457672119140625,0,0.0,-1.2604293823242188,1.1849414110183716,1.2604293823242188,9.5367431640625e-05,0.0007390975952148438,0.006580352783203125,0.07014274597167969,0.693511962890625,6.906914710998535,58.58454704284668,33.73725414276123,0.00021457672119140625,0.0,0.0
GPT2-Medium,L19,FFN/Output/bias,1024,0.0,4,0.390625,0,0.0,-1.5050534009933472,2.6941170692443848,2.6941170692443848,0.0,0.0,0.0,0.0,0.68359375,7.2265625,50.48828125,41.2109375,0.390625,0.0,0.0
GPT2-Medium,L19,FFN/Output/weight,4194304,0.0,177,0.004220008850097656,0,0.0,-5.506674289703369,5.331416130065918,5.506674289703369,7.152557373046875e-05,0.000286102294921875,0.0052928924560546875,0.05543231964111328,0.5721092224121094,5.718231201171875,50.62859058380127,43.01576614379883,0.004220008850097656,0.0,0.0
GPT2-Medium,L19,LayerNorm/ln_1/bias,1024,0.0,1,0.09765625,0,0.0,-0.5471643209457397,1.175524353981018,1.175524353981018,0.0,0.0,0.0,0.48828125,3.90625,31.640625,62.6953125,1.171875,0.09765625,0.0,0.0
GPT2-Medium,L19,LayerNorm/ln_1/weight,1024,0.0,0,0.0,0,0.0,0.0618211030960083,0.6904066801071167,0.6904066801071167,0.0,0.0,0.0,0.0,0.0,0.0,0.29296875,99.70703125,0.0,0.0,0.0
GPT2-Medium,L19,LayerNorm/ln_2/bias,1024,0.0,0,0.0,0,0.0,-0.5073943734169006,0.4279322326183319,0.5073943734169006,0.0,0.0,0.09765625,0.1953125,3.3203125,27.24609375,68.26171875,0.87890625,0.0,0.0,0.0
GPT2-Medium,L19,LayerNorm/ln_2/weight,1024,0.0,0,0.0,0,0.0,0.01231471449136734,0.7780905365943909,0.7780905365943909,0.0,0.0,0.0,0.0,0.0,0.0,0.390625,99.609375,0.0,0.0,0.0
GPT2-Medium,L1,Attn/O/bias,1024,0.0,1,0.09765625,0,0.0,-1.3852972984313965,0.37566670775413513,1.3852972984313965,0.0,0.0,0.0,0.09765625,0.5859375,6.25,51.171875,41.796875,0.09765625,0.0,0.0
GPT2-Medium,L1,Attn/O/weight,1048576,0.0,709,0.06761550903320312,0,0.0,-6.088228225708008,6.085416316986084,6.088228225708008,0.000286102294921875,0.0011444091796875,0.013828277587890625,0.12273788452148438,1.3219833374023438,12.946128845214844,72.18036651611328,13.345909118652344,0.06761550903320312,0.0,0.0
GPT2-Medium,L1,Attn/QKV/bias,3072,0.0,3,0.09765625,0,0.0,-1.3494956493377686,0.8972671627998352,1.3494956493377686,0.0,0.0,0.06510416666666666,0.35807291666666663,2.1484375,22.298177083333336,54.78515625,20.247395833333336,0.09765625,0.0,0.0
GPT2-Medium,L1,Attn/QKV/weight,3145728,0.0,1,3.1789143880208336e-05,0,0.0,-0.9501134753227234,1.1730561256408691,1.1730561256408691,9.5367431640625e-05,0.0013033548990885415,0.009091695149739582,0.09018580118815103,0.8943875630696615,8.932971954345703,63.47576777140299,26.59616470336914,3.178914388020833e-05,0.0,0.0
GPT2-Medium,L1,FFN/Intermediate/bias,4096,0.0,0,0.0,0,0.0,-0.40842220187187195,0.20921824872493744,0.40842220187187195,0.0,0.0,0.0,0.2197265625,1.5869140625,15.1123046875,57.51953125,25.5615234375,0.0,0.0,0.0
GPT2-Medium,L1,FFN/Intermediate/weight,4194304,0.0,20,0.000476837158203125,0,0.0,-4.672027587890625,3.058183193206787,4.672027587890625,9.5367431640625e-05,0.0004291534423828125,0.008511543273925781,0.07615089416503906,0.7694244384765625,7.5684309005737305,59.97357368469238,31.602907180786133,0.000476837158203125,0.0,0.0
GPT2-Medium,L1,FFN/Output/bias,1024,0.0,1,0.09765625,0,0.0,-1.561808466911316,0.42728450894355774,1.561808466911316,0.0,0.0,0.1953125,0.0,0.68359375,9.1796875,69.23828125,20.60546875,0.09765625,0.0,0.0
GPT2-Medium,L1,FFN/Output/weight,4194304,0.0,676,0.016117095947265625,0,0.0,-8.98444652557373,4.161804676055908,8.98444652557373,9.5367431640625e-05,0.0010967254638671875,0.011444091796875,0.10738372802734375,1.0813713073730469,10.692167282104492,71.88491821289062,16.205406188964844,0.016117095947265625,0.0,0.0
GPT2-Medium,L1,LayerNorm/ln_1/bias,1024,0.0,0,0.0,0,0.0,-0.823151707649231,0.9179914593696594,0.9179914593696594,0.0,0.0,0.1953125,0.29296875,2.24609375,30.95703125,65.234375,1.07421875,0.0,0.0,0.0
GPT2-Medium,L1,LayerNorm/ln_1/weight,1024,0.0,0,0.0,0,0.0,0.10029004514217377,0.7659340500831604,0.7659340500831604,0.0,0.0,0.0,0.0,0.0,0.0,0.0,100.0,0.0,0.0,0.0
GPT2-Medium,L1,LayerNorm/ln_2/bias,1024,0.0,0,0.0,0,0.0,-0.44608864188194275,0.9189859628677368,0.9189859628677368,0.0,0.0,0.0,0.390625,3.80859375,33.0078125,62.20703125,0.5859375,0.0,0.0,0.0
GPT2-Medium,L1,LayerNorm/ln_2/weight,1024,0.0,0,0.0,0,0.0,0.0668918713927269,0.667019248008728,0.667019248008728,0.0,0.0,0.0,0.0,0.0,0.0,0.09765625,99.90234375,0.0,0.0,0.0
GPT2-Medium,L20,Attn/O/bias,1024,0.0,3,0.29296875,0,0.0,-1.24260675907135,3.1265225410461426,3.1265225410461426,0.0,0.0,0.0,0.09765625,0.87890625,6.54296875,53.61328125,38.57421875,0.29296875,0.0,0.0
GPT2-Medium,L20,Attn/O/weight,1048576,0.0,219,0.020885467529296875,0,0.0,-2.404181718826294,2.5476672649383545,2.5476672649383545,9.5367431640625e-05,0.000858306884765625,0.006771087646484375,0.066375732421875,0.6570816040039062,6.649208068847656,56.4605712890625,36.138153076171875,0.020885467529296875,0.0,0.0
GPT2-Medium,L20,Attn/QKV/bias,3072,0.0,0,0.0,0,0.0,-0.7190285921096802,0.6269363760948181,0.7190285921096802,0.0,0.0,0.0,0.13020833333333331,1.6276041666666667,17.154947916666664,66.24348958333334,14.84375,0.0,0.0,0.0
GPT2-Medium,L20,Attn/QKV/weight,3145728,0.0,3,9.5367431640625e-05,0,0.0,-1.3998628854751587,1.2958707809448242,1.3998628854751587,3.178914388020833e-05,0.0008265177408854166,0.006580352783203125,0.06990432739257812,0.6934801737467449,6.974856058756511,58.53099822998047,33.72322718302409,9.5367431640625e-05,0.0,0.0
GPT2-Medium,L20,FFN/Intermediate/bias,4096,0.0,1,0.0244140625,0,0.0,-0.5276205539703369,1.23323392868042,1.23323392868042,0.0,0.0,0.0,0.0244140625,0.341796875,3.125,75.732421875,20.751953125,0.0244140625,0.0,0.0
GPT2-Medium,L20,FFN/Intermediate/weight,4194304,0.0,8,0.00019073486328125,0,0.0,-2.359255075454712,1.2856981754302979,2.359255075454712,2.384185791015625e-05,0.00057220458984375,0.007224082946777344,0.06840229034423828,0.6886959075927734,6.869316101074219,58.53440761566162,33.831167221069336,0.00019073486328125,0.0,0.0
GPT2-Medium,L20,FFN/Output/bias,1024,0.0,3,0.29296875,0,0.0,-1.438361644744873,2.129183769226074,2.129183769226074,0.0,0.0,0.0,0.0,1.07421875,8.0078125,68.359375,22.265625,0.29296875,0.0,0.0
GPT2-Medium,L20,FFN/Output/weight,4194304,0.0,263,0.006270408630371094,0,0.0,-6.584918022155762,5.210816860198975,6.584918022155762,0.00011920928955078125,0.0005245208740234375,0.0053882598876953125,0.05390644073486328,0.5483865737915039,5.479907989501953,49.15053844451904,44.754958152770996,0.006270408630371094,0.0,0.0
GPT2-Medium,L20,LayerNorm/ln_1/bias,1024,0.0,1,0.09765625,0,0.0,-0.5264268517494202,1.232049584388733,1.232049584388733,0.0,0.0,0.0,0.29296875,2.5390625,30.46875,65.4296875,1.171875,0.09765625,0.0,0.0
GPT2-Medium,L20,LayerNorm/ln_1/weight,1024,0.0,0,0.0,0,0.0,0.06563139706850052,0.775581955909729,0.775581955909729,0.0,0.0,0.0,0.0,0.0,0.0,0.29296875,99.70703125,0.0,0.0,0.0
GPT2-Medium,L20,LayerNorm/ln_2/bias,1024,0.0,0,0.0,0,0.0,-0.536851704120636,0.4668019115924835,0.536851704120636,0.0,0.0,0.0,0.48828125,3.02734375,27.63671875,67.87109375,0.9765625,0.0,0.0,0.0
GPT2-Medium,L20,LayerNorm/ln_2/weight,1024,0.0,0,0.0,0,0.0,0.01195437554270029,0.6988596320152283,0.6988596320152283,0.0,0.0,0.0,0.0,0.0,0.0,0.29296875,99.70703125,0.0,0.0,0.0
GPT2-Medium,L21,Attn/O/bias,1024,0.0,2,0.1953125,0,0.0,-0.9485403299331665,3.7585883140563965,3.7585883140563965,0.0,0.0,0.0,0.09765625,0.390625,5.56640625,50.87890625,42.87109375,0.1953125,0.0,0.0
GPT2-Medium,L21,Attn/O/weight,1048576,0.0,508,0.0484466552734375,0,0.0,-3.2451155185699463,2.819535732269287,3.2451155185699463,0.00019073486328125,0.000476837158203125,0.005817413330078125,0.06580352783203125,0.647735595703125,6.496524810791016,55.78470230102539,36.95030212402344,0.0484466552734375,0.0,0.0
GPT2-Medium,L21,Attn/QKV/bias,3072,0.0,0,0.0,0,0.0,-0.6328593492507935,0.6911595463752747,0.6911595463752747,0.0,0.0,0.03255208333333333,0.09765625,1.6276041666666667,17.545572916666664,68.19661458333334,12.5,0.0,0.0,0.0
GPT2-Medium,L21,Attn/QKV/weight,3145728,0.0,1,3.1789143880208336e-05,0,0.0,-1.0247529745101929,0.7839760780334473,1.0247529745101929,3.178914388020833e-05,0.00022252400716145834,0.006707509358723958,0.07174809773763022,0.6989161173502605,6.93817138671875,58.281453450520836,34.002717336018875,3.178914388020833e-05,0.0,0.0
GPT2-Medium,L21,FFN/Intermediate/bias,4096,0.0,0,0.0,0,0.0,-0.44525495171546936,0.5370962619781494,0.5370962619781494,0.0,0.0,0.0,0.048828125,0.6591796875,3.6376953125,72.8271484375,22.8271484375,0.0,0.0,0.0
GPT2-Medium,L21,FFN/Intermediate/weight,4194304,0.0,10,0.0002384185791015625,0,0.0,-3.049278974533081,1.4141268730163574,3.049278974533081,4.76837158203125e-05,0.0006437301635742188,0.006604194641113281,0.06916522979736328,0.6888866424560547,6.8558454513549805,58.53257179260254,33.84599685668945,0.0002384185791015625,0.0,0.0
GPT2-Medium,L21,FFN/Output/bias,1024,0.0,4,0.390625,0,0.0,-1.5731340646743774,2.5472617149353027,2.5472617149353027,0.0,0.0,0.0,0.09765625,0.87890625,6.0546875,51.3671875,41.2109375,0.390625,0.0,0.0
GPT2-Medium,L21,FFN/Output/weight,4194304,0.0,537,0.012803077697753906,0,0.0,-4.928371906280518,5.9645304679870605,5.9645304679870605,9.5367431640625e-05,0.00035762786865234375,0.005245208740234375,0.055527687072753906,0.537109375,5.310940742492676,48.012518882751465,46.065402030944824,0.012803077697753906,0.0,0.0
GPT2-Medium,L21,LayerNorm/ln_1/bias,1024,0.0,1,0.09765625,0,0.0,-0.4666992127895355,1.2935925722122192,1.2935925722122192,0.0,0.0,0.0,0.0,3.02734375,27.44140625,68.06640625,1.3671875,0.09765625,0.0,0.0
GPT2-Medium,L21,LayerNorm/ln_1/weight,1024,0.0,0,0.0,0,0.0,0.0717330053448677,0.8579589128494263,0.8579589128494263,0.0,0.0,0.0,0.0,0.0,0.0,0.29296875,99.70703125,0.0,0.0,0.0
GPT2-Medium,L21,LayerNorm/ln_2/bias,1024,0.0,0,0.0,0,0.0,-0.5349775552749634,0.39391422271728516,0.5349775552749634,0.0,0.0,0.1953125,0.1953125,3.02734375,29.1015625,66.6015625,0.87890625,0.0,0.0,0.0
GPT2-Medium,L21,LayerNorm/ln_2/weight,1024,0.0,0,0.0,0,0.0,0.017014414072036743,0.8024073839187622,0.8024073839187622,0.0,0.0,0.0,0.0,0.0,0.0,0.390625,99.609375,0.0,0.0,0.0
GPT2-Medium,L22,Attn/O/bias,1024,0.0,3,0.29296875,0,0.0,-1.3338587284088135,3.942901849746704,3.942901849746704,0.0,0.0,0.0,0.09765625,1.07421875,8.10546875,63.28125,27.1484375,0.29296875,0.0,0.0
GPT2-Medium,L22,Attn/O/weight,1048576,0.0,713,0.06799697875976562,0,0.0,-3.497467279434204,3.9384498596191406,3.9384498596191406,9.5367431640625e-05,0.0003814697265625,0.006961822509765625,0.06303787231445312,0.6297111511230469,6.219959259033203,53.920650482177734,39.09120559692383,0.06799697875976562,0.0,0.0
GPT2-Medium,L22,Attn/QKV/bias,3072,0.0,0,0.0,0,0.0,-0.5897457003593445,0.5266878604888916,0.5897457003593445,0.0,0.0,0.06510416666666666,0.1953125,1.85546875,15.494791666666666,70.14973958333334,12.239583333333332,0.0,0.0,0.0
GPT2-Medium,L22,Attn/QKV/weight,3145728,0.0,0,0.0,0,0.0,-0.8973085284233093,0.891343355178833,0.8973085284233093,0.0,0.0005086263020833333,0.00705718994140625,0.06961822509765625,0.7081667582194011,6.977653503417969,58.56806437174479,33.66893132527669,0.0,0.0,0.0
GPT2-Medium,L22,FFN/Intermediate/bias,4096,0.0,1,0.0244140625,0,0.0,-1.018415927886963,0.4022001028060913,1.018415927886963,0.0,0.0,0.0,0.09765625,0.5126953125,4.4189453125,77.3193359375,17.626953125,0.0244140625,0.0,0.0
GPT2-Medium,L22,FFN/Intermediate/weight,4194304,0.0,12,0.000286102294921875,0,0.0,-1.6128675937652588,1.3994334936141968,1.6128675937652588,7.152557373046875e-05,0.00095367431640625,0.006008148193359375,0.0667572021484375,0.6777048110961914,6.830716133117676,58.24410915374756,34.17339324951172,0.000286102294921875,0.0,0.0
GPT2-Medium,L22,FFN/Output/bias,1024,0.0,4,0.390625,0,0.0,-2.1099746227264404,2.0447418689727783,2.1099746227264404,0.0,0.0,0.0,0.09765625,0.68359375,7.12890625,51.5625,40.13671875,0.390625,0.0,0.0
GPT2-Medium,L22,FFN/Output/weight,4194304,0.0,1711,0.040793418884277344,0,0.0,-4.691823482513428,8.68388557434082,8.68388557434082,7.152557373046875e-05,0.0004291534423828125,0.005221366882324219,0.05309581756591797,0.5209207534790039,5.236458778381348,47.3691463470459,46.77386283874512,0.040793418884277344,0.0,0.0
GPT2-Medium,L22,LayerNorm/ln_1/bias,1024,0.0,0,0.0,0,0.0,-0.42875686287879944,0.6766444444656372,0.6766444444656372,0.0,0.0,0.09765625,0.390625,1.85546875,23.4375,72.65625,1.5625,0.0,0.0,0.0
GPT2-Medium,L22,LayerNorm/ln_1/weight,1024,0.0,1,0.09765625,0,0.0,0.08111626654863358,1.0586034059524536,1.0586034059524536,0.0,0.0,0.0,0.0,0.0,0.0,0.29296875,99.609375,0.09765625,0.0,0.0
GPT2-Medium,L22,LayerNorm/ln_2/bias,1024,0.0,0,0.0,0,0.0,-0.5720048546791077,0.33559802174568176,0.5720048546791077,0.0,0.0,0.0,0.0,3.02734375,25.78125,70.3125,0.87890625,0.0,0.0,0.0
GPT2-Medium,L22,LayerNorm/ln_2/weight,1024,0.0,0,0.0,0,0.0,0.021302014589309692,0.943351686000824,0.943351686000824,0.0,0.0,0.0,0.0,0.0,0.0,0.48828125,99.51171875,0.0,0.0,0.0
GPT2-Medium,L23,Attn/O/bias,1024,0.0,1,0.09765625,0,0.0,-0.3163019120693207,2.2843284606933594,2.2843284606933594,0.0,0.0,0.0,0.0,1.26953125,6.4453125,53.02734375,39.16015625,0.09765625,0.0,0.0
GPT2-Medium,L23,Attn/O/weight,1048576,0.0,1464,0.139617919921875,0,0.0,-9.32827377319336,9.253884315490723,9.32827377319336,0.0,0.000476837158203125,0.00705718994140625,0.06999969482421875,0.7017135620117188,6.930351257324219,57.581520080566406,34.56926345825195,0.139617919921875,0.0,0.0
GPT2-Medium,L23,Attn/QKV/bias,3072,0.0,0,0.0,0,0.0,-0.45797964930534363,0.554460883140564,0.554460883140564,0.0,0.0,0.0,0.16276041666666669,1.7578125,17.838541666666664,68.9453125,11.295572916666668,0.0,0.0,0.0
GPT2-Medium,L23,Attn/QKV/weight,3145728,0.0,7,0.00022252400716145834,0,0.0,-1.4196518659591675,1.2591837644577026,1.4196518659591675,0.0,0.00057220458984375,0.006357828776041667,0.06958643595377603,0.688489278157552,6.911023457845052,58.0204963684082,34.303251902262375,0.00022252400716145834,0.0,0.0
GPT2-Medium,L23,FFN/Intermediate/bias,4096,0.0,1,0.0244140625,0,0.0,-1.425657868385315,0.8306481242179871,1.425657868385315,0.0,0.0,0.0244140625,0.0732421875,0.78125,9.47265625,74.8291015625,14.794921875,0.0244140625,0.0,0.0
GPT2-Medium,L23,FFN/Intermediate/weight,4194304,0.0,126,0.0030040740966796875,0,0.0,-2.7591991424560547,2.0867574214935303,2.7591991424560547,7.152557373046875e-05,0.0005960464477539062,0.007462501525878906,0.06723403930664062,0.6708145141601562,6.737399101257324,57.67543315887451,34.837985038757324,0.0030040740966796875,0.0,0.0
GPT2-Medium,L23,FFN/Output/bias,1024,0.0,0,0.0,0,0.0,-0.39361029863357544,0.3187013268470764,0.39361029863357544,0.0,0.0,0.09765625,0.09765625,0.68359375,11.03515625,73.6328125,14.453125,0.0,0.0,0.0
GPT2-Medium,L23,FFN/Output/weight,4194304,0.0,1922,0.04582405090332031,1,2.384185791015625e-05,-7.9586029052734375,16.643083572387695,16.643083572387695,4.76837158203125e-05,0.0005960464477539062,0.005173683166503906,0.051903724670410156,0.5208969116210938,5.153751373291016,46.46720886230469,47.754597663879395,0.045800209045410156,2.384185791015625e-05,0.0
GPT2-Medium,L23,LayerNorm/ln_1/bias,1024,0.0,0,0.0,0,0.0,-0.9476871490478516,0.4017695486545563,0.9476871490478516,0.0,0.0,0.0,0.1953125,1.953125,16.40625,78.22265625,3.22265625,0.0,0.0,0.0
GPT2-Medium,L23,LayerNorm/ln_1/weight,1024,0.0,1,0.09765625,0,0.0,0.11939435452222824,1.0611873865127563,1.0611873865127563,0.0,0.0,0.0,0.0,0.0,0.0,0.0,99.90234375,0.09765625,0.0,0.0
GPT2-Medium,L23,LayerNorm/ln_2/bias,1024,0.0,0,0.0,0,0.0,-0.4366004467010498,0.4108864665031433,0.4366004467010498,0.0,0.0,0.09765625,0.29296875,1.07421875,16.89453125,77.1484375,4.4921875,0.0,0.0,0.0
GPT2-Medium,L23,LayerNorm/ln_2/weight,1024,0.0,5,0.48828125,0,0.0,0.04150799289345741,1.2370576858520508,1.2370576858520508,0.0,0.0,0.0,0.0,0.0,0.0,0.09765625,99.4140625,0.48828125,0.0,0.0
GPT2-Medium,L2,Attn/O/bias,1024,0.0,0,0.0,0,0.0,-0.5952457189559937,0.4690978229045868,0.5952457189559937,0.0,0.0,0.0,0.0,0.5859375,7.8125,56.25,35.3515625,0.0,0.0,0.0
GPT2-Medium,L2,Attn/O/weight,1048576,0.0,105,0.010013580322265625,0,0.0,-4.163511276245117,4.7480387687683105,4.7480387687683105,0.00019073486328125,0.001430511474609375,0.012969970703125,0.12073516845703125,1.2170791625976562,11.951446533203125,73.67839813232422,13.007736206054688,0.010013580322265625,0.0,0.0
GPT2-Medium,L2,Attn/QKV/bias,3072,0.0,2,0.06510416666666667,0,0.0,-1.1640604734420776,1.2033460140228271,1.2033460140228271,0.0,0.03255208333333333,0.0,0.26041666666666663,2.799479166666667,22.623697916666664,53.841145833333336,20.377604166666664,0.06510416666666666,0.0,0.0
GPT2-Medium,L2,Attn/QKV/weight,3145728,0.0,0,0.0,0,0.0,-0.9884316325187683,0.9707210063934326,0.9884316325187683,9.5367431640625e-05,0.0006039937337239583,0.009282430013020832,0.08513132731119791,0.8732159932454427,8.589140574137371,59.85943476359049,30.58309555053711,0.0,0.0,0.0
GPT2-Medium,L2,FFN/Intermediate/bias,4096,0.0,0,0.0,0,0.0,-0.5645345449447632,0.20595619082450867,0.5645345449447632,0.0,0.0,0.0,0.2197265625,0.9765625,10.3515625,55.4443359375,33.0078125,0.0,0.0,0.0
GPT2-Medium,L2,FFN/Intermediate/weight,4194304,0.0,31,0.0007390975952148438,0,0.0,-1.5718986988067627,1.731645107269287,1.731645107269287,9.5367431640625e-05,0.000762939453125,0.0068187713623046875,0.0719308853149414,0.7148265838623047,7.107853889465332,58.58197212219238,33.515000343322754,0.0007390975952148438,0.0,0.0
GPT2-Medium,L2,FFN/Output/bias,1024,0.0,1,0.09765625,0,0.0,-1.6894588470458984,0.2632024586200714,1.6894588470458984,0.0,0.0,0.0,0.0,1.171875,7.71484375,63.28125,27.734375,0.09765625,0.0,0.0
GPT2-Medium,L2,FFN/Output/weight,4194304,0.0,356,0.008487701416015625,0,0.0,-9.785688400268555,3.5931153297424316,9.785688400268555,0.00011920928955078125,0.0009059906005859375,0.010395050048828125,0.09982585906982422,1.015639305114746,9.807491302490234,69.64287757873535,19.414258003234863,0.008487701416015625,0.0,0.0
GPT2-Medium,L2,LayerNorm/ln_1/bias,1024,0.0,0,0.0,0,0.0,-0.2001616656780243,0.9382678866386414,0.9382678866386414,0.0,0.0,0.0,0.29296875,3.90625,42.7734375,52.44140625,0.5859375,0.0,0.0,0.0
GPT2-Medium,L2,LayerNorm/ln_1/weight,1024,0.0,0,0.0,0,0.0,0.09252659976482391,0.6460323333740234,0.6460323333740234,0.0,0.0,0.0,0.0,0.0,0.0,0.1953125,99.8046875,0.0,0.0,0.0
GPT2-Medium,L2,LayerNorm/ln_2/bias,1024,0.0,0,0.0,0,0.0,-0.4528048634529114,0.4996148645877838,0.4996148645877838,0.0,0.0,0.09765625,0.0,2.734375,30.6640625,65.8203125,0.68359375,0.0,0.0,0.0
GPT2-Medium,L2,LayerNorm/ln_2/weight,1024,0.0,0,0.0,0,0.0,0.04772830009460449,0.6264896392822266,0.6264896392822266,0.0,0.0,0.0,0.0,0.0,0.0,0.5859375,99.4140625,0.0,0.0,0.0
GPT2-Medium,L3,Attn/O/bias,1024,0.0,0,0.0,0,0.0,-0.379822313785553,0.4308973550796509,0.4308973550796509,0.0,0.0,0.0,0.09765625,0.48828125,6.640625,56.25,36.5234375,0.0,0.0,0.0
GPT2-Medium,L3,Attn/O/weight,1048576,0.0,67,0.006389617919921875,0,0.0,-3.0162458419799805,2.3869636058807373,3.0162458419799805,9.5367431640625e-05,0.00095367431640625,0.014019012451171875,0.11987686157226562,1.1727333068847656,11.488628387451172,74.45316314697266,12.744140625,0.006389617919921875,0.0,0.0
GPT2-Medium,L3,Attn/QKV/bias,3072,0.0,0,0.0,0,0.0,-0.606898307800293,0.665939450263977,0.665939450263977,0.0,0.0,0.0,0.09765625,2.766927083333333,22.493489583333336,58.138020833333336,16.50390625,0.0,0.0,0.0
GPT2-Medium,L3,Attn/QKV/weight,3145728,0.0,50,0.0015894571940104167,0,0.0,-1.2737596035003662,1.1867790222167969,1.2737596035003662,0.00012715657552083332,0.0010808308919270835,0.007279713948567708,0.07677078247070312,0.7742881774902344,7.468922932942708,56.92532857259115,34.74461237589519,0.0015894571940104167,0.0,0.0
GPT2-Medium,L3,FFN/Intermediate/bias,4096,0.0,1,0.0244140625,0,0.0,-0.3544301390647888,1.731412410736084,1.731412410736084,0.0,0.0,0.0,0.0244140625,0.390625,3.7353515625,69.3115234375,26.513671875,0.0244140625,0.0,0.0
GPT2-Medium,L3,FFN/Intermediate/weight,4194304,0.0,380,0.009059906005859375,0,0.0,-4.972433090209961,4.552480697631836,4.972433090209961,4.76837158203125e-05,0.00045299530029296875,0.007033348083496094,0.0675201416015625,0.6857633590698242,6.848335266113281,57.99541473388672,34.386372566223145,0.009059906005859375,0.0,0.0
GPT2-Medium,L3,FFN/Output/bias,1024,0.0,1,0.09765625,0,0.0,-2.083303451538086,0.3012174367904663,2.083303451538086,0.0,0.0,0.0,0.1953125,0.5859375,6.15234375,63.4765625,29.4921875,0.09765625,0.0,0.0
GPT2-Medium,L3,FFN/Output/weight,4194304,0.0,224,0.005340576171875,5,0.00011920928955078125,-16.121685028076172,2.68963623046875,16.121685028076172,9.5367431640625e-05,0.0010013580322265625,0.00972747802734375,0.09679794311523438,0.9679555892944336,9.478998184204102,68.25144290924072,21.188640594482422,0.005221366882324219,0.00011920928955078125,0.0
GPT2-Medium,L3,LayerNorm/ln_1/bias,1024,0.0,0,0.0,0,0.0,-0.5268061757087708,0.6355547308921814,0.6355547308921814,0.0,0.0,0.0,0.1953125,4.39453125,38.18359375,56.0546875,1.171875,0.0,0.0,0.0
GPT2-Medium,L3,LayerNorm/ln_1/weight,1024,0.0,0,0.0,0,0.0,0.08471577614545822,0.7597054839134216,0.7597054839134216,0.0,0.0,0.0,0.0,0.0,0.0,0.1953125,99.8046875,0.0,0.0,0.0
GPT2-Medium,L3,LayerNorm/ln_2/bias,1024,0.0,0,0.0,0,0.0,-0.592003583908081,0.47560915350914,0.592003583908081,0.0,0.0,0.0,0.5859375,3.125,23.828125,71.484375,0.9765625,0.0,0.0,0.0
GPT2-Medium,L3,LayerNorm/ln_2/weight,1024,0.0,0,0.0,0,0.0,-0.00027418151148594916,0.6465809345245361,0.6465809345245361,0.0,0.0,0.0,0.09765625,0.29296875,0.0,0.68359375,98.92578125,0.0,0.0,0.0
GPT2-Medium,L4,Attn/O/bias,1024,0.0,0,0.0,0,0.0,-0.30228671431541443,0.27813389897346497,0.30228671431541443,0.0,0.0,0.0,0.09765625,1.171875,8.984375,62.79296875,26.953125,0.0,0.0,0.0
GPT2-Medium,L4,Attn/O/weight,1048576,0.0,93,0.008869171142578125,0,0.0,-2.586407423019409,1.9140739440917969,2.586407423019409,9.5367431640625e-05,0.00152587890625,0.01239776611328125,0.11444091796875,1.10321044921875,10.99700927734375,73.7269401550293,14.035511016845703,0.008869171142578125,0.0,0.0
GPT2-Medium,L4,Attn/QKV/bias,3072,0.0,0,0.0,0,0.0,-0.526024341583252,0.9458547830581665,0.9458547830581665,0.0,0.0,0.03255208333333333,0.29296875,1.7252604166666667,22.428385416666664,55.826822916666664,19.694010416666664,0.0,0.0,0.0
GPT2-Medium,L4,Attn/QKV/weight,3145728,0.0,213,0.006771087646484375,0,0.0,-2.0137429237365723,1.9910420179367065,2.0137429237365723,0.00019073486328125,0.000476837158203125,0.00667572021484375,0.07308324178059897,0.7222175598144531,7.016817728678386,56.17341995239258,36.00034713745117,0.006771087646484375,0.0,0.0
GPT2-Medium,L4,FFN/Intermediate/bias,4096,0.0,1,0.0244140625,0,0.0,-1.1869299411773682,0.8521488904953003,1.1869299411773682,0.0,0.0,0.0,0.048828125,0.390625,3.369140625,71.19140625,24.9755859375,0.0244140625,0.0,0.0
GPT2-Medium,L4,FFN/Intermediate/weight,4194304,0.0,397,0.009465217590332031,0,0.0,-3.9735031127929688,5.147237300872803,5.147237300872803,7.152557373046875e-05,0.0006198883056640625,0.007081031799316406,0.07185935974121094,0.6824254989624023,6.884932518005371,58.00211429595947,34.3414306640625,0.009465217590332031,0.0,0.0
GPT2-Medium,L4,FFN/Output/bias,1024,0.0,1,0.09765625,0,0.0,-2.4375016689300537,0.37734735012054443,2.4375016689300537,0.0,0.0,0.0,0.09765625,0.9765625,5.76171875,58.10546875,34.9609375,0.09765625,0.0,0.0
GPT2-Medium,L4,FFN/Output/weight,4194304,0.0,296,0.00705718994140625,4,9.5367431640625e-05,-19.051124572753906,3.101375102996826,19.051124572753906,9.5367431640625e-05,0.000858306884765625,0.009775161743164062,0.09381771087646484,0.945281982421875,9.328174591064453,68.3539628982544,21.260976791381836,0.006961822509765625,9.5367431640625e-05,0.0
GPT2-Medium,L4,LayerNorm/ln_1/bias,1024,0.0,1,0.09765625,0,0.0,-1.1673792600631714,0.6003447771072388,1.1673792600631714,0.0,0.0,0.0,0.1953125,3.02734375,34.08203125,61.5234375,1.07421875,0.09765625,0.0,0.0
GPT2-Medium,L4,LayerNorm/ln_1/weight,1024,0.0,0,0.0,0,0.0,0.059906598180532455,0.5817893147468567,0.5817893147468567,0.0,0.0,0.0,0.0,0.0,0.0,0.1953125,99.8046875,0.0,0.0,0.0
GPT2-Medium,L4,LayerNorm/ln_2/bias,1024,0.0,0,0.0,0,0.0,-0.5630096793174744,0.38674554228782654,0.5630096793174744,0.0,0.0,0.09765625,0.09765625,3.02734375,22.265625,73.828125,0.68359375,0.0,0.0,0.0
GPT2-Medium,L4,LayerNorm/ln_2/weight,1024,0.0,1,0.09765625,0,0.0,6.696353011648171e-06,1.1758166551589966,1.1758166551589966,0.0,0.0,0.09765625,0.0,0.0,0.0,0.78125,99.0234375,0.09765625,0.0,0.0
GPT2-Medium,L5,Attn/O/bias,1024,0.0,0,0.0,0,0.0,-0.4905073344707489,0.3042307198047638,0.4905073344707489,0.0,0.0,0.0,0.0,0.78125,7.421875,66.30859375,25.48828125,0.0,0.0,0.0
GPT2-Medium,L5,Attn/O/weight,1048576,0.0,97,0.009250640869140625,0,0.0,-2.6327242851257324,2.3099312782287598,2.6327242851257324,0.0,0.000762939453125,0.008678436279296875,0.09908676147460938,1.0028839111328125,10.03570556640625,71.3923454284668,17.45128631591797,0.009250640869140625,0.0,0.0
GPT2-Medium,L5,Attn/QKV/bias,3072,0.0,0,0.0,0,0.0,-0.6460568904876709,0.9675406217575073,0.9675406217575073,0.0,0.0,0.0,0.26041666666666663,1.7578125,17.87109375,59.537760416666664,20.572916666666664,0.0,0.0,0.0
GPT2-Medium,L5,Attn/QKV/weight,3145728,0.0,163,0.005181630452473958,0,0.0,-2.219393491744995,2.3612380027770996,2.3612380027770996,6.357828776041666e-05,0.0005404154459635417,0.007216135660807292,0.07200241088867188,0.7053057352701824,6.980578104654948,56.322383880615234,35.906728108723954,0.005181630452473959,0.0,0.0
GPT2-Medium,L5,FFN/Intermediate/bias,4096,0.0,0,0.0,0,0.0,-0.3261289894580841,0.4840364158153534,0.4840364158153534,0.0,0.0,0.0,0.0732421875,0.4150390625,4.7607421875,66.162109375,28.5888671875,0.0,0.0,0.0
GPT2-Medium,L5,FFN/Intermediate/weight,4194304,0.0,40,0.00095367431640625,0,0.0,-2.2318239212036133,2.117013692855835,2.2318239212036133,4.76837158203125e-05,0.0006198883056640625,0.007224082946777344,0.06992816925048828,0.6981372833251953,6.957745552062988,58.190131187438965,34.075212478637695,0.00095367431640625,0.0,0.0
GPT2-Medium,L5,FFN/Output/bias,1024,0.0,1,0.09765625,0,0.0,-1.882468581199646,0.45966431498527527,1.882468581199646,0.0,0.0,0.0,0.0,0.29296875,4.4921875,50.68359375,44.43359375,0.09765625,0.0,0.0
GPT2-Medium,L5,FFN/Output/weight,4194304,0.0,436,0.010395050048828125,1,2.384185791015625e-05,-10.912962913513184,3.630603790283203,10.912962913513184,0.0001430511474609375,0.0008821487426757812,0.008535385131835938,0.091552734375,0.9337186813354492,9.298205375671387,68.5366153717041,21.11995220184326,0.010371208190917969,2.384185791015625e-05,0.0
GPT2-Medium,L5,LayerNorm/ln_1/bias,1024,0.0,1,0.09765625,0,0.0,-1.0154260396957397,0.6491654515266418,1.0154260396957397,0.0,0.0,0.0,0.390625,3.22265625,27.5390625,67.48046875,1.26953125,0.09765625,0.0,0.0
GPT2-Medium,L5,LayerNorm/ln_1/weight,1024,0.0,0,0.0,0,0.0,0.05386348068714142,0.6035540103912354,0.6035540103912354,0.0,0.0,0.0,0.0,0.0,0.0,0.1953125,99.8046875,0.0,0.0,0.0
GPT2-Medium,L5,LayerNorm/ln_2/bias,1024,0.0,0,0.0,0,0.0,-0.3992672264575958,0.4045177698135376,0.4045177698135376,0.0,0.0,0.0,0.29296875,1.46484375,27.05078125,70.21484375,0.9765625,0.0,0.0,0.0
GPT2-Medium,L5,LayerNorm/ln_2/weight,1024,0.0,1,0.09765625,0,0.0,0.029646417126059532,1.256900429725647,1.256900429725647,0.0,0.0,0.0,0.0,0.0,0.0,0.5859375,99.31640625,0.09765625,0.0,0.0
GPT2-Medium,L6,Attn/O/bias,1024,0.0,0,0.0,0,0.0,-0.7442454099655151,0.3250548541545868,0.7442454099655151,0.0,0.0,0.0,0.09765625,1.07421875,9.47265625,65.33203125,24.0234375,0.0,0.0,0.0
GPT2-Medium,L6,Attn/O/weight,1048576,0.0,59,0.005626678466796875,0,0.0,-2.149735927581787,2.3551712036132812,2.3551712036132812,0.0,0.001239776611328125,0.00858306884765625,0.0946044921875,0.949859619140625,9.464263916015625,68.86940002441406,20.606422424316406,0.005626678466796875,0.0,0.0
GPT2-Medium,L6,Attn/QKV/bias,3072,0.0,0,0.0,0,0.0,-0.4853343367576599,0.46020808815956116,0.4853343367576599,0.0,0.0,0.0,0.29296875,2.799479166666667,22.916666666666664,61.751302083333336,12.239583333333332,0.0,0.0,0.0
GPT2-Medium,L6,Attn/QKV/weight,3145728,0.0,12,0.0003814697265625,0,0.0,-1.1898404359817505,1.3160896301269531,1.3160896301269531,0.00012715657552083332,0.0007311503092447917,0.007883707682291668,0.07181167602539062,0.7254282633463542,7.1615854899088545,57.65253702799479,34.379514058430985,0.0003814697265625,0.0,0.0
GPT2-Medium,L6,FFN/Intermediate/bias,4096,0.0,0,0.0,0,0.0,-0.315366268157959,0.539150595664978,0.539150595664978,0.0,0.0,0.0244140625,0.0244140625,0.4150390625,5.6884765625,68.2373046875,25.6103515625,0.0,0.0,0.0
GPT2-Medium,L6,FFN/Intermediate/weight,4194304,0.0,38,0.0009059906005859375,0,0.0,-2.652871608734131,2.2720024585723877,2.652871608734131,4.76837158203125e-05,0.0007390975952148438,0.008177757263183594,0.06823539733886719,0.6952524185180664,6.940484046936035,58.5554838180542,33.73067378997803,0.0009059906005859375,0.0,0.0
GPT2-Medium,L6,FFN/Output/bias,1024,0.0,1,0.09765625,0,0.0,-1.8815690279006958,0.6068459749221802,1.8815690279006958,0.0,0.0,0.0,0.0,0.29296875,5.37109375,49.21875,45.01953125,0.09765625,0.0,0.0
GPT2-Medium,L6,FFN/Output/weight,4194304,0.0,261,0.006222724914550781,1,2.384185791015625e-05,-12.703189849853516,2.558912992477417,12.703189849853516,0.00011920928955078125,0.0008821487426757812,0.008916854858398438,0.09424686431884766,0.9258747100830078,9.172248840332031,68.09766292572021,21.693825721740723,0.006198883056640625,2.384185791015625e-05,0.0
GPT2-Medium,L6,LayerNorm/ln_1/bias,1024,0.0,0,0.0,0,0.0,-0.7852699160575867,0.568672239780426,0.7852699160575867,0.0,0.0,0.0,0.0,2.9296875,19.82421875,76.171875,1.07421875,0.0,0.0,0.0
GPT2-Medium,L6,LayerNorm/ln_1/weight,1024,0.0,0,0.0,0,0.0,0.10341844707727432,0.6661348938941956,0.6661348938941956,0.0,0.0,0.0,0.0,0.0,0.0,0.0,100.0,0.0,0.0,0.0
GPT2-Medium,L6,LayerNorm/ln_2/bias,1024,0.0,0,0.0,0,0.0,-0.43704724311828613,0.39852187037467957,0.43704724311828613,0.0,0.0,0.0,0.1953125,2.9296875,25.09765625,70.80078125,0.9765625,0.0,0.0,0.0
GPT2-Medium,L6,LayerNorm/ln_2/weight,1024,0.0,1,0.09765625,0,0.0,0.0002916522789746523,1.3139623403549194,1.3139623403549194,0.0,0.0,0.0,0.0,0.1953125,0.09765625,0.29296875,99.31640625,0.09765625,0.0,0.0
GPT2-Medium,L7,Attn/O/bias,1024,0.0,0,0.0,0,0.0,-0.5939242243766785,0.3099718391895294,0.5939242243766785,0.0,0.0,0.0,0.09765625,0.87890625,7.6171875,66.89453125,24.51171875,0.0,0.0,0.0
GPT2-Medium,L7,Attn/O/weight,1048576,0.0,60,0.0057220458984375,0,0.0,-2.0480964183807373,1.940095067024231,2.0480964183807373,9.5367431640625e-05,0.00057220458984375,0.010013580322265625,0.09260177612304688,0.8974075317382812,8.895111083984375,67.2739028930664,22.824573516845703,0.0057220458984375,0.0,0.0
GPT2-Medium,L7,Attn/QKV/bias,3072,0.0,0,0.0,0,0.0,-0.4558803141117096,0.5814076066017151,0.5814076066017151,0.0,0.0,0.13020833333333331,0.16276041666666669,2.473958333333333,22.819010416666664,62.955729166666664,11.458333333333332,0.0,0.0,0.0
GPT2-Medium,L7,Attn/QKV/weight,3145728,0.0,17,0.0005404154459635416,0,0.0,-1.6401987075805664,1.5348896980285645,1.6401987075805664,0.00012715657552083332,0.0008265177408854166,0.007692972819010417,0.07069905598958334,0.7227261861165364,7.184759775797526,58.42421849568685,33.588409423828125,0.0005404154459635417,0.0,0.0
GPT2-Medium,L7,FFN/Intermediate/bias,4096,0.0,0,0.0,0,0.0,-0.20282456278800964,0.5973998308181763,0.5973998308181763,0.0,0.0,0.0,0.0,0.6591796875,5.908203125,66.11328125,27.3193359375,0.0,0.0,0.0
GPT2-Medium,L7,FFN/Intermediate/weight,4194304,0.0,44,0.001049041748046875,0,0.0,-1.7069487571716309,1.5758872032165527,1.7069487571716309,9.5367431640625e-05,0.000667572021484375,0.006961822509765625,0.07140636444091797,0.7076025009155273,6.99620246887207,58.85465145111084,33.36136341094971,0.001049041748046875,0.0,0.0
GPT2-Medium,L7,FFN/Output/bias,1024,0.0,1,0.09765625,0,0.0,-1.7644665241241455,0.6144517064094543,1.7644665241241455,0.0,0.0,0.0,0.09765625,1.07421875,9.375,72.55859375,16.796875,0.09765625,0.0,0.0
GPT2-Medium,L7,FFN/Output/weight,4194304,0.0,177,0.004220008850097656,1,2.384185791015625e-05,-16.709644317626953,6.863257884979248,16.709644317626953,4.76837158203125e-05,0.0008344650268554688,0.008130073547363281,0.08807182312011719,0.8815288543701172,8.72204303741455,66.47558212280273,23.819541931152344,0.0041961669921875,2.384185791015625e-05,0.0
GPT2-Medium,L7,LayerNorm/ln_1/bias,1024,0.0,0,0.0,0,0.0,-0.9781083464622498,0.6140174865722656,0.9781083464622498,0.0,0.0,0.0,0.09765625,1.953125,22.75390625,74.12109375,1.07421875,0.0,0.0,0.0
GPT2-Medium,L7,LayerNorm/ln_1/weight,1024,0.0,0,0.0,0,0.0,0.08959994465112686,0.634999692440033,0.634999692440033,0.0,0.0,0.0,0.0,0.0,0.0,0.09765625,99.90234375,0.0,0.0,0.0
GPT2-Medium,L7,LayerNorm/ln_2/bias,1024,0.0,0,0.0,0,0.0,-0.5308771729469299,0.3729972243309021,0.5308771729469299,0.0,0.0,0.0,0.29296875,2.83203125,28.515625,67.578125,0.78125,0.0,0.0,0.0
GPT2-Medium,L7,LayerNorm/ln_2/weight,1024,0.0,1,0.09765625,0,0.0,0.007333981338888407,1.4237663745880127,1.4237663745880127,0.0,0.0,0.0,0.0,0.0,0.1953125,0.390625,99.31640625,0.09765625,0.0,0.0
GPT2-Medium,L8,Attn/O/bias,1024,0.0,1,0.09765625,0,0.0,-1.6493372917175293,0.4292888939380646,1.6493372917175293,0.0,0.0,0.0,0.29296875,0.87890625,8.984375,69.04296875,20.703125,0.09765625,0.0,0.0
GPT2-Medium,L8,Attn/O/weight,1048576,0.0,77,0.007343292236328125,0,0.0,-3.489330291748047,2.6790826320648193,3.489330291748047,9.5367431640625e-05,0.001049041748046875,0.009250640869140625,0.08287429809570312,0.8666038513183594,8.459091186523438,66.1397933959961,24.43389892578125,0.007343292236328125,0.0,0.0
GPT2-Medium,L8,Attn/QKV/bias,3072,0.0,0,0.0,0,0.0,-0.6242362260818481,0.6582540273666382,0.6582540273666382,0.0,0.0,0.0,0.26041666666666663,1.8229166666666667,19.986979166666664,62.890625,15.0390625,0.0,0.0,0.0
GPT2-Medium,L8,Attn/QKV/weight,3145728,0.0,48,0.00152587890625,0,0.0,-1.410776138305664,1.437107801437378,1.437107801437378,6.357828776041666e-05,0.0003814697265625,0.007152557373046875,0.07143020629882812,0.7050514221191406,7.040977478027344,57.95749028523763,34.21592712402344,0.00152587890625,0.0,0.0
GPT2-Medium,L8,FFN/Intermediate/bias,4096,0.0,0,0.0,0,0.0,-0.23372125625610352,0.23948311805725098,0.23948311805725098,0.0,0.0,0.0244140625,0.048828125,0.6103515625,6.1279296875,70.0439453125,23.14453125,0.0,0.0,0.0
GPT2-Medium,L8,FFN/Intermediate/weight,4194304,0.0,23,0.0005483627319335938,0,0.0,-2.4393062591552734,2.0190436840057373,2.4393062591552734,7.152557373046875e-05,0.0008821487426757812,0.006866455078125,0.06892681121826172,0.7027149200439453,7.019662857055664,59.00089740753174,33.199429512023926,0.0005483627319335938,0.0,0.0
GPT2-Medium,L8,FFN/Output/bias,1024,0.0,1,0.09765625,0,0.0,-1.2534642219543457,0.8213158845901489,1.2534642219543457,0.0,0.0,0.0,0.0,0.78125,5.56640625,53.61328125,39.94140625,0.09765625,0.0,0.0
GPT2-Medium,L8,FFN/Output/weight,4194304,0.0,161,0.0038385391235351562,0,0.0,-3.0681138038635254,4.664832592010498,4.664832592010498,7.152557373046875e-05,0.0007867813110351562,0.009179115295410156,0.08900165557861328,0.9076118469238281,8.953118324279785,68.08655261993408,21.94983959197998,0.0038385391235351562,0.0,0.0
GPT2-Medium,L8,LayerNorm/ln_1/bias,1024,0.0,0,0.0,0,0.0,-0.9490973353385925,0.6505650877952576,0.9490973353385925,0.0,0.0,0.0,0.09765625,3.61328125,27.34375,67.7734375,1.171875,0.0,0.0,0.0
GPT2-Medium,L8,LayerNorm/ln_1/weight,1024,0.0,0,0.0,0,0.0,0.07495162636041641,0.5901364088058472,0.5901364088058472,0.0,0.0,0.0,0.0,0.0,0.0,0.09765625,99.90234375,0.0,0.0,0.0
GPT2-Medium,L8,LayerNorm/ln_2/bias,1024,0.0,0,0.0,0,0.0,-0.4430259168148041,0.46629926562309265,0.46629926562309265,0.0,0.0,0.0,0.1953125,3.3203125,39.453125,56.0546875,0.9765625,0.0,0.0,0.0
GPT2-Medium,L8,LayerNorm/ln_2/weight,1024,0.0,1,0.09765625,0,0.0,0.018016699701547623,1.1445261240005493,1.1445261240005493,0.0,0.0,0.0,0.0,0.0,0.0,0.48828125,99.4140625,0.09765625,0.0,0.0
GPT2-Medium,L9,Attn/O/bias,1024,0.0,2,0.1953125,0,0.0,-1.4293147325515747,1.5962849855422974,1.5962849855422974,0.0,0.0,0.09765625,0.0,0.68359375,8.30078125,67.48046875,23.2421875,0.1953125,0.0,0.0
GPT2-Medium,L9,Attn/O/weight,1048576,0.0,239,0.022792816162109375,0,0.0,-7.194701194763184,5.902225017547607,7.194701194763184,0.0,0.000762939453125,0.00705718994140625,0.08897781372070312,0.8543968200683594,8.509063720703125,66.0670280456543,24.449920654296875,0.022792816162109375,0.0,0.0
GPT2-Medium,L9,Attn/QKV/bias,3072,0.0,0,0.0,0,0.0,-0.6865748167037964,0.5050634145736694,0.6865748167037964,0.0,0.0,0.03255208333333333,0.22786458333333334,2.24609375,23.53515625,62.858072916666664,11.100260416666668,0.0,0.0,0.0
GPT2-Medium,L9,Attn/QKV/weight,3145728,0.0,18,0.00057220458984375,0,0.0,-1.662125825881958,1.203425645828247,1.662125825881958,9.5367431640625e-05,0.000858306884765625,0.008392333984375,0.07206598917643228,0.7264137268066406,7.2851816813151045,58.85953903198242,33.04688135782878,0.00057220458984375,0.0,0.0
GPT2-Medium,L9,FFN/Intermediate/bias,4096,0.0,0,0.0,0,0.0,-0.2115858644247055,0.504015326499939,0.504015326499939,0.0,0.0,0.0244140625,0.1220703125,0.6591796875,7.1533203125,66.30859375,25.732421875,0.0,0.0,0.0
GPT2-Medium,L9,FFN/Intermediate/weight,4194304,0.0,7,0.00016689300537109375,0,0.0,-4.247245788574219,4.434598922729492,4.434598922729492,0.00011920928955078125,0.0008821487426757812,0.006508827209472656,0.07219314575195312,0.7068395614624023,7.063579559326172,59.09695625305176,33.052754402160645,0.00016689300537109375,0.0,0.0
GPT2-Medium,L9,FFN/Output/bias,1024,0.0,1,0.09765625,0,0.0,-1.081538438796997,0.578448474407196,1.081538438796997,0.0,0.0,0.0,0.0,0.78125,7.8125,68.359375,22.94921875,0.09765625,0.0,0.0
GPT2-Medium,L9,FFN/Output/weight,4194304,0.0,96,0.002288818359375,0,0.0,-5.0710859298706055,5.6946702003479,5.6946702003479,0.00019073486328125,0.0010728836059570312,0.007915496826171875,0.08502006530761719,0.8415937423706055,8.412027359008789,65.58353900909424,25.066351890563965,0.002288818359375,0.0,0.0
GPT2-Medium,L9,LayerNorm/ln_1/bias,1024,0.0,0,0.0,0,0.0,-0.7561239004135132,0.8464058637619019,0.8464058637619019,0.0,0.0,0.1953125,0.1953125,2.83203125,22.265625,73.53515625,0.9765625,0.0,0.0,0.0
GPT2-Medium,L9,LayerNorm/ln_1/weight,1024,0.0,0,0.0,0,0.0,0.11409276723861694,0.6895309090614319,0.6895309090614319,0.0,0.0,0.0,0.0,0.0,0.0,0.0,100.0,0.0,0.0,0.0
GPT2-Medium,L9,LayerNorm/ln_2/bias,1024,0.0,0,0.0,0,0.0,-0.6657774448394775,0.41916853189468384,0.6657774448394775,0.0,0.0,0.0,0.390625,3.61328125,32.03125,63.18359375,0.78125,0.0,0.0,0.0
GPT2-Medium,L9,LayerNorm/ln_2/weight,1024,0.0,1,0.09765625,0,0.0,-3.530519097694196e-05,1.425731897354126,1.425731897354126,0.0,0.0,0.0,0.09765625,0.0,0.0,0.5859375,99.21875,0.09765625,0.0,0.0
GPT2-Medium,NO_LAYER,Classifier/weight,2048,0.0,0,0.0,0,0.0,-0.06222129613161087,0.08362584561109543,0.08362584561109543,0.0,0.0,0.048828125,0.1953125,2.783203125,36.474609375,60.498046875,0.0,0.0,0.0,0.0
GPT2-Medium,NO_LAYER,Embeddings/wpe/weight,1048576,0.0,6,0.00057220458984375,0,0.0,-2.5235557556152344,2.589125394821167,2.589125394821167,0.001430511474609375,0.016689300537109375,0.13523101806640625,1.3988494873046875,14.034366607666016,69.83661651611328,12.769889831542969,1.8063545227050781,0.00057220458984375,0.0,0.0
GPT2-Medium,NO_LAYER,Embeddings/wte/weight,51463168,0.0,114,0.00022151764928268698,0,0.0,-1.3290700912475586,0.9381266236305237,1.3290700912475586,6.800980460433373e-05,0.0006451215751039656,0.006348229475495951,0.06452770260859184,0.6482092202330023,6.456244590305828,55.55102243219851,37.272713176149594,0.000221517649282687,0.0,0.0
GPT2-Medium,NO_LAYER,LayerNorm/ln_f/bias,1024,0.0,7,0.68359375,0,0.0,-9.093404769897461,2.747741460800171,9.093404769897461,0.0,0.0,0.0,0.09765625,1.07421875,8.88671875,63.96484375,25.29296875,0.68359375,0.0,0.0
GPT2-Medium,NO_LAYER,LayerNorm/ln_f/weight,1024,0.0,1015,99.12109375,5,0.48828125,0.016006598249077797,19.212846755981445,19.212846755981445,0.0,0.0,0.0,0.0,0.0,0.0,0.09765625,0.78125,98.6328125,0.48828125,0.0
