model,scope,category,n_total,pct_zero,n_abs_gt_1,pct_abs_gt_1,n_abs_gt_10,pct_abs_gt_10,min,max,maxabs,"pct_(1e-08,1e-07]","pct_(1e-07,1e-06]","pct_(1e-06,1e-05]","pct_(1e-05,1e-04]","pct_(1e-04,1e-03]","pct_(1e-03,1e-02]","pct_(1e-02,1e-01]","pct_(1e-01,1e+00]","pct_(1e+00,1e+01]"
OPT-1.3B,ALL,Attn/K/bias,49152,0.0,0,0.0,0,0.0,-0.5,0.5,0.5,0.0,0.0,0.016276041666666664,0.14851888020833331,1.2959798177083335,7.515462239583333,51.877848307291664,39.14591471354167,0.0
OPT-1.3B,ALL,Attn/K/weight,100663296,0.00011722246805826823,0,0.0,0,0.0,-0.291015625,0.290283203125,0.291015625,0.0002284844716389974,0.003575285275777181,0.036534667015075684,0.36350886027018225,3.6361644665400186,34.114789962768555,61.74989938735962,0.09518166383107504,0.0
OPT-1.3B,ALL,Attn/O/bias,49152,0.0,0,0.0,0,0.0,-0.2509765625,0.250244140625,0.2509765625,0.0,0.002034505208333333,0.056966145833333336,0.567626953125,5.9326171875,50.87890625,42.40926106770833,0.152587890625,0.0
OPT-1.3B,ALL,Attn/O/weight,100663296,0.0002006689707438151,0,0.0,0,0.0,-0.5,0.5,0.5,0.0004023313522338867,0.00631113847096761,0.0649432341257731,0.6492992242177327,6.4590444167455034,49.25202627976735,43.53534777959187,0.0324249267578125,0.0
OPT-1.3B,ALL,Attn/Q/bias,49152,0.0020345052083333335,0,0.0,0,0.0,-0.27783203125,0.267822265625,0.27783203125,0.0,0.004069010416666666,0.04679361979166667,0.3926595052083333,3.8431803385416665,36.65974934895833,56.730143229166664,2.321370442708333,0.0
OPT-1.3B,ALL,Attn/Q/weight,100663296,0.00010927518208821614,0,0.0,0,0.0,-0.26708984375,0.25634765625,0.26708984375,0.00023345152537027994,0.0035921732584635415,0.03551145394643147,0.3541290760040283,3.54135533173879,32.6819787422816,63.07689050833384,0.3061999877293905,0.0
OPT-1.3B,ALL,Attn/V/bias,49152,0.0020345052083333335,0,0.0,0,0.0,-0.112548828125,0.126220703125,0.126220703125,0.004069010416666666,0.056966145833333336,0.6062825520833333,6.227620442708334,49.22281901041667,42.755126953125,1.1189778645833335,0.006103515625,0.0
OPT-1.3B,ALL,Attn/V/weight,100663296,0.00020762284596761069,0,0.0,0,0.0,-0.21728515625,0.16845703125,0.21728515625,0.00033676624298095703,0.005264083544413248,0.05325575669606527,0.533031423886617,5.256179968516031,44.13711031277974,50.00450909137726,0.010104974110921223,0.0
OPT-1.3B,ALL,Embeddings/positions/weight,4198400,0.04909012957317073,0,0.0,0,0.0,-0.269775390625,0.2919921875,0.2919921875,0.00042873475609756103,0.008241234756097561,0.07983993902439024,0.7976848323170731,7.984470274390245,63.18935785060975,27.772341844512194,0.11854516006097561,0.0
OPT-1.3B,ALL,Embeddings/weight,102957056,7.187462702896244e-05,0,0.0,0,0.0,-0.2919921875,0.250244140625,0.2919921875,0.00011558217049252069,0.001966839455860121,0.01962080190016311,0.19629446280981463,1.966525732825927,19.42356723952946,77.70614963970998,0.6856878269712763,0.0
OPT-1.3B,ALL,FFN/Intermediate/bias,196608,0.0,0,0.0,0,0.0,-0.13720703125,0.1356201171875,0.13720703125,0.0005086263020833333,0.004069010416666666,0.04628499348958333,0.5320231119791667,5.309041341145834,57.57293701171875,36.51936848958333,0.015767415364583336,0.0
OPT-1.3B,ALL,FFN/Intermediate/weight,402653184,0.00013013680775960287,0,0.0,0,0.0,-0.25146484375,0.298583984375,0.298583984375,0.000276416540145874,0.0039604802926381435,0.040090084075927734,0.40034974614779156,3.9945018788178763,36.44100725650787,59.09497613708178,0.024707863728205364,0.0
OPT-1.3B,ALL,FFN/Output/bias,49152,0.0,0,0.0,0,0.0,-0.25,0.250244140625,0.250244140625,0.0,0.0,0.067138671875,0.52490234375,5.419921875,46.91365559895833,46.98079427083333,0.09358723958333334,0.0
OPT-1.3B,ALL,FFN/Output/weight,402653184,0.00016242265701293945,0,0.0,0,0.0,-0.5,0.5,0.5,0.0003258387247721354,0.0047331055005391445,0.047851602236429855,0.4793514808019002,4.757782320181528,37.2897466023763,57.379223654667534,0.04082297285397847,0.0
OPT-1.3B,ALL,LayerNorm/decoder_final/bias,2048,0.0,0,0.0,0,0.0,-0.25,0.25,0.25,0.0,0.0,0.0,0.048828125,0.5859375,1.416015625,53.076171875,44.873046875,0.0
OPT-1.3B,ALL,LayerNorm/decoder_final/weight,2048,0.0,0,0.0,0,0.0,1.0,1.0,1.0,0.0,0.0,0.0,0.0,0.0,0.0,0.0,100.0,0.0
OPT-1.3B,ALL,LayerNorm/final/bias,49152,0.0,0,0.0,0,0.0,-0.48974609375,0.4326171875,0.48974609375,0.0,0.0,0.010172526041666668,0.042724609375,0.531005859375,5.206298828125,59.440104166666664,34.76969401041667,0.0
OPT-1.3B,ALL,LayerNorm/final/weight,49152,0.0,0,0.0,0,0.0,1.0,1.0,1.0,0.0,0.0,0.0,0.0,0.0,0.0,0.0,100.0,0.0
OPT-1.3B,ALL,LayerNorm/self_attn/bias,49152,0.0,0,0.0,0,0.0,-0.25927734375,0.291015625,0.291015625,0.0,0.0,0.016276041666666664,0.16276041666666669,1.8697102864583333,18.416341145833336,72.88004557291666,6.654866536458333,0.0
OPT-1.3B,ALL,LayerNorm/self_attn/weight,49152,0.0,0,0.0,0,0.0,1.0,1.0,1.0,0.0,0.0,0.0,0.0,0.0,0.0,0.0,100.0,0.0
OPT-1.3B,L0,Attn/K/bias,2048,0.0,0,0.0,0,0.0,-0.125244140625,0.1673583984375,0.1673583984375,0.0,0.0,0.390625,2.44140625,19.189453125,60.15625,17.626953125,0.1953125,0.0
OPT-1.3B,L0,Attn/K/weight,4194304,0.00030994415283203125,0,0.0,0,0.0,-0.2493896484375,0.220703125,0.2493896484375,0.0005006790161132812,0.006771087646484375,0.06840229034423828,0.6843090057373047,6.788039207458496,56.405019760131836,36.03215217590332,0.014495849609375,0.0
OPT-1.3B,L0,Attn/O/bias,2048,0.0,0,0.0,0,0.0,-0.2509765625,0.250244140625,0.2509765625,0.0,0.0,0.09765625,0.439453125,4.248046875,37.79296875,57.2265625,0.1953125,0.0
OPT-1.3B,L0,Attn/O/weight,4194304,0.0006198883056640625,0,0.0,0,0.0,-0.5,0.5,0.5,0.0014066696166992188,0.01652240753173828,0.17638206481933594,1.7822027206420898,17.622661590576172,77.1848201751709,3.144550323486328,0.07083415985107422,0.0
OPT-1.3B,L0,Attn/Q/bias,2048,0.0,0,0.0,0,0.0,-0.27783203125,0.267822265625,0.27783203125,0.0,0.0,0.0,0.390625,3.564453125,32.080078125,55.95703125,8.0078125,0.0
OPT-1.3B,L0,Attn/Q/weight,4194304,0.0003337860107421875,0,0.0,0,0.0,-0.251220703125,0.256103515625,0.256103515625,0.000286102294921875,0.006747245788574219,0.06453990936279297,0.6676673889160156,6.6501617431640625,56.085991859436035,36.5140438079834,0.010228157043457031,0.0
OPT-1.3B,L0,Attn/V/bias,2048,0.0,0,0.0,0,0.0,-0.112548828125,0.126220703125,0.126220703125,0.048828125,0.0,0.341796875,2.83203125,24.462890625,59.619140625,12.548828125,0.146484375,0.0
OPT-1.3B,L0,Attn/V/weight,4194304,0.0006198883056640625,0,0.0,0,0.0,-0.1259765625,0.08319091796875,0.1259765625,0.00095367431640625,0.014042854309082031,0.1375436782836914,1.3936996459960938,13.869833946228027,76.75237655639648,7.830905914306641,2.384185791015625e-05,0.0
OPT-1.3B,L0,FFN/Intermediate/bias,8192,0.0,0,0.0,0,0.0,-0.0848388671875,0.1356201171875,0.1356201171875,0.0,0.0,0.18310546875,1.1474609375,11.68212890625,79.4921875,7.45849609375,0.03662109375,0.0
OPT-1.3B,L0,FFN/Intermediate/weight,16777216,0.00017881393432617188,0,0.0,0,0.0,-0.25,0.251708984375,0.251708984375,0.0003039836883544922,0.004255771636962891,0.04292130470275879,0.42589306831359863,4.23697829246521,39.17307257652283,56.10376596450806,0.012630224227905273,0.0
OPT-1.3B,L0,FFN/Output/bias,2048,0.0,0,0.0,0,0.0,-0.221923828125,0.250244140625,0.250244140625,0.0,0.0,0.048828125,0.48828125,4.541015625,48.2421875,46.435546875,0.244140625,0.0
OPT-1.3B,L0,FFN/Output/weight,16777216,0.0001609325408935547,0,0.0,0,0.0,-0.5,0.5,0.5,0.0003039836883544922,0.0047206878662109375,0.045740604400634766,0.46169161796569824,4.591459035873413,42.14929938316345,52.71916389465332,0.02745985984802246,0.0
OPT-1.3B,L0,LayerNorm/final/bias,2048,0.0,0,0.0,0,0.0,-0.48974609375,0.4326171875,0.48974609375,0.0,0.0,0.0,0.0,0.1953125,2.24609375,32.177734375,65.380859375,0.0
OPT-1.3B,L0,LayerNorm/final/weight,2048,0.0,0,0.0,0,0.0,1.0,1.0,1.0,0.0,0.0,0.0,0.0,0.0,0.0,0.0,100.0,0.0
OPT-1.3B,L0,LayerNorm/self_attn/bias,2048,0.0,0,0.0,0,0.0,-0.1553955078125,0.1632080078125,0.1632080078125,0.0,0.0,0.048828125,0.09765625,0.9765625,10.009765625,80.46875,8.3984375,0.0
OPT-1.3B,L0,LayerNorm/self_attn/weight,2048,0.0,0,0.0,0,0.0,1.0,1.0,1.0,0.0,0.0,0.0,0.0,0.0,0.0,0.0,100.0,0.0
OPT-1.3B,L10,Attn/K/bias,2048,0.0,0,0.0,0,0.0,-0.25,0.25,0.25,0.0,0.0,0.0,0.048828125,0.537109375,5.56640625,86.572265625,7.275390625,0.0
OPT-1.3B,L10,Attn/K/weight,4194304,0.0001430511474609375,0,0.0,0,0.0,-0.263916015625,0.2666015625,0.2666015625,0.0002384185791015625,0.002765655517578125,0.03159046173095703,0.3127574920654297,3.103041648864746,29.764342308044434,66.6895866394043,0.0955343246459961,0.0
OPT-1.3B,L10,Attn/O/bias,2048,0.0,0,0.0,0,0.0,-0.07318115234375,0.12481689453125,0.12481689453125,0.0,0.0,0.048828125,0.537109375,6.689453125,51.025390625,41.650390625,0.048828125,0.0
OPT-1.3B,L10,Attn/O/weight,4194304,9.5367431640625e-05,0,0.0,0,0.0,-0.25244140625,0.263671875,0.263671875,0.0003337860107421875,0.0062465667724609375,0.05784034729003906,0.577545166015625,5.753612518310547,51.14951133728027,42.44871139526367,0.006103515625,0.0
OPT-1.3B,L10,Attn/Q/bias,2048,0.0,0,0.0,0,0.0,-0.2498779296875,0.2498779296875,0.2498779296875,0.0,0.0,0.0,0.390625,4.345703125,40.8203125,53.90625,0.537109375,0.0
OPT-1.3B,L10,Attn/Q/weight,4194304,9.5367431640625e-05,0,0.0,0,0.0,-0.250244140625,0.250732421875,0.250732421875,0.00019073486328125,0.0031948089599609375,0.030231475830078125,0.2942085266113281,2.9042720794677734,28.066492080688477,68.6272382736206,0.07407665252685547,0.0
OPT-1.3B,L10,Attn/V/bias,2048,0.0,0,0.0,0,0.0,-0.0247955322265625,0.01371002197265625,0.0247955322265625,0.0,0.09765625,0.439453125,5.908203125,49.951171875,43.310546875,0.29296875,0.0,0.0
OPT-1.3B,L10,Attn/V/weight,4194304,0.00019073486328125,0,0.0,0,0.0,-0.13720703125,0.101318359375,0.13720703125,0.0004291534423828125,0.004887580871582031,0.05347728729248047,0.5251646041870117,5.193567276000977,45.5902099609375,48.631978034973145,9.5367431640625e-05,0.0
OPT-1.3B,L10,FFN/Intermediate/bias,8192,0.0,0,0.0,0,0.0,-0.05670166015625,0.054840087890625,0.05670166015625,0.0,0.0,0.06103515625,0.3662109375,4.00390625,66.40625,29.16259765625,0.0,0.0
OPT-1.3B,L10,FFN/Intermediate/weight,16777216,7.748603820800781e-05,0,0.0,0,0.0,-0.250732421875,0.25048828125,0.250732421875,0.0002503395080566406,0.003635883331298828,0.03801584243774414,0.38628578186035156,3.8602352142333984,35.896235704422,59.80018377304077,0.015079975128173828,0.0
OPT-1.3B,L10,FFN/Output/bias,2048,0.0,0,0.0,0,0.0,-0.07952880859375,0.0826416015625,0.0826416015625,0.0,0.0,0.146484375,0.29296875,5.126953125,48.095703125,46.337890625,0.0,0.0
OPT-1.3B,L10,FFN/Output/weight,16777216,8.940696716308594e-05,0,0.0,0,0.0,-0.28076171875,0.5,0.5,0.0001728534698486328,0.0041544437408447266,0.04201531410217285,0.41658878326416016,4.149371385574341,36.78621053695679,58.58417749404907,0.01721978187561035,0.0
OPT-1.3B,L10,LayerNorm/final/bias,2048,0.0,0,0.0,0,0.0,-0.25,0.2498779296875,0.25,0.0,0.0,0.0,0.048828125,0.29296875,5.56640625,65.8203125,28.271484375,0.0
OPT-1.3B,L10,LayerNorm/final/weight,2048,0.0,0,0.0,0,0.0,1.0,1.0,1.0,0.0,0.0,0.0,0.0,0.0,0.0,0.0,100.0,0.0
OPT-1.3B,L10,LayerNorm/self_attn/bias,2048,0.0,0,0.0,0,0.0,-0.25048828125,0.2333984375,0.25048828125,0.0,0.0,0.0,0.0,2.34375,18.896484375,77.9296875,0.830078125,0.0
OPT-1.3B,L10,LayerNorm/self_attn/weight,2048,0.0,0,0.0,0,0.0,1.0,1.0,1.0,0.0,0.0,0.0,0.0,0.0,0.0,0.0,100.0,0.0
OPT-1.3B,L11,Attn/K/bias,2048,0.0,0,0.0,0,0.0,-0.25,0.253173828125,0.253173828125,0.0,0.0,0.0,0.0,0.146484375,4.4921875,87.158203125,8.203125,0.0
OPT-1.3B,L11,Attn/K/weight,4194304,7.152557373046875e-05,0,0.0,0,0.0,-0.269287109375,0.275146484375,0.275146484375,4.76837158203125e-05,0.0026702880859375,0.03070831298828125,0.3159523010253906,3.224349021911621,30.888843536376953,65.4564380645752,0.08091926574707031,0.0
OPT-1.3B,L11,Attn/O/bias,2048,0.0,0,0.0,0,0.0,-0.08074951171875,0.12493896484375,0.12493896484375,0.0,0.0,0.0,0.68359375,7.91015625,60.888671875,30.46875,0.048828125,0.0
OPT-1.3B,L11,Attn/O/weight,4194304,0.00021457672119140625,0,0.0,0,0.0,-0.2578125,0.27392578125,0.27392578125,0.0003814697265625,0.005316734313964844,0.055289268493652344,0.5608558654785156,5.565762519836426,49.553656578063965,44.25363540649414,0.004887580871582031,0.0
OPT-1.3B,L11,Attn/Q/bias,2048,0.0,0,0.0,0,0.0,-0.25,0.169677734375,0.25,0.0,0.0,0.0,0.634765625,3.61328125,40.576171875,54.150390625,1.025390625,0.0
OPT-1.3B,L11,Attn/Q/weight,4194304,7.152557373046875e-05,0,0.0,0,0.0,-0.2276611328125,0.18994140625,0.2276611328125,0.0001430511474609375,0.002574920654296875,0.031256675720214844,0.30715465545654297,3.0565500259399414,29.27422523498535,67.2868013381958,0.041222572326660156,0.0
OPT-1.3B,L11,Attn/V/bias,2048,0.0,0,0.0,0,0.0,-0.0167083740234375,0.02752685546875,0.02752685546875,0.0,0.048828125,0.87890625,5.56640625,50.29296875,42.919921875,0.29296875,0.0,0.0
OPT-1.3B,L11,Attn/V/weight,4194304,0.0001430511474609375,0,0.0,0,0.0,-0.12548828125,0.10791015625,0.12548828125,0.00021457672119140625,0.0056743621826171875,0.05023479461669922,0.5075931549072266,5.030941963195801,44.534969329833984,49.87003803253174,0.00019073486328125,0.0
OPT-1.3B,L11,FFN/Intermediate/bias,8192,0.0,0,0.0,0,0.0,-0.044342041015625,0.0572509765625,0.0572509765625,0.0,0.0,0.03662109375,0.45166015625,4.28466796875,63.19580078125,32.03125,0.0,0.0
OPT-1.3B,L11,FFN/Intermediate/weight,16777216,0.00010728836059570312,0,0.0,0,0.0,-0.25146484375,0.2491455078125,0.25146484375,0.0003039836883544922,0.003707408905029297,0.03851652145385742,0.3882110118865967,3.866666555404663,36.13283634185791,59.55720543861389,0.012445449829101562,0.0
OPT-1.3B,L11,FFN/Output/bias,2048,0.0,0,0.0,0,0.0,-0.0775146484375,0.07684326171875,0.0775146484375,0.0,0.0,0.0,0.732421875,5.810546875,52.490234375,40.966796875,0.0,0.0
OPT-1.3B,L11,FFN/Output/weight,16777216,0.0001430511474609375,0,0.0,0,0.0,-0.2548828125,0.5,0.5,0.00029206275939941406,0.004035234451293945,0.041222572326660156,0.41478872299194336,4.127591848373413,37.30002045631409,58.09562802314758,0.01627802848815918,0.0
OPT-1.3B,L11,LayerNorm/final/bias,2048,0.0,0,0.0,0,0.0,-0.25,0.249755859375,0.25,0.0,0.0,0.0,0.048828125,0.439453125,6.73828125,64.16015625,28.61328125,0.0
OPT-1.3B,L11,LayerNorm/final/weight,2048,0.0,0,0.0,0,0.0,1.0,1.0,1.0,0.0,0.0,0.0,0.0,0.0,0.0,0.0,100.0,0.0
OPT-1.3B,L11,LayerNorm/self_attn/bias,2048,0.0,0,0.0,0,0.0,-0.251220703125,0.248291015625,0.251220703125,0.0,0.0,0.0,0.09765625,2.5390625,21.923828125,74.8046875,0.634765625,0.0
OPT-1.3B,L11,LayerNorm/self_attn/weight,2048,0.0,0,0.0,0,0.0,1.0,1.0,1.0,0.0,0.0,0.0,0.0,0.0,0.0,0.0,100.0,0.0
OPT-1.3B,L12,Attn/K/bias,2048,0.0,0,0.0,0,0.0,-0.2783203125,0.261474609375,0.2783203125,0.0,0.0,0.0,0.048828125,0.09765625,3.80859375,86.71875,9.326171875,0.0
OPT-1.3B,L12,Attn/K/weight,4194304,0.00011920928955078125,0,0.0,0,0.0,-0.269775390625,0.276123046875,0.276123046875,0.0002384185791015625,0.0034809112548828125,0.03337860107421875,0.3386497497558594,3.360414505004883,32.18879699707031,63.982605934143066,0.092315673828125,0.0
OPT-1.3B,L12,Attn/O/bias,2048,0.0,0,0.0,0,0.0,-0.05950927734375,0.1248779296875,0.1248779296875,0.0,0.0,0.146484375,0.9765625,6.884765625,59.716796875,32.2265625,0.048828125,0.0
OPT-1.3B,L12,Attn/O/weight,4194304,0.00019073486328125,0,0.0,0,0.0,-0.25244140625,0.253662109375,0.253662109375,0.00040531158447265625,0.005269050598144531,0.05702972412109375,0.5582809448242188,5.554509162902832,49.15728569030762,44.661855697631836,0.005173683166503906,0.0
OPT-1.3B,L12,Attn/Q/bias,2048,0.0,0,0.0,0,0.0,-0.2498779296875,0.2498779296875,0.2498779296875,0.0,0.0,0.244140625,0.634765625,4.052734375,40.72265625,53.173828125,1.171875,0.0
OPT-1.3B,L12,Attn/Q/weight,4194304,2.384185791015625e-05,0,0.0,0,0.0,-0.2470703125,0.2469482421875,0.2470703125,0.00026226043701171875,0.0032663345336914062,0.03082752227783203,0.3148794174194336,3.140878677368164,30.09464740753174,66.37706756591797,0.03814697265625,0.0
OPT-1.3B,L12,Attn/V/bias,2048,0.0,0,0.0,0,0.0,-0.034423828125,0.04278564453125,0.04278564453125,0.0,0.048828125,0.29296875,5.37109375,44.921875,47.802734375,1.5625,0.0,0.0
OPT-1.3B,L12,Attn/V/weight,4194304,0.0001430511474609375,0,0.0,0,0.0,-0.13916015625,0.1405029296875,0.1405029296875,0.0005006790161132812,0.0049114227294921875,0.05173683166503906,0.5276679992675781,5.16965389251709,45.54269313812256,48.7025260925293,0.00016689300537109375,0.0
OPT-1.3B,L12,FFN/Intermediate/bias,8192,0.0,0,0.0,0,0.0,-0.062103271484375,0.0657958984375,0.0657958984375,0.0,0.0,0.0,0.35400390625,3.6865234375,53.82080078125,42.138671875,0.0,0.0
OPT-1.3B,L12,FFN/Intermediate/weight,16777216,0.00014901161193847656,0,0.0,0,0.0,-0.250244140625,0.2255859375,0.250244140625,0.0003039836883544922,0.0039517879486083984,0.0390172004699707,0.3965318202972412,3.9440572261810303,36.92154288291931,58.68701934814453,0.007426738739013672,0.0
OPT-1.3B,L12,FFN/Output/bias,2048,0.0,0,0.0,0,0.0,-0.07403564453125,0.12396240234375,0.12396240234375,0.0,0.0,0.048828125,0.68359375,6.201171875,52.5390625,40.478515625,0.048828125,0.0
OPT-1.3B,L12,FFN/Output/weight,16777216,0.0001430511474609375,0,0.0,0,0.0,-0.25146484375,0.5,0.5,0.0002503395080566406,0.004106760025024414,0.0417172908782959,0.42073726654052734,4.198211431503296,38.618505001068115,56.70488476753235,0.011444091796875,0.0
OPT-1.3B,L12,LayerNorm/final/bias,2048,0.0,0,0.0,0,0.0,-0.247314453125,0.237060546875,0.247314453125,0.0,0.0,0.0,0.146484375,0.78125,7.32421875,70.5078125,21.240234375,0.0
OPT-1.3B,L12,LayerNorm/final/weight,2048,0.0,0,0.0,0,0.0,1.0,1.0,1.0,0.0,0.0,0.0,0.0,0.0,0.0,0.0,100.0,0.0
OPT-1.3B,L12,LayerNorm/self_attn/bias,2048,0.0,0,0.0,0,0.0,-0.25,0.2279052734375,0.25,0.0,0.0,0.048828125,0.29296875,2.1484375,20.99609375,75.732421875,0.78125,0.0
OPT-1.3B,L12,LayerNorm/self_attn/weight,2048,0.0,0,0.0,0,0.0,1.0,1.0,1.0,0.0,0.0,0.0,0.0,0.0,0.0,0.0,100.0,0.0
OPT-1.3B,L13,Attn/K/bias,2048,0.0,0,0.0,0,0.0,-0.393310546875,0.374267578125,0.393310546875,0.0,0.0,0.0,0.048828125,0.29296875,2.685546875,79.00390625,17.96875,0.0
OPT-1.3B,L13,Attn/K/weight,4194304,9.5367431640625e-05,0,0.0,0,0.0,-0.285888671875,0.273681640625,0.285888671875,0.00016689300537109375,0.003147125244140625,0.037217140197753906,0.3422260284423828,3.4851551055908203,33.254051208496094,62.776732444763184,0.10120868682861328,0.0
OPT-1.3B,L13,Attn/O/bias,2048,0.0,0,0.0,0,0.0,-0.1387939453125,0.125732421875,0.1387939453125,0.0,0.0,0.146484375,0.732421875,6.298828125,56.34765625,36.279296875,0.1953125,0.0
OPT-1.3B,L13,Attn/O/weight,4194304,0.00016689300537109375,0,0.0,0,0.0,-0.251220703125,0.25146484375,0.25146484375,0.000286102294921875,0.005459785461425781,0.051784515380859375,0.5446195602416992,5.346512794494629,47.79517650604248,46.25136852264404,0.0046253204345703125,0.0
OPT-1.3B,L13,Attn/Q/bias,2048,0.0,0,0.0,0,0.0,-0.25,0.250244140625,0.250244140625,0.0,0.0,0.048828125,0.341796875,4.150390625,39.6484375,54.78515625,1.025390625,0.0
OPT-1.3B,L13,Attn/Q/weight,4194304,0.0001430511474609375,0,0.0,0,0.0,-0.25,0.25,0.25,0.00026226043701171875,0.00324249267578125,0.033020973205566406,0.3279447555541992,3.2630205154418945,30.887198448181152,65.4362678527832,0.04889965057373047,0.0
OPT-1.3B,L13,Attn/V/bias,2048,0.0,0,0.0,0,0.0,-0.037322998046875,0.03564453125,0.037322998046875,0.0,0.0,0.390625,5.126953125,43.359375,50.146484375,0.9765625,0.0,0.0
OPT-1.3B,L13,Attn/V/weight,4194304,0.0001430511474609375,0,0.0,0,0.0,-0.10626220703125,0.12939453125,0.12939453125,0.000286102294921875,0.005054473876953125,0.052428245544433594,0.51727294921875,5.091404914855957,44.870710372924805,49.46248531341553,0.00021457672119140625,0.0
OPT-1.3B,L13,FFN/Intermediate/bias,8192,0.0,0,0.0,0,0.0,-0.0799560546875,0.062469482421875,0.0799560546875,0.0,0.0,0.048828125,0.2197265625,3.80859375,47.47314453125,48.44970703125,0.0,0.0
OPT-1.3B,L13,FFN/Intermediate/weight,16777216,8.940696716308594e-05,0,0.0,0,0.0,-0.1951904296875,0.2432861328125,0.2432861328125,0.0002503395080566406,0.0041961669921875,0.039577484130859375,0.3927886486053467,3.9293527603149414,36.80441379547119,58.821648359298706,0.0076830387115478516,0.0
OPT-1.3B,L13,FFN/Output/bias,2048,0.0,0,0.0,0,0.0,-0.07733154296875,0.1126708984375,0.1126708984375,0.0,0.0,0.0,0.48828125,6.396484375,52.490234375,40.576171875,0.048828125,0.0
OPT-1.3B,L13,FFN/Output/weight,16777216,0.00020265579223632812,0,0.0,0,0.0,-0.250732421875,0.5,0.5,0.00026226043701171875,0.004369020462036133,0.041872262954711914,0.4176199436187744,4.181915521621704,38.54635953903198,56.79507851600647,0.012320280075073242,0.0
OPT-1.3B,L13,LayerNorm/final/bias,2048,0.0,0,0.0,0,0.0,-0.1953125,0.17578125,0.1953125,0.0,0.0,0.048828125,0.09765625,0.87890625,6.34765625,72.75390625,19.873046875,0.0
OPT-1.3B,L13,LayerNorm/final/weight,2048,0.0,0,0.0,0,0.0,1.0,1.0,1.0,0.0,0.0,0.0,0.0,0.0,0.0,0.0,100.0,0.0
OPT-1.3B,L13,LayerNorm/self_attn/bias,2048,0.0,0,0.0,0,0.0,-0.25,0.1956787109375,0.25,0.0,0.0,0.0,0.244140625,2.34375,20.5078125,75.78125,1.123046875,0.0
OPT-1.3B,L13,LayerNorm/self_attn/weight,2048,0.0,0,0.0,0,0.0,1.0,1.0,1.0,0.0,0.0,0.0,0.0,0.0,0.0,0.0,100.0,0.0
OPT-1.3B,L14,Attn/K/bias,2048,0.0,0,0.0,0,0.0,-0.5,0.5,0.5,0.0,0.0,0.0,0.048828125,0.29296875,1.46484375,73.193359375,25.0,0.0
OPT-1.3B,L14,Attn/K/weight,4194304,7.152557373046875e-05,0,0.0,0,0.0,-0.27294921875,0.27587890625,0.27587890625,0.0003337860107421875,0.0033855438232421875,0.033473968505859375,0.34668445587158203,3.509235382080078,33.32557678222656,62.712645530700684,0.06859302520751953,0.0
OPT-1.3B,L14,Attn/O/bias,2048,0.0,0,0.0,0,0.0,-0.0413818359375,0.1378173828125,0.1378173828125,0.0,0.0,0.0,0.634765625,6.494140625,54.296875,38.4765625,0.09765625,0.0
OPT-1.3B,L14,Attn/O/weight,4194304,0.00011920928955078125,0,0.0,0,0.0,-0.252685546875,0.25732421875,0.25732421875,0.00035762786865234375,0.004982948303222656,0.04897117614746094,0.4831552505493164,4.866933822631836,44.43650245666504,50.15554428100586,0.0034332275390625,0.0
OPT-1.3B,L14,Attn/Q/bias,2048,0.0,0,0.0,0,0.0,-0.248046875,0.25,0.25,0.0,0.0,0.0,0.390625,4.052734375,41.357421875,53.41796875,0.78125,0.0
OPT-1.3B,L14,Attn/Q/weight,4194304,9.5367431640625e-05,0,0.0,0,0.0,-0.2244873046875,0.2113037109375,0.2244873046875,0.00021457672119140625,0.0034093856811523438,0.03523826599121094,0.3201723098754883,3.243875503540039,31.187963485717773,65.1984453201294,0.010585784912109375,0.0
OPT-1.3B,L14,Attn/V/bias,2048,0.048828125,0,0.0,0,0.0,-0.0253753662109375,0.028472900390625,0.028472900390625,0.0,0.0,0.5859375,4.6875,42.7734375,51.318359375,0.5859375,0.0,0.0
OPT-1.3B,L14,Attn/V/weight,4194304,4.76837158203125e-05,0,0.0,0,0.0,-0.129638671875,0.129638671875,0.129638671875,0.00030994415283203125,0.0049114227294921875,0.046944618225097656,0.46901702880859375,4.684686660766602,42.237019538879395,52.556633949279785,0.0004291534423828125,0.0
OPT-1.3B,L14,FFN/Intermediate/bias,8192,0.0,0,0.0,0,0.0,-0.066650390625,0.1253662109375,0.1253662109375,0.0,0.0,0.0,0.30517578125,3.11279296875,38.90380859375,57.666015625,0.01220703125,0.0
OPT-1.3B,L14,FFN/Intermediate/weight,16777216,0.00011920928955078125,0,0.0,0,0.0,-0.197021484375,0.2091064453125,0.2091064453125,0.00032782554626464844,0.0038743019104003906,0.03930926322937012,0.3887057304382324,3.8877904415130615,36.50379180908203,59.16757583618164,0.008505582809448242,0.0
OPT-1.3B,L14,FFN/Output/bias,2048,0.0,0,0.0,0,0.0,-0.16552734375,0.11712646484375,0.16552734375,0.0,0.0,0.09765625,0.87890625,5.029296875,48.876953125,44.970703125,0.146484375,0.0
OPT-1.3B,L14,FFN/Output/weight,16777216,0.00015497207641601562,0,0.0,0,0.0,-0.250732421875,0.5,0.5,0.000286102294921875,0.003981590270996094,0.041556358337402344,0.41612982749938965,4.132282733917236,38.29072117805481,57.095056772232056,0.01983046531677246,0.0
OPT-1.3B,L14,LayerNorm/final/bias,2048,0.0,0,0.0,0,0.0,-0.1673583984375,0.153564453125,0.1673583984375,0.0,0.0,0.0,0.0,0.341796875,6.640625,75.146484375,17.87109375,0.0
OPT-1.3B,L14,LayerNorm/final/weight,2048,0.0,0,0.0,0,0.0,1.0,1.0,1.0,0.0,0.0,0.0,0.0,0.0,0.0,0.0,100.0,0.0
OPT-1.3B,L14,LayerNorm/self_attn/bias,2048,0.0,0,0.0,0,0.0,-0.21337890625,0.156494140625,0.21337890625,0.0,0.0,0.0,0.1953125,2.63671875,21.728515625,74.609375,0.830078125,0.0
OPT-1.3B,L14,LayerNorm/self_attn/weight,2048,0.0,0,0.0,0,0.0,1.0,1.0,1.0,0.0,0.0,0.0,0.0,0.0,0.0,0.0,100.0,0.0
OPT-1.3B,L15,Attn/K/bias,2048,0.0,0,0.0,0,0.0,-0.5,0.5,0.5,0.0,0.0,0.0,0.0,0.048828125,0.68359375,51.806640625,47.4609375,0.0
OPT-1.3B,L15,Attn/K/weight,4194304,0.0001430511474609375,0,0.0,0,0.0,-0.26513671875,0.264892578125,0.26513671875,0.00019073486328125,0.0034809112548828125,0.03528594970703125,0.3581047058105469,3.5626649856567383,34.03284549713135,61.95473670959473,0.052547454833984375,0.0
OPT-1.3B,L15,Attn/O/bias,2048,0.0,0,0.0,0,0.0,-0.25,0.2176513671875,0.25,0.0,0.0,0.1953125,0.5859375,6.982421875,58.642578125,33.30078125,0.29296875,0.0
OPT-1.3B,L15,Attn/O/weight,4194304,7.152557373046875e-05,0,0.0,0,0.0,-0.253662109375,0.255615234375,0.255615234375,0.0001430511474609375,0.004291534423828125,0.04622936248779297,0.4412412643432617,4.440593719482422,41.14677906036377,53.91654968261719,0.004100799560546875,0.0
OPT-1.3B,L15,Attn/Q/bias,2048,0.0,0,0.0,0,0.0,-0.250244140625,0.251953125,0.251953125,0.0,0.0,0.09765625,0.5859375,5.078125,43.26171875,49.609375,1.3671875,0.0
OPT-1.3B,L15,Attn/Q/weight,4194304,7.152557373046875e-05,0,0.0,0,0.0,-0.2496337890625,0.25,0.25,0.00021457672119140625,0.0033855438232421875,0.03299713134765625,0.3338336944580078,3.368806838989258,32.08754062652588,64.16399478912354,0.0091552734375,0.0
OPT-1.3B,L15,Attn/V/bias,2048,0.0,0,0.0,0,0.0,-0.0391845703125,0.0272979736328125,0.0391845703125,0.0,0.09765625,0.341796875,4.78515625,45.751953125,48.193359375,0.830078125,0.0,0.0
OPT-1.3B,L15,Attn/V/weight,4194304,0.0001430511474609375,0,0.0,0,0.0,-0.1441650390625,0.14599609375,0.14599609375,0.00016689300537109375,0.00400543212890625,0.04425048828125,0.4341602325439453,4.309415817260742,39.160895347595215,56.04581832885742,0.0011444091796875,0.0
OPT-1.3B,L15,FFN/Intermediate/bias,8192,0.0,0,0.0,0,0.0,-0.06463623046875,0.1015625,0.1015625,0.0,0.0,0.0,0.28076171875,2.96630859375,41.76025390625,54.98046875,0.01220703125,0.0
OPT-1.3B,L15,FFN/Intermediate/weight,16777216,9.5367431640625e-05,0,0.0,0,0.0,-0.182861328125,0.2279052734375,0.2279052734375,0.0003457069396972656,0.0038862228393554688,0.03801584243774414,0.3814518451690674,3.8043200969696045,35.944175720214844,59.819090366363525,0.008618831634521484,0.0
OPT-1.3B,L15,FFN/Output/bias,2048,0.0,0,0.0,0,0.0,-0.1435546875,0.125732421875,0.1435546875,0.0,0.0,0.146484375,0.634765625,6.005859375,52.783203125,40.33203125,0.09765625,0.0
OPT-1.3B,L15,FFN/Output/weight,16777216,0.0001609325408935547,0,0.0,0,0.0,-0.25146484375,0.369873046875,0.369873046875,0.0002980232238769531,0.004285573959350586,0.04063844680786133,0.406569242477417,4.078459739685059,37.72284388542175,57.72441625595093,0.022327899932861328,0.0
OPT-1.3B,L15,LayerNorm/final/bias,2048,0.0,0,0.0,0,0.0,-0.1805419921875,0.1795654296875,0.1805419921875,0.0,0.0,0.0,0.048828125,0.830078125,6.93359375,72.412109375,19.775390625,0.0
OPT-1.3B,L15,LayerNorm/final/weight,2048,0.0,0,0.0,0,0.0,1.0,1.0,1.0,0.0,0.0,0.0,0.0,0.0,0.0,0.0,100.0,0.0
OPT-1.3B,L15,LayerNorm/self_attn/bias,2048,0.0,0,0.0,0,0.0,-0.167724609375,0.158203125,0.167724609375,0.0,0.0,0.048828125,0.09765625,2.978515625,25.29296875,71.240234375,0.341796875,0.0
OPT-1.3B,L15,LayerNorm/self_attn/weight,2048,0.0,0,0.0,0,0.0,1.0,1.0,1.0,0.0,0.0,0.0,0.0,0.0,0.0,0.0,100.0,0.0
OPT-1.3B,L16,Attn/K/bias,2048,0.0,0,0.0,0,0.0,-0.5,0.5,0.5,0.0,0.0,0.0,0.0,0.0,0.634765625,40.625,58.740234375,0.0
OPT-1.3B,L16,Attn/K/weight,4194304,7.152557373046875e-05,0,0.0,0,0.0,-0.2685546875,0.279541015625,0.279541015625,0.00045299530029296875,0.0036716461181640625,0.03800392150878906,0.38552284240722656,3.8242578506469727,36.13584041595459,59.548020362854004,0.06415843963623047,0.0
OPT-1.3B,L16,Attn/O/bias,2048,0.0,0,0.0,0,0.0,-0.16552734375,0.1458740234375,0.16552734375,0.0,0.0,0.0,0.5859375,5.224609375,51.513671875,42.3828125,0.29296875,0.0
OPT-1.3B,L16,Attn/O/weight,4194304,0.00016689300537109375,0,0.0,0,0.0,-0.25244140625,0.251953125,0.25244140625,0.00030994415283203125,0.0037908554077148438,0.040984153747558594,0.4268169403076172,4.216575622558594,39.449357986450195,55.85479736328125,0.0072002410888671875,0.0
OPT-1.3B,L16,Attn/Q/bias,2048,0.0,0,0.0,0,0.0,-0.224853515625,0.2442626953125,0.2442626953125,0.0,0.0,0.0,0.537109375,4.345703125,45.166015625,48.33984375,1.611328125,0.0
OPT-1.3B,L16,Attn/Q/weight,4194304,7.152557373046875e-05,0,0.0,0,0.0,-0.2054443359375,0.20458984375,0.2054443359375,0.00011920928955078125,0.003910064697265625,0.03669261932373047,0.34902095794677734,3.511953353881836,33.63003730773926,62.4650239944458,0.0031709671020507812,0.0
OPT-1.3B,L16,Attn/V/bias,2048,0.0,0,0.0,0,0.0,-0.029754638671875,0.032012939453125,0.032012939453125,0.0,0.0,0.390625,3.955078125,40.576171875,53.759765625,1.318359375,0.0,0.0
OPT-1.3B,L16,Attn/V/weight,4194304,0.00011920928955078125,0,0.0,0,0.0,-0.11346435546875,0.1181640625,0.1181640625,0.0002384185791015625,0.004124641418457031,0.04341602325439453,0.42405128479003906,4.199695587158203,38.492393493652344,56.835007667541504,0.00095367431640625,0.0
OPT-1.3B,L16,FFN/Intermediate/bias,8192,0.0,0,0.0,0,0.0,-0.1165771484375,0.091796875,0.1165771484375,0.0,0.0,0.06103515625,0.3662109375,2.9541015625,40.6005859375,56.005859375,0.01220703125,0.0
OPT-1.3B,L16,FFN/Intermediate/weight,16777216,0.00018477439880371094,0,0.0,0,0.0,-0.218994140625,0.22509765625,0.22509765625,0.0003039836883544922,0.0034868717193603516,0.03788471221923828,0.37065744400024414,3.705298900604248,35.12873649597168,60.74357032775879,0.009876489639282227,0.0
OPT-1.3B,L16,FFN/Output/bias,2048,0.0,0,0.0,0,0.0,-0.1488037109375,0.1260986328125,0.1488037109375,0.0,0.0,0.1953125,0.732421875,6.0546875,45.166015625,47.705078125,0.146484375,0.0
OPT-1.3B,L16,FFN/Output/weight,16777216,0.00011324882507324219,0,0.0,0,0.0,-0.251953125,0.311279296875,0.311279296875,0.00026226043701171875,0.003898143768310547,0.03873109817504883,0.38864612579345703,3.888368606567383,36.331963539123535,59.31852459907532,0.02949237823486328,0.0
OPT-1.3B,L16,LayerNorm/final/bias,2048,0.0,0,0.0,0,0.0,-0.182861328125,0.2205810546875,0.2205810546875,0.0,0.0,0.048828125,0.048828125,0.830078125,5.6640625,68.017578125,25.390625,0.0
OPT-1.3B,L16,LayerNorm/final/weight,2048,0.0,0,0.0,0,0.0,1.0,1.0,1.0,0.0,0.0,0.0,0.0,0.0,0.0,0.0,100.0,0.0
OPT-1.3B,L16,LayerNorm/self_attn/bias,2048,0.0,0,0.0,0,0.0,-0.228515625,0.166015625,0.228515625,0.0,0.0,0.0,0.244140625,2.490234375,22.8515625,73.6328125,0.78125,0.0
OPT-1.3B,L16,LayerNorm/self_attn/weight,2048,0.0,0,0.0,0,0.0,1.0,1.0,1.0,0.0,0.0,0.0,0.0,0.0,0.0,0.0,100.0,0.0
OPT-1.3B,L17,Attn/K/bias,2048,0.0,0,0.0,0,0.0,-0.5,0.5,0.5,0.0,0.0,0.0,0.0,0.048828125,0.439453125,31.005859375,68.505859375,0.0
OPT-1.3B,L17,Attn/K/weight,4194304,7.152557373046875e-05,0,0.0,0,0.0,-0.25830078125,0.27099609375,0.27099609375,0.00019073486328125,0.004506111145019531,0.036907196044921875,0.38051605224609375,3.784656524658203,35.941195487976074,59.78806018829346,0.06389617919921875,0.0
OPT-1.3B,L17,Attn/O/bias,2048,0.0,0,0.0,0,0.0,-0.051177978515625,0.12481689453125,0.12481689453125,0.0,0.048828125,0.048828125,0.439453125,4.98046875,44.23828125,50.1953125,0.048828125,0.0
OPT-1.3B,L17,Attn/O/weight,4194304,7.152557373046875e-05,0,0.0,0,0.0,-0.307861328125,0.2861328125,0.307861328125,0.00026226043701171875,0.00324249267578125,0.039839744567871094,0.4101276397705078,4.103207588195801,38.30444812774658,57.131361961364746,0.00743865966796875,0.0
OPT-1.3B,L17,Attn/Q/bias,2048,0.0,0,0.0,0,0.0,-0.25,0.25,0.25,0.0,0.048828125,0.048828125,0.732421875,3.80859375,39.84375,53.125,2.392578125,0.0
OPT-1.3B,L17,Attn/Q/weight,4194304,0.00016689300537109375,0,0.0,0,0.0,-0.2474365234375,0.25,0.25,0.00040531158447265625,0.0037431716918945312,0.03592967987060547,0.3594636917114258,3.570413589477539,33.977603912353516,62.04817295074463,0.004100799560546875,0.0
OPT-1.3B,L17,Attn/V/bias,2048,0.0,0,0.0,0,0.0,-0.032470703125,0.04193115234375,0.04193115234375,0.0,0.0,0.537109375,4.58984375,36.71875,57.12890625,1.025390625,0.0,0.0
OPT-1.3B,L17,Attn/V/weight,4194304,0.00011920928955078125,0,0.0,0,0.0,-0.1351318359375,0.1309814453125,0.1351318359375,0.000286102294921875,0.004291534423828125,0.03952980041503906,0.41310787200927734,4.064488410949707,37.508296966552734,57.968926429748535,0.00095367431640625,0.0
OPT-1.3B,L17,FFN/Intermediate/bias,8192,0.0,0,0.0,0,0.0,-0.13720703125,0.0712890625,0.13720703125,0.0,0.0,0.01220703125,0.244140625,3.03955078125,41.4306640625,55.26123046875,0.01220703125,0.0
OPT-1.3B,L17,FFN/Intermediate/weight,16777216,0.0001251697540283203,0,0.0,0,0.0,-0.220947265625,0.2493896484375,0.2493896484375,0.0002384185791015625,0.003725290298461914,0.03644227981567383,0.3593921661376953,3.5876989364624023,34.091758728027344,61.906999349594116,0.013619661331176758,0.0
OPT-1.3B,L17,FFN/Output/bias,2048,0.0,0,0.0,0,0.0,-0.1751708984375,0.1446533203125,0.1751708984375,0.0,0.0,0.09765625,0.5859375,5.712890625,47.607421875,45.703125,0.29296875,0.0
OPT-1.3B,L17,FFN/Output/weight,16777216,0.00011324882507324219,0,0.0,0,0.0,-0.251220703125,0.5,0.5,0.0002205371856689453,0.0036537647247314453,0.036913156509399414,0.37009119987487793,3.6973655223846436,34.792667627334595,61.05911135673523,0.03986358642578125,0.0
OPT-1.3B,L17,LayerNorm/final/bias,2048,0.0,0,0.0,0,0.0,-0.17431640625,0.2110595703125,0.2110595703125,0.0,0.0,0.048828125,0.0,0.537109375,5.419921875,63.96484375,30.029296875,0.0
OPT-1.3B,L17,LayerNorm/final/weight,2048,0.0,0,0.0,0,0.0,1.0,1.0,1.0,0.0,0.0,0.0,0.0,0.0,0.0,0.0,100.0,0.0
OPT-1.3B,L17,LayerNorm/self_attn/bias,2048,0.0,0,0.0,0,0.0,-0.25,0.2030029296875,0.25,0.0,0.0,0.0,0.29296875,2.587890625,24.90234375,71.484375,0.732421875,0.0
OPT-1.3B,L17,LayerNorm/self_attn/weight,2048,0.0,0,0.0,0,0.0,1.0,1.0,1.0,0.0,0.0,0.0,0.0,0.0,0.0,0.0,100.0,0.0
OPT-1.3B,L18,Attn/K/bias,2048,0.0,0,0.0,0,0.0,-0.5,0.5,0.5,0.0,0.0,0.0,0.0,0.0,0.1953125,13.134765625,86.669921875,0.0
OPT-1.3B,L18,Attn/K/weight,4194304,7.152557373046875e-05,0,0.0,0,0.0,-0.263427734375,0.2587890625,0.263427734375,0.00030994415283203125,0.0034332275390625,0.04086494445800781,0.3821134567260742,3.851628303527832,36.34464740753174,59.32157039642334,0.05536079406738281,0.0
OPT-1.3B,L18,Attn/O/bias,2048,0.0,0,0.0,0,0.0,-0.2498779296875,0.2308349609375,0.2498779296875,0.0,0.0,0.0,0.5859375,4.296875,44.7265625,50.1953125,0.1953125,0.0
OPT-1.3B,L18,Attn/O/weight,4194304,0.00011920928955078125,0,0.0,0,0.0,-0.27392578125,0.280517578125,0.280517578125,0.00016689300537109375,0.004029273986816406,0.03871917724609375,0.38127899169921875,3.855776786804199,36.13932132720947,59.57212448120117,0.008463859558105469,0.0
OPT-1.3B,L18,Attn/Q/bias,2048,0.0,0,0.0,0,0.0,-0.251220703125,0.250244140625,0.251220703125,0.0,0.0,0.0,0.29296875,3.857421875,38.037109375,55.078125,2.734375,0.0
OPT-1.3B,L18,Attn/Q/weight,4194304,9.5367431640625e-05,0,0.0,0,0.0,-0.25,0.25,0.25,0.0001430511474609375,0.0036954879760742188,0.03533363342285156,0.35974979400634766,3.6306142807006836,34.583210945129395,61.384034156799316,0.0031232833862304688,0.0
OPT-1.3B,L18,Attn/V/bias,2048,0.0,0,0.0,0,0.0,-0.041107177734375,0.0400390625,0.041107177734375,0.0,0.0,0.244140625,3.662109375,33.935546875,60.888671875,1.26953125,0.0,0.0
OPT-1.3B,L18,Attn/V/weight,4194304,7.152557373046875e-05,0,0.0,0,0.0,-0.1439208984375,0.1357421875,0.1439208984375,0.00021457672119140625,0.004267692565917969,0.036835670471191406,0.3891468048095703,3.8364410400390625,35.74023246765137,59.990715980529785,0.0020742416381835938,0.0
OPT-1.3B,L18,FFN/Intermediate/bias,8192,0.0,0,0.0,0,0.0,-0.125,0.0643310546875,0.125,0.0,0.0,0.0244140625,0.28076171875,2.4658203125,39.46533203125,57.75146484375,0.01220703125,0.0
OPT-1.3B,L18,FFN/Intermediate/weight,16777216,7.748603820800781e-05,0,0.0,0,0.0,-0.2469482421875,0.25,0.25,0.00019073486328125,0.003331899642944336,0.03603696823120117,0.34866929054260254,3.476029634475708,33.17077159881592,62.9483163356781,0.016576051712036133,0.0
OPT-1.3B,L18,FFN/Output/bias,2048,0.0,0,0.0,0,0.0,-0.158203125,0.1533203125,0.158203125,0.0,0.0,0.0,0.439453125,6.0546875,50.439453125,42.96875,0.09765625,0.0
OPT-1.3B,L18,FFN/Output/weight,16777216,0.00010728836059570312,0,0.0,0,0.0,-0.25341796875,0.285888671875,0.285888671875,0.0003457069396972656,0.0034749507904052734,0.03497004508972168,0.3538191318511963,3.5330891609191895,33.32622051239014,62.69744038581848,0.05053281784057617,0.0
OPT-1.3B,L18,LayerNorm/final/bias,2048,0.0,0,0.0,0,0.0,-0.20361328125,0.2061767578125,0.2061767578125,0.0,0.0,0.0,0.048828125,0.537109375,5.517578125,59.228515625,34.66796875,0.0
OPT-1.3B,L18,LayerNorm/final/weight,2048,0.0,0,0.0,0,0.0,1.0,1.0,1.0,0.0,0.0,0.0,0.0,0.0,0.0,0.0,100.0,0.0
OPT-1.3B,L18,LayerNorm/self_attn/bias,2048,0.0,0,0.0,0,0.0,-0.25,0.2188720703125,0.25,0.0,0.0,0.048828125,0.29296875,2.24609375,24.853515625,72.021484375,0.537109375,0.0
OPT-1.3B,L18,LayerNorm/self_attn/weight,2048,0.0,0,0.0,0,0.0,1.0,1.0,1.0,0.0,0.0,0.0,0.0,0.0,0.0,0.0,100.0,0.0
OPT-1.3B,L19,Attn/K/bias,2048,0.0,0,0.0,0,0.0,-0.5,0.5,0.5,0.0,0.0,0.0,0.0,0.0,0.09765625,5.46875,94.43359375,0.0
OPT-1.3B,L19,Attn/K/weight,4194304,0.0001430511474609375,0,0.0,0,0.0,-0.258056640625,0.259521484375,0.259521484375,0.00026226043701171875,0.003933906555175781,0.03807544708251953,0.37741661071777344,3.774881362915039,36.00296974182129,59.74421501159668,0.05810260772705078,0.0
OPT-1.3B,L19,Attn/O/bias,2048,0.0,0,0.0,0,0.0,-0.114013671875,0.0924072265625,0.114013671875,0.0,0.0,0.048828125,0.146484375,2.734375,31.4453125,65.576171875,0.048828125,0.0
OPT-1.3B,L19,Attn/O/weight,4194304,0.0001430511474609375,0,0.0,0,0.0,-0.259765625,0.253173828125,0.259765625,0.0002384185791015625,0.00362396240234375,0.033926963806152344,0.3406524658203125,3.4208297729492188,32.62064456939697,63.56468200683594,0.0152587890625,0.0
OPT-1.3B,L19,Attn/Q/bias,2048,0.0,0,0.0,0,0.0,-0.14697265625,0.1524658203125,0.1524658203125,0.0,0.0,0.09765625,0.29296875,4.00390625,35.9375,57.177734375,2.490234375,0.0
OPT-1.3B,L19,Attn/Q/weight,4194304,0.00011920928955078125,0,0.0,0,0.0,-0.1434326171875,0.1923828125,0.1923828125,0.00021457672119140625,0.003719329833984375,0.03657341003417969,0.3582000732421875,3.5985708236694336,34.09619331359863,61.90347671508789,0.0029325485229492188,0.0
OPT-1.3B,L19,Attn/V/bias,2048,0.0,0,0.0,0,0.0,-0.0174102783203125,0.024139404296875,0.024139404296875,0.0,0.048828125,0.439453125,3.3203125,36.23046875,58.984375,0.9765625,0.0,0.0
OPT-1.3B,L19,Attn/V/weight,4194304,7.152557373046875e-05,0,0.0,0,0.0,-0.1514892578125,0.146484375,0.1514892578125,0.00030994415283203125,0.0035762786865234375,0.03447532653808594,0.3381490707397461,3.451108932495117,32.012057304382324,64.1451358795166,0.015115737915039062,0.0
OPT-1.3B,L19,FFN/Intermediate/bias,8192,0.0,0,0.0,0,0.0,-0.133056640625,0.09088134765625,0.133056640625,0.0,0.0,0.0244140625,0.28076171875,2.28271484375,37.46337890625,59.92431640625,0.0244140625,0.0
OPT-1.3B,L19,FFN/Intermediate/weight,16777216,0.0001251697540283203,0,0.0,0,0.0,-0.249267578125,0.25,0.25,0.00021457672119140625,0.0034093856811523438,0.03336668014526367,0.33527612686157227,3.333258628845215,31.97898268699646,64.2915427684784,0.023823976516723633,0.0
OPT-1.3B,L19,FFN/Output/bias,2048,0.0,0,0.0,0,0.0,-0.1690673828125,0.1953125,0.1953125,0.0,0.0,0.09765625,0.439453125,5.615234375,47.216796875,46.533203125,0.09765625,0.0
OPT-1.3B,L19,FFN/Output/weight,16777216,0.00011324882507324219,0,0.0,0,0.0,-0.28369140625,0.29150390625,0.29150390625,0.0002562999725341797,0.0031828880310058594,0.03342032432556152,0.3351867198944092,3.3466637134552,31.740832328796387,64.47681784629822,0.06352663040161133,0.0
OPT-1.3B,L19,LayerNorm/final/bias,2048,0.0,0,0.0,0,0.0,-0.1888427734375,0.18017578125,0.1888427734375,0.0,0.0,0.0,0.048828125,0.68359375,4.150390625,58.3984375,36.71875,0.0
OPT-1.3B,L19,LayerNorm/final/weight,2048,0.0,0,0.0,0,0.0,1.0,1.0,1.0,0.0,0.0,0.0,0.0,0.0,0.0,0.0,100.0,0.0
OPT-1.3B,L19,LayerNorm/self_attn/bias,2048,0.0,0,0.0,0,0.0,-0.2498779296875,0.2132568359375,0.2498779296875,0.0,0.0,0.048828125,0.1953125,2.197265625,27.783203125,69.3359375,0.439453125,0.0
OPT-1.3B,L19,LayerNorm/self_attn/weight,2048,0.0,0,0.0,0,0.0,1.0,1.0,1.0,0.0,0.0,0.0,0.0,0.0,0.0,0.0,100.0,0.0
OPT-1.3B,L1,Attn/K/bias,2048,0.0,0,0.0,0,0.0,-0.25,0.25,0.25,0.0,0.0,0.0,0.048828125,0.732421875,10.44921875,77.978515625,10.791015625,0.0
OPT-1.3B,L1,Attn/K/weight,4194304,9.5367431640625e-05,0,0.0,0,0.0,-0.250732421875,0.250244140625,0.250732421875,0.000286102294921875,0.0030517578125,0.03757476806640625,0.3682374954223633,3.70175838470459,34.87269878387451,60.89365482330322,0.12264251708984375,0.0
OPT-1.3B,L1,Attn/O/bias,2048,0.0,0,0.0,0,0.0,-0.23974609375,0.1578369140625,0.23974609375,0.0,0.0,0.1953125,0.927734375,9.27734375,73.095703125,16.30859375,0.1953125,0.0
OPT-1.3B,L1,Attn/O/weight,4194304,0.0003814697265625,0,0.0,0,0.0,-0.5,0.5,0.5,0.0008106231689453125,0.015354156494140625,0.1572132110595703,1.5613317489624023,15.486645698547363,75.92358589172363,6.693482398986816,0.1611948013305664,0.0
OPT-1.3B,L1,Attn/Q/bias,2048,0.0,0,0.0,0,0.0,-0.1357421875,0.1441650390625,0.1441650390625,0.0,0.0,0.048828125,0.29296875,1.26953125,14.208984375,81.201171875,2.978515625,0.0
OPT-1.3B,L1,Attn/Q/weight,4194304,9.5367431640625e-05,0,0.0,0,0.0,-0.25,0.250244140625,0.250244140625,0.00035762786865234375,0.0039577484130859375,0.04143714904785156,0.4155874252319336,4.175758361816406,38.67769241333008,56.513357162475586,0.17175674438476562,0.0
OPT-1.3B,L1,Attn/V/bias,2048,0.0,0,0.0,0,0.0,-0.0153045654296875,0.0123138427734375,0.0153045654296875,0.0,0.048828125,0.68359375,4.8828125,40.771484375,53.369140625,0.244140625,0.0,0.0
OPT-1.3B,L1,Attn/V/weight,4194304,0.0003337860107421875,0,0.0,0,0.0,-0.1688232421875,0.14111328125,0.1688232421875,0.0006437301635742188,0.008559226989746094,0.0865936279296875,0.8594989776611328,8.452773094177246,64.27011489868164,26.320719718933105,0.000762939453125,0.0
OPT-1.3B,L1,FFN/Intermediate/bias,8192,0.0,0,0.0,0,0.0,-0.1048583984375,0.040313720703125,0.1048583984375,0.0,0.0,0.0,0.244140625,2.06298828125,74.90234375,22.7783203125,0.01220703125,0.0
OPT-1.3B,L1,FFN/Intermediate/weight,16777216,0.00017881393432617188,0,0.0,0,0.0,-0.250732421875,0.2509765625,0.2509765625,0.00030994415283203125,0.004231929779052734,0.04416704177856445,0.4424750804901123,4.4240593910217285,39.41802382469177,55.596351623535156,0.07020235061645508,0.0
OPT-1.3B,L1,FFN/Output/bias,2048,0.0,0,0.0,0,0.0,-0.25,0.189453125,0.25,0.0,0.0,0.048828125,0.87890625,8.935546875,69.873046875,20.1171875,0.146484375,0.0
OPT-1.3B,L1,FFN/Output/weight,16777216,0.0002086162567138672,0,0.0,0,0.0,-0.5,0.5,0.5,0.00042319297790527344,0.005322694778442383,0.052672624588012695,0.52947998046875,5.258399248123169,43.0054247379303,51.13097429275513,0.01709461212158203,0.0
OPT-1.3B,L1,LayerNorm/final/bias,2048,0.0,0,0.0,0,0.0,-0.26220703125,0.25,0.26220703125,0.0,0.0,0.0,0.0,0.1953125,2.34375,37.744140625,59.716796875,0.0
OPT-1.3B,L1,LayerNorm/final/weight,2048,0.0,0,0.0,0,0.0,1.0,1.0,1.0,0.0,0.0,0.0,0.0,0.0,0.0,0.0,100.0,0.0
OPT-1.3B,L1,LayerNorm/self_attn/bias,2048,0.0,0,0.0,0,0.0,-0.25927734375,0.25,0.25927734375,0.0,0.0,0.048828125,0.1953125,1.708984375,16.2109375,79.8828125,1.953125,0.0
OPT-1.3B,L1,LayerNorm/self_attn/weight,2048,0.0,0,0.0,0,0.0,1.0,1.0,1.0,0.0,0.0,0.0,0.0,0.0,0.0,0.0,100.0,0.0
OPT-1.3B,L20,Attn/K/bias,2048,0.0,0,0.0,0,0.0,-0.5,0.5,0.5,0.0,0.0,0.0,0.0,0.0,0.048828125,4.19921875,95.751953125,0.0
OPT-1.3B,L20,Attn/K/weight,4194304,9.5367431640625e-05,0,0.0,0,0.0,-0.266845703125,0.27001953125,0.27001953125,0.00021457672119140625,0.00400543212890625,0.038886070251464844,0.3813028335571289,3.829169273376465,36.144042015075684,59.53693389892578,0.06535053253173828,0.0
OPT-1.3B,L20,Attn/O/bias,2048,0.0,0,0.0,0,0.0,-0.1263427734375,0.07952880859375,0.1263427734375,0.0,0.0,0.09765625,0.29296875,3.662109375,31.73828125,64.0625,0.146484375,0.0
OPT-1.3B,L20,Attn/O/weight,4194304,0.0001430511474609375,0,0.0,0,0.0,-0.27197265625,0.26904296875,0.27197265625,0.0001430511474609375,0.0036001205444335938,0.03235340118408203,0.3198385238647461,3.1960010528564453,30.7297945022583,65.68152904510498,0.036597251892089844,0.0
OPT-1.3B,L20,Attn/Q/bias,2048,0.0,0,0.0,0,0.0,-0.1455078125,0.1546630859375,0.1546630859375,0.0,0.0,0.0,0.341796875,3.61328125,30.76171875,62.59765625,2.685546875,0.0
OPT-1.3B,L20,Attn/Q/weight,4194304,4.76837158203125e-05,0,0.0,0,0.0,-0.1614990234375,0.160888671875,0.1614990234375,0.00040531158447265625,0.0034093856811523438,0.03635883331298828,0.36361217498779297,3.606867790222168,34.3677282333374,61.61797046661377,0.0036001205444335938,0.0
OPT-1.3B,L20,Attn/V/bias,2048,0.0,0,0.0,0,0.0,-0.0271148681640625,0.0174407958984375,0.0271148681640625,0.0,0.0,0.341796875,3.02734375,31.787109375,63.96484375,0.87890625,0.0,0.0
OPT-1.3B,L20,Attn/V/weight,4194304,0.00019073486328125,0,0.0,0,0.0,-0.1820068359375,0.16845703125,0.1820068359375,0.00016689300537109375,0.0030755996704101562,0.03147125244140625,0.31752586364746094,3.205561637878418,30.022406578063965,66.38357639312744,0.036025047302246094,0.0
OPT-1.3B,L20,FFN/Intermediate/bias,8192,0.0,0,0.0,0,0.0,-0.10968017578125,0.09332275390625,0.10968017578125,0.0,0.0,0.01220703125,0.2197265625,1.9287109375,31.7626953125,66.064453125,0.01220703125,0.0
OPT-1.3B,L20,FFN/Intermediate/weight,16777216,5.364418029785156e-05,0,0.0,0,0.0,-0.196533203125,0.22216796875,0.22216796875,0.00019669532775878906,0.0031888484954833984,0.03281235694885254,0.3231823444366455,3.2267987728118896,31.0044527053833,65.38103818893433,0.028276443481445312,0.0
OPT-1.3B,L20,FFN/Output/bias,2048,0.0,0,0.0,0,0.0,-0.1258544921875,0.1907958984375,0.1907958984375,0.0,0.0,0.048828125,0.5859375,6.25,48.14453125,44.873046875,0.09765625,0.0
OPT-1.3B,L20,FFN/Output/weight,16777216,0.00013113021850585938,0,0.0,0,0.0,-0.252197265625,0.2998046875,0.2998046875,0.0002205371856689453,0.003325939178466797,0.03263354301452637,0.32050609588623047,3.220874071121216,30.8260977268219,65.52675366401672,0.0694572925567627,0.0
OPT-1.3B,L20,LayerNorm/final/bias,2048,0.0,0,0.0,0,0.0,-0.208984375,0.2022705078125,0.208984375,0.0,0.0,0.048828125,0.0,0.537109375,5.029296875,56.54296875,37.841796875,0.0
OPT-1.3B,L20,LayerNorm/final/weight,2048,0.0,0,0.0,0,0.0,1.0,1.0,1.0,0.0,0.0,0.0,0.0,0.0,0.0,0.0,100.0,0.0
OPT-1.3B,L20,LayerNorm/self_attn/bias,2048,0.0,0,0.0,0,0.0,-0.25,0.25,0.25,0.0,0.0,0.0,0.29296875,1.85546875,23.193359375,74.169921875,0.48828125,0.0
OPT-1.3B,L20,LayerNorm/self_attn/weight,2048,0.0,0,0.0,0,0.0,1.0,1.0,1.0,0.0,0.0,0.0,0.0,0.0,0.0,0.0,100.0,0.0
OPT-1.3B,L21,Attn/K/bias,2048,0.0,0,0.0,0,0.0,-0.5,0.5,0.5,0.0,0.0,0.0,0.0,0.0,0.0,0.537109375,99.462890625,0.0
OPT-1.3B,L21,Attn/K/weight,4194304,0.0001430511474609375,0,0.0,0,0.0,-0.258544921875,0.252197265625,0.258544921875,0.00026226043701171875,0.0036478042602539062,0.036263465881347656,0.35500526428222656,3.5506725311279297,33.90481472015381,62.10753917694092,0.04165172576904297,0.0
OPT-1.3B,L21,Attn/O/bias,2048,0.0,0,0.0,0,0.0,-0.135986328125,0.10760498046875,0.135986328125,0.0,0.0,0.048828125,0.390625,2.83203125,23.53515625,72.94921875,0.244140625,0.0
OPT-1.3B,L21,Attn/O/weight,4194304,9.5367431640625e-05,0,0.0,0,0.0,-0.373779296875,0.32861328125,0.373779296875,9.5367431640625e-05,0.0030755996704101562,0.029468536376953125,0.30515193939208984,3.046131134033203,29.35197353363037,67.21503734588623,0.04897117614746094,0.0
OPT-1.3B,L21,Attn/Q/bias,2048,0.0,0,0.0,0,0.0,-0.193603515625,0.180419921875,0.193603515625,0.0,0.0,0.0,0.048828125,3.857421875,35.302734375,58.984375,1.806640625,0.0
OPT-1.3B,L21,Attn/Q/weight,4194304,0.00019073486328125,0,0.0,0,0.0,-0.1624755859375,0.173095703125,0.173095703125,0.00019073486328125,0.0035524368286132812,0.034046173095703125,0.33910274505615234,3.3933162689208984,32.47847557067871,63.74564170837402,0.0054836273193359375,0.0
OPT-1.3B,L21,Attn/V/bias,2048,0.0,0,0.0,0,0.0,-0.0396728515625,0.0267181396484375,0.0396728515625,0.0,0.048828125,0.48828125,3.662109375,38.0859375,56.73828125,0.9765625,0.0,0.0
OPT-1.3B,L21,Attn/V/weight,4194304,7.152557373046875e-05,0,0.0,0,0.0,-0.1673583984375,0.1590576171875,0.1673583984375,9.5367431640625e-05,0.0026226043701171875,0.032067298889160156,0.31168460845947266,3.078031539916992,28.94613742828369,67.58270263671875,0.04658699035644531,0.0
OPT-1.3B,L21,FFN/Intermediate/bias,8192,0.0,0,0.0,0,0.0,-0.1253662109375,0.08465576171875,0.1253662109375,0.0,0.0,0.0,0.29296875,2.44140625,29.6630859375,67.59033203125,0.01220703125,0.0
OPT-1.3B,L21,FFN/Intermediate/weight,16777216,7.748603820800781e-05,0,0.0,0,0.0,-0.25,0.25,0.25,0.0002562999725341797,0.0030994415283203125,0.031507015228271484,0.31029582023620605,3.1272709369659424,30.15657663345337,66.3404643535614,0.03045201301574707,0.0
OPT-1.3B,L21,FFN/Output/bias,2048,0.0,0,0.0,0,0.0,-0.1246337890625,0.143310546875,0.143310546875,0.0,0.0,0.048828125,0.146484375,1.953125,21.38671875,76.318359375,0.146484375,0.0
OPT-1.3B,L21,FFN/Output/weight,16777216,0.00010132789611816406,0,0.0,0,0.0,-0.441162109375,0.482666015625,0.482666015625,0.0001728534698486328,0.003057718276977539,0.03172755241394043,0.30854344367980957,3.0930697917938232,29.823535680770874,66.64046049118042,0.09933114051818848,0.0
OPT-1.3B,L21,LayerNorm/final/bias,2048,0.0,0,0.0,0,0.0,-0.212646484375,0.2470703125,0.2470703125,0.0,0.0,0.0,0.0,0.634765625,5.322265625,59.27734375,34.765625,0.0
OPT-1.3B,L21,LayerNorm/final/weight,2048,0.0,0,0.0,0,0.0,1.0,1.0,1.0,0.0,0.0,0.0,0.0,0.0,0.0,0.0,100.0,0.0
OPT-1.3B,L21,LayerNorm/self_attn/bias,2048,0.0,0,0.0,0,0.0,-0.256591796875,0.273681640625,0.273681640625,0.0,0.0,0.0,0.1953125,1.708984375,16.845703125,80.76171875,0.48828125,0.0
OPT-1.3B,L21,LayerNorm/self_attn/weight,2048,0.0,0,0.0,0,0.0,1.0,1.0,1.0,0.0,0.0,0.0,0.0,0.0,0.0,0.0,100.0,0.0
OPT-1.3B,L22,Attn/K/bias,2048,0.0,0,0.0,0,0.0,-0.5,0.5,0.5,0.0,0.0,0.0,0.0,0.0,0.0,0.0,100.0,0.0
OPT-1.3B,L22,Attn/K/weight,4194304,7.152557373046875e-05,0,0.0,0,0.0,-0.25390625,0.255859375,0.255859375,7.152557373046875e-05,0.0035047531127929688,0.032329559326171875,0.3302335739135742,3.2741785049438477,31.50777816772461,64.81935977935791,0.03247261047363281,0.0
OPT-1.3B,L22,Attn/O/bias,2048,0.0,0,0.0,0,0.0,-0.17724609375,0.1302490234375,0.17724609375,0.0,0.0,0.0,0.390625,4.150390625,34.912109375,60.009765625,0.537109375,0.0
OPT-1.3B,L22,Attn/O/weight,4194304,0.0,0,0.0,0,0.0,-0.5,0.5,0.5,0.0002384185791015625,0.0024557113647460938,0.02956390380859375,0.2887725830078125,2.877974510192871,27.7529239654541,68.94495487213135,0.10311603546142578,0.0
OPT-1.3B,L22,Attn/Q/bias,2048,0.0,0,0.0,0,0.0,-0.160888671875,0.1707763671875,0.1707763671875,0.0,0.0,0.09765625,0.48828125,4.541015625,45.263671875,48.4375,1.171875,0.0
OPT-1.3B,L22,Attn/Q/weight,4194304,2.384185791015625e-05,0,0.0,0,0.0,-0.155517578125,0.1876220703125,0.1876220703125,0.00016689300537109375,0.0030279159545898438,0.029397010803222656,0.3017425537109375,3.035736083984375,29.22813892364502,67.38319396972656,0.01857280731201172,0.0
OPT-1.3B,L22,Attn/V/bias,2048,0.0,0,0.0,0,0.0,-0.00865936279296875,0.0118408203125,0.0118408203125,0.0,0.048828125,0.537109375,6.15234375,56.396484375,36.81640625,0.048828125,0.0,0.0
OPT-1.3B,L22,Attn/V/weight,4194304,0.0001430511474609375,0,0.0,0,0.0,-0.1671142578125,0.16015625,0.1671142578125,0.000286102294921875,0.0024318695068359375,0.027799606323242188,0.2821683883666992,2.8716087341308594,27.242684364318848,69.4648027420044,0.10807514190673828,0.0
OPT-1.3B,L22,FFN/Intermediate/bias,8192,0.0,0,0.0,0,0.0,-0.1258544921875,0.11224365234375,0.1258544921875,0.0,0.0,0.01220703125,0.146484375,2.57568359375,30.224609375,66.95556640625,0.08544921875,0.0
OPT-1.3B,L22,FFN/Intermediate/weight,16777216,0.00010132789611816406,0,0.0,0,0.0,-0.22021484375,0.2193603515625,0.22021484375,0.00023245811462402344,0.003069639205932617,0.030815601348876953,0.3099024295806885,3.085803985595703,29.75648045539856,66.78429245948792,0.02930164337158203,0.0
OPT-1.3B,L22,FFN/Output/bias,2048,0.0,0,0.0,0,0.0,-0.12548828125,0.10516357421875,0.12548828125,0.0,0.0,0.048828125,0.244140625,2.5390625,21.875,75.0,0.29296875,0.0
OPT-1.3B,L22,FFN/Output/weight,16777216,7.748603820800781e-05,0,0.0,0,0.0,-0.27197265625,0.5,0.5,0.00019669532775878906,0.002849102020263672,0.030755996704101562,0.3019750118255615,3.015613555908203,29.136312007904053,67.36438274383545,0.14783740043640137,0.0
OPT-1.3B,L22,LayerNorm/final/bias,2048,0.0,0,0.0,0,0.0,-0.2073974609375,0.2166748046875,0.2166748046875,0.0,0.0,0.0,0.0,0.537109375,3.857421875,52.34375,43.26171875,0.0
OPT-1.3B,L22,LayerNorm/final/weight,2048,0.0,0,0.0,0,0.0,1.0,1.0,1.0,0.0,0.0,0.0,0.0,0.0,0.0,0.0,100.0,0.0
OPT-1.3B,L22,LayerNorm/self_attn/bias,2048,0.0,0,0.0,0,0.0,-0.25,0.291015625,0.291015625,0.0,0.0,0.048828125,0.146484375,0.87890625,7.470703125,63.720703125,27.734375,0.0
OPT-1.3B,L22,LayerNorm/self_attn/weight,2048,0.0,0,0.0,0,0.0,1.0,1.0,1.0,0.0,0.0,0.0,0.0,0.0,0.0,0.0,100.0,0.0
OPT-1.3B,L23,Attn/K/bias,2048,0.0,0,0.0,0,0.0,-0.5,0.5,0.5,0.0,0.0,0.0,0.0,0.0,0.0,0.0,100.0,0.0
OPT-1.3B,L23,Attn/K/weight,4194304,9.5367431640625e-05,0,0.0,0,0.0,-0.253173828125,0.257568359375,0.257568359375,7.152557373046875e-05,0.001621246337890625,0.01742839813232422,0.16820430755615234,1.6705751419067383,17.940711975097656,80.14872074127197,0.05257129669189453,0.0
OPT-1.3B,L23,Attn/O/bias,2048,0.0,0,0.0,0,0.0,-0.1859130859375,0.134033203125,0.1859130859375,0.0,0.0,0.0,0.390625,2.685546875,33.837890625,62.451171875,0.634765625,0.0
OPT-1.3B,L23,Attn/O/weight,4194304,4.76837158203125e-05,0,0.0,0,0.0,-0.444580078125,0.383544921875,0.444580078125,0.00026226043701171875,0.003337860107421875,0.03459453582763672,0.33969879150390625,3.379940986633301,31.764793395996094,64.33086395263672,0.14646053314208984,0.0
OPT-1.3B,L23,Attn/Q/bias,2048,0.0,0,0.0,0,0.0,-0.15966796875,0.15087890625,0.15966796875,0.0,0.0,0.048828125,0.1953125,2.001953125,13.671875,78.41796875,5.6640625,0.0
OPT-1.3B,L23,Attn/Q/weight,4194304,7.152557373046875e-05,0,0.0,0,0.0,-0.25,0.25,0.25,4.76837158203125e-05,0.0013589859008789062,0.013899803161621094,0.1434326171875,1.3933181762695312,13.634181022644043,80.04934787750244,4.764342308044434,0.0
OPT-1.3B,L23,Attn/V/bias,2048,0.0,0,0.0,0,0.0,-0.013458251953125,0.0194549560546875,0.0194549560546875,0.0,0.0,1.025390625,9.228515625,65.673828125,23.193359375,0.87890625,0.0,0.0
OPT-1.3B,L23,Attn/V/weight,4194304,0.00019073486328125,0,0.0,0,0.0,-0.21728515625,0.154296875,0.21728515625,0.00011920928955078125,0.0035524368286132812,0.03514289855957031,0.36041736602783203,3.642606735229492,33.846163749694824,62.08450794219971,0.027298927307128906,0.0
OPT-1.3B,L23,FFN/Intermediate/bias,8192,0.0,0,0.0,0,0.0,-0.11932373046875,0.123291015625,0.123291015625,0.0,0.0,0.0244140625,0.3173828125,2.74658203125,25.9033203125,70.8740234375,0.13427734375,0.0
OPT-1.3B,L23,FFN/Intermediate/weight,16777216,0.0001251697540283203,0,0.0,0,0.0,-0.250732421875,0.298583984375,0.298583984375,0.00017881393432617188,0.003063678741455078,0.03158450126647949,0.3136932849884033,3.130728006362915,30.0919771194458,66.39694571495056,0.03170371055603027,0.0
OPT-1.3B,L23,FFN/Output/bias,2048,0.0,0,0.0,0,0.0,-0.068603515625,0.0689697265625,0.0689697265625,0.0,0.0,0.09765625,0.09765625,3.369140625,29.296875,67.138671875,0.0,0.0
OPT-1.3B,L23,FFN/Output/weight,16777216,5.9604644775390625e-05,0,0.0,0,0.0,-0.360595703125,0.337890625,0.360595703125,0.00023245811462402344,0.0027954578399658203,0.02880692481994629,0.29563307762145996,2.9434382915496826,28.350156545639038,68.13656687736511,0.2423107624053955,0.0
OPT-1.3B,L23,LayerNorm/final/bias,2048,0.0,0,0.0,0,0.0,-0.139892578125,0.14990234375,0.14990234375,0.0,0.0,0.0,0.0,0.146484375,2.1484375,46.09375,51.611328125,0.0
OPT-1.3B,L23,LayerNorm/final/weight,2048,0.0,0,0.0,0,0.0,1.0,1.0,1.0,0.0,0.0,0.0,0.0,0.0,0.0,0.0,100.0,0.0
OPT-1.3B,L23,LayerNorm/self_attn/bias,2048,0.0,0,0.0,0,0.0,-0.250732421875,0.250732421875,0.250732421875,0.0,0.0,0.0,0.0,0.0,0.0,0.0,100.0,0.0
OPT-1.3B,L23,LayerNorm/self_attn/weight,2048,0.0,0,0.0,0,0.0,1.0,1.0,1.0,0.0,0.0,0.0,0.0,0.0,0.0,0.0,100.0,0.0
OPT-1.3B,L2,Attn/K/bias,2048,0.0,0,0.0,0,0.0,-0.25,0.25,0.25,0.0,0.0,0.0,0.048828125,0.5859375,9.912109375,69.43359375,20.01953125,0.0
OPT-1.3B,L2,Attn/K/weight,4194304,0.0002384185791015625,0,0.0,0,0.0,-0.25,0.25,0.25,0.0002384185791015625,0.00438690185546875,0.03590583801269531,0.3705263137817383,3.7340164184570312,35.045695304870605,60.57398319244385,0.23500919342041016,0.0
OPT-1.3B,L2,Attn/O/bias,2048,0.0,0,0.0,0,0.0,-0.14404296875,0.130859375,0.14404296875,0.0,0.0,0.0,0.48828125,5.517578125,50.87890625,42.96875,0.146484375,0.0
OPT-1.3B,L2,Attn/O/weight,4194304,0.0003814697265625,0,0.0,0,0.0,-0.5,0.5,0.5,0.000762939453125,0.011324882507324219,0.11434555053710938,1.1438369750976562,11.32209300994873,70.49148082733154,16.849422454833984,0.06635189056396484,0.0
OPT-1.3B,L2,Attn/Q/bias,2048,0.0,0,0.0,0,0.0,-0.1175537109375,0.1240234375,0.1240234375,0.0,0.048828125,0.048828125,0.1953125,2.685546875,22.94921875,73.388671875,0.68359375,0.0
OPT-1.3B,L2,Attn/Q/weight,4194304,0.0001430511474609375,0,0.0,0,0.0,-0.251953125,0.252197265625,0.252197265625,0.000476837158203125,0.004100799560546875,0.043487548828125,0.41701793670654297,4.160571098327637,37.97709941864014,57.17589855194092,0.2212047576904297,0.0
OPT-1.3B,L2,Attn/V/bias,2048,0.0,0,0.0,0,0.0,-0.019134521484375,0.011077880859375,0.019134521484375,0.0,0.09765625,0.48828125,8.056640625,56.4453125,34.47265625,0.439453125,0.0,0.0
OPT-1.3B,L2,Attn/V/weight,4194304,0.0002384185791015625,0,0.0,0,0.0,-0.134765625,0.1563720703125,0.1563720703125,0.000286102294921875,0.0072956085205078125,0.06864070892333984,0.680851936340332,6.691551208496094,54.56581115722656,37.98394203186035,0.0013828277587890625,0.0
OPT-1.3B,L2,FFN/Intermediate/bias,8192,0.0,0,0.0,0,0.0,-0.038726806640625,0.029022216796875,0.038726806640625,0.0,0.01220703125,0.09765625,0.91552734375,8.67919921875,82.50732421875,7.7880859375,0.0,0.0
OPT-1.3B,L2,FFN/Intermediate/weight,16777216,0.0001728534698486328,0,0.0,0,0.0,-0.251220703125,0.2498779296875,0.251220703125,0.0003218650817871094,0.004410743713378906,0.04292726516723633,0.4372060298919678,4.347622394561768,38.6604905128479,56.42741918563843,0.07942914962768555,0.0
OPT-1.3B,L2,FFN/Output/bias,2048,0.0,0,0.0,0,0.0,-0.1484375,0.25,0.25,0.0,0.0,0.0,0.48828125,7.861328125,58.837890625,32.6171875,0.1953125,0.0
OPT-1.3B,L2,FFN/Output/weight,16777216,0.0001728534698486328,0,0.0,0,0.0,-0.5,0.5,0.5,0.0004112720489501953,0.005370378494262695,0.05288124084472656,0.5256414413452148,5.244189500808716,41.584014892578125,52.56714224815369,0.020176172256469727,0.0
OPT-1.3B,L2,LayerNorm/final/bias,2048,0.0,0,0.0,0,0.0,-0.2392578125,0.23291015625,0.2392578125,0.0,0.0,0.0,0.146484375,0.830078125,4.8828125,55.712890625,38.427734375,0.0
OPT-1.3B,L2,LayerNorm/final/weight,2048,0.0,0,0.0,0,0.0,1.0,1.0,1.0,0.0,0.0,0.0,0.0,0.0,0.0,0.0,100.0,0.0
OPT-1.3B,L2,LayerNorm/self_attn/bias,2048,0.0,0,0.0,0,0.0,-0.25,0.211669921875,0.25,0.0,0.0,0.0,0.048828125,1.66015625,15.72265625,79.833984375,2.734375,0.0
OPT-1.3B,L2,LayerNorm/self_attn/weight,2048,0.0,0,0.0,0,0.0,1.0,1.0,1.0,0.0,0.0,0.0,0.0,0.0,0.0,0.0,100.0,0.0
OPT-1.3B,L3,Attn/K/bias,2048,0.0,0,0.0,0,0.0,-0.25,0.25,0.25,0.0,0.0,0.0,0.146484375,1.953125,11.083984375,64.111328125,22.705078125,0.0
OPT-1.3B,L3,Attn/K/weight,4194304,0.00011920928955078125,0,0.0,0,0.0,-0.25048828125,0.250732421875,0.250732421875,0.0001430511474609375,0.0036954879760742188,0.039196014404296875,0.4056215286254883,4.001474380493164,36.6438627243042,58.74910354614258,0.1567840576171875,0.0
OPT-1.3B,L3,Attn/O/bias,2048,0.0,0,0.0,0,0.0,-0.0894775390625,0.1719970703125,0.1719970703125,0.0,0.0,0.09765625,0.5859375,4.6875,49.0234375,45.458984375,0.146484375,0.0
OPT-1.3B,L3,Attn/O/weight,4194304,0.00030994415283203125,0,0.0,0,0.0,-0.276123046875,0.2724609375,0.276123046875,0.0005245208740234375,0.009322166442871094,0.09586811065673828,0.9405612945556641,9.426403045654297,65.52865505218506,23.96714687347412,0.03120899200439453,0.0
OPT-1.3B,L3,Attn/Q/bias,2048,0.0,0,0.0,0,0.0,-0.12115478515625,0.1248779296875,0.1248779296875,0.0,0.0,0.048828125,0.1953125,3.369140625,37.451171875,57.568359375,1.3671875,0.0
OPT-1.3B,L3,Attn/Q/weight,4194304,4.76837158203125e-05,0,0.0,0,0.0,-0.24951171875,0.2462158203125,0.24951171875,0.0004291534423828125,0.004458427429199219,0.045180320739746094,0.4739999771118164,4.712343215942383,39.456844329833984,55.12645244598389,0.18024444580078125,0.0
OPT-1.3B,L3,Attn/V/bias,2048,0.0,0,0.0,0,0.0,-0.02581787109375,0.02545166015625,0.02581787109375,0.0,0.09765625,0.9765625,10.44921875,66.015625,22.119140625,0.341796875,0.0,0.0
OPT-1.3B,L3,Attn/V/weight,4194304,0.0002384185791015625,0,0.0,0,0.0,-0.131591796875,0.136474609375,0.136474609375,0.00035762786865234375,0.005340576171875,0.06389617919921875,0.6243705749511719,6.086087226867676,51.297926902770996,41.92159175872803,0.00019073486328125,0.0
OPT-1.3B,L3,FFN/Intermediate/bias,8192,0.0,0,0.0,0,0.0,-0.0283966064453125,0.027923583984375,0.0283966064453125,0.0,0.0244140625,0.15869140625,2.05078125,20.3125,72.314453125,5.13916015625,0.0,0.0
OPT-1.3B,L3,FFN/Intermediate/weight,16777216,0.00019669532775878906,0,0.0,0,0.0,-0.2314453125,0.233154296875,0.233154296875,0.00029206275939941406,0.004655122756958008,0.047403573989868164,0.470888614654541,4.691833257675171,40.81176519393921,53.921717405319214,0.05124807357788086,0.0
OPT-1.3B,L3,FFN/Output/bias,2048,0.0,0,0.0,0,0.0,-0.12493896484375,0.2132568359375,0.2132568359375,0.0,0.0,0.0,0.537109375,7.51953125,59.1796875,32.666015625,0.09765625,0.0
OPT-1.3B,L3,FFN/Output/weight,16777216,0.00019669532775878906,0,0.0,0,0.0,-0.29541015625,0.5,0.5,0.00030994415283203125,0.0061511993408203125,0.06110668182373047,0.6231904029846191,6.183063983917236,42.48695969581604,50.627487897872925,0.011533498764038086,0.0
OPT-1.3B,L3,LayerNorm/final/bias,2048,0.0,0,0.0,0,0.0,-0.1856689453125,0.203857421875,0.203857421875,0.0,0.0,0.0,0.048828125,0.68359375,7.32421875,67.333984375,24.609375,0.0
OPT-1.3B,L3,LayerNorm/final/weight,2048,0.0,0,0.0,0,0.0,1.0,1.0,1.0,0.0,0.0,0.0,0.0,0.0,0.0,0.0,100.0,0.0
OPT-1.3B,L3,LayerNorm/self_attn/bias,2048,0.0,0,0.0,0,0.0,-0.2420654296875,0.216796875,0.2420654296875,0.0,0.0,0.0,0.244140625,1.46484375,16.357421875,79.541015625,2.392578125,0.0
OPT-1.3B,L3,LayerNorm/self_attn/weight,2048,0.0,0,0.0,0,0.0,1.0,1.0,1.0,0.0,0.0,0.0,0.0,0.0,0.0,0.0,100.0,0.0
OPT-1.3B,L4,Attn/K/bias,2048,0.0,0,0.0,0,0.0,-0.278076171875,0.350341796875,0.350341796875,0.0,0.0,0.0,0.048828125,0.48828125,10.498046875,66.455078125,22.509765625,0.0
OPT-1.3B,L4,Attn/K/weight,4194304,7.152557373046875e-05,0,0.0,0,0.0,-0.254150390625,0.25927734375,0.25927734375,0.00026226043701171875,0.0046253204345703125,0.04177093505859375,0.41136741638183594,4.157543182373047,37.75284290313721,57.45596885681152,0.17554759979248047,0.0
OPT-1.3B,L4,Attn/O/bias,2048,0.0,0,0.0,0,0.0,-0.06878662109375,0.0902099609375,0.0902099609375,0.0,0.0,0.048828125,0.732421875,6.201171875,56.640625,36.376953125,0.0,0.0
OPT-1.3B,L4,Attn/O/weight,4194304,0.0003337860107421875,0,0.0,0,0.0,-0.259033203125,0.2666015625,0.2666015625,0.0005245208740234375,0.007748603820800781,0.08685588836669922,0.8630037307739258,8.596539497375488,63.79890441894531,26.631927490234375,0.014162063598632812,0.0
OPT-1.3B,L4,Attn/Q/bias,2048,0.0,0,0.0,0,0.0,-0.156982421875,0.1534423828125,0.156982421875,0.0,0.0,0.048828125,0.5859375,4.296875,41.748046875,46.875,6.4453125,0.0
OPT-1.3B,L4,Attn/Q/weight,4194304,0.0001430511474609375,0,0.0,0,0.0,-0.249755859375,0.2509765625,0.2509765625,0.00026226043701171875,0.005125999450683594,0.048732757568359375,0.48427581787109375,4.922628402709961,38.89951705932617,55.36854267120361,0.27077198028564453,0.0
OPT-1.3B,L4,Attn/V/bias,2048,0.0,0,0.0,0,0.0,-0.01117706298828125,0.01922607421875,0.01922607421875,0.0,0.146484375,1.123046875,11.865234375,70.751953125,15.8203125,0.29296875,0.0,0.0
OPT-1.3B,L4,Attn/V/weight,4194304,0.0002384185791015625,0,0.0,0,0.0,-0.109130859375,0.14794921875,0.14794921875,0.0002384185791015625,0.006270408630371094,0.05981922149658203,0.6168842315673828,5.924892425537109,50.46079158782959,42.93062686920166,0.0002384185791015625,0.0
OPT-1.3B,L4,FFN/Intermediate/bias,8192,0.0,0,0.0,0,0.0,-0.044158935546875,0.0251007080078125,0.044158935546875,0.0,0.048828125,0.09765625,1.25732421875,12.40234375,81.57958984375,4.6142578125,0.0,0.0
OPT-1.3B,L4,FFN/Intermediate/weight,16777216,0.00019669532775878906,0,0.0,0,0.0,-0.228271484375,0.2493896484375,0.2493896484375,0.00030994415283203125,0.0051021575927734375,0.04888772964477539,0.49846768379211426,4.961115121841431,42.312049865722656,52.149760723114014,0.024110078811645508,0.0
OPT-1.3B,L4,FFN/Output/bias,2048,0.0,0,0.0,0,0.0,-0.038116455078125,0.1346435546875,0.1346435546875,0.0,0.0,0.048828125,0.5859375,6.396484375,56.787109375,36.1328125,0.048828125,0.0
OPT-1.3B,L4,FFN/Output/weight,16777216,0.0002384185791015625,0,0.0,0,0.0,-0.29296875,0.43212890625,0.43212890625,0.0005304813385009766,0.007367134094238281,0.07285475730895996,0.7325291633605957,7.193273305892944,42.984384298324585,49.00128245353699,0.007539987564086914,0.0
OPT-1.3B,L4,LayerNorm/final/bias,2048,0.0,0,0.0,0,0.0,-0.1934814453125,0.2493896484375,0.2493896484375,0.0,0.0,0.0,0.09765625,0.537109375,6.15234375,64.453125,28.759765625,0.0
OPT-1.3B,L4,LayerNorm/final/weight,2048,0.0,0,0.0,0,0.0,1.0,1.0,1.0,0.0,0.0,0.0,0.0,0.0,0.0,0.0,100.0,0.0
OPT-1.3B,L4,LayerNorm/self_attn/bias,2048,0.0,0,0.0,0,0.0,-0.16748046875,0.25,0.25,0.0,0.0,0.0,0.048828125,1.953125,17.041015625,79.248046875,1.708984375,0.0
OPT-1.3B,L4,LayerNorm/self_attn/weight,2048,0.0,0,0.0,0,0.0,1.0,1.0,1.0,0.0,0.0,0.0,0.0,0.0,0.0,0.0,100.0,0.0
OPT-1.3B,L5,Attn/K/bias,2048,0.0,0,0.0,0,0.0,-0.5,0.5,0.5,0.0,0.0,0.0,0.1953125,1.220703125,12.744140625,68.45703125,17.3828125,0.0
OPT-1.3B,L5,Attn/K/weight,4194304,0.0001430511474609375,0,0.0,0,0.0,-0.2822265625,0.27001953125,0.2822265625,0.00019073486328125,0.004267692565917969,0.042557716369628906,0.4237174987792969,4.227185249328613,38.39111328125,56.84466361999512,0.0661611557006836,0.0
OPT-1.3B,L5,Attn/O/bias,2048,0.0,0,0.0,0,0.0,-0.0711669921875,0.1192626953125,0.1192626953125,0.0,0.0,0.0,0.732421875,10.44921875,69.140625,19.62890625,0.048828125,0.0
OPT-1.3B,L5,Attn/O/weight,4194304,0.000286102294921875,0,0.0,0,0.0,-0.25341796875,0.2509765625,0.25341796875,0.00035762786865234375,0.007414817810058594,0.0757455825805664,0.7696866989135742,7.631206512451172,61.00189685821533,30.502653121948242,0.010752677917480469,0.0
OPT-1.3B,L5,Attn/Q/bias,2048,0.0,0,0.0,0,0.0,-0.176025390625,0.1806640625,0.1806640625,0.0,0.0,0.0,0.29296875,3.564453125,38.76953125,50.87890625,6.494140625,0.0
OPT-1.3B,L5,Attn/Q/weight,4194304,0.00019073486328125,0,0.0,0,0.0,-0.250244140625,0.25,0.250244140625,9.5367431640625e-05,0.0041484832763671875,0.042557716369628906,0.42726993560791016,4.239225387573242,36.11655235290527,58.846306800842285,0.3236532211303711,0.0
OPT-1.3B,L5,Attn/V/bias,2048,0.0,0,0.0,0,0.0,-0.0217132568359375,0.01113128662109375,0.0217132568359375,0.0,0.244140625,1.220703125,12.40234375,70.703125,15.234375,0.1953125,0.0,0.0
OPT-1.3B,L5,Attn/V/weight,4194304,0.00026226043701171875,0,0.0,0,0.0,-0.10693359375,0.1024169921875,0.10693359375,0.0005483627319335938,0.005888938903808594,0.057625770568847656,0.5785465240478516,5.603957176208496,48.19512367248535,45.55799961090088,4.76837158203125e-05,0.0
OPT-1.3B,L5,FFN/Intermediate/bias,8192,0.0,0,0.0,0,0.0,-0.052886962890625,0.0211944580078125,0.052886962890625,0.0,0.0,0.13427734375,1.30615234375,13.0126953125,82.2998046875,3.2470703125,0.0,0.0
OPT-1.3B,L5,FFN/Intermediate/weight,16777216,0.00015497207641601562,0,0.0,0,0.0,-0.2454833984375,0.246337890625,0.246337890625,0.00038743019104003906,0.0049114227294921875,0.05099773406982422,0.5183696746826172,5.177569389343262,43.363142013549805,50.85897445678711,0.02549290657043457,0.0
OPT-1.3B,L5,FFN/Output/bias,2048,0.0,0,0.0,0,0.0,-0.075439453125,0.08282470703125,0.08282470703125,0.0,0.0,0.09765625,0.830078125,5.615234375,54.833984375,38.623046875,0.0,0.0
OPT-1.3B,L5,FFN/Output/weight,16777216,0.0003039836883544922,0,0.0,0,0.0,-0.2685546875,0.48193359375,0.48193359375,0.0006198883056640625,0.008338689804077148,0.08518695831298828,0.84037184715271,8.276945352554321,43.521666526794434,47.26119637489319,0.005370378494262695,0.0
OPT-1.3B,L5,LayerNorm/final/bias,2048,0.0,0,0.0,0,0.0,-0.2509765625,0.25,0.2509765625,0.0,0.0,0.0,0.048828125,0.341796875,4.39453125,51.416015625,43.798828125,0.0
OPT-1.3B,L5,LayerNorm/final/weight,2048,0.0,0,0.0,0,0.0,1.0,1.0,1.0,0.0,0.0,0.0,0.0,0.0,0.0,0.0,100.0,0.0
OPT-1.3B,L5,LayerNorm/self_attn/bias,2048,0.0,0,0.0,0,0.0,-0.1436767578125,0.2496337890625,0.2496337890625,0.0,0.0,0.0,0.146484375,1.953125,18.310546875,78.125,1.46484375,0.0
OPT-1.3B,L5,LayerNorm/self_attn/weight,2048,0.0,0,0.0,0,0.0,1.0,1.0,1.0,0.0,0.0,0.0,0.0,0.0,0.0,0.0,100.0,0.0
OPT-1.3B,L6,Attn/K/bias,2048,0.0,0,0.0,0,0.0,-0.25,0.25,0.25,0.0,0.0,0.0,0.1953125,1.26953125,11.474609375,77.294921875,9.765625,0.0
OPT-1.3B,L6,Attn/K/weight,4194304,0.00011920928955078125,0,0.0,0,0.0,-0.291015625,0.290283203125,0.291015625,0.00021457672119140625,0.0027894973754882812,0.03437995910644531,0.3443002700805664,3.4301280975341797,32.26335048675537,63.78469467163086,0.14002323150634766,0.0
OPT-1.3B,L6,Attn/O/bias,2048,0.0,0,0.0,0,0.0,-0.03460693359375,0.0965576171875,0.0965576171875,0.0,0.0,0.0,0.5859375,8.30078125,71.142578125,19.970703125,0.0,0.0
OPT-1.3B,L6,Attn/O/weight,4194304,0.0002384185791015625,0,0.0,0,0.0,-0.25634765625,0.283935546875,0.283935546875,0.00040531158447265625,0.006866455078125,0.06706714630126953,0.6536960601806641,6.518459320068359,55.965590476989746,36.780762672424316,0.0069141387939453125,0.0
OPT-1.3B,L6,Attn/Q/bias,2048,0.0,0,0.0,0,0.0,-0.182861328125,0.1795654296875,0.182861328125,0.0,0.0,0.146484375,0.29296875,4.19921875,38.330078125,55.517578125,1.513671875,0.0
OPT-1.3B,L6,Attn/Q/weight,4194304,9.5367431640625e-05,0,0.0,0,0.0,-0.250732421875,0.251220703125,0.251220703125,0.00016689300537109375,0.0035524368286132812,0.02949237823486328,0.28710365295410156,2.912759780883789,27.662038803100586,68.61445903778076,0.49033164978027344,0.0
OPT-1.3B,L6,Attn/V/bias,2048,0.0,0,0.0,0,0.0,-0.00968170166015625,0.02227783203125,0.02227783203125,0.0,0.09765625,0.732421875,8.984375,63.134765625,26.953125,0.09765625,0.0,0.0
OPT-1.3B,L6,Attn/V/weight,4194304,0.0002384185791015625,0,0.0,0,0.0,-0.10113525390625,0.09637451171875,0.10113525390625,0.00026226043701171875,0.0051021575927734375,0.05753040313720703,0.5613565444946289,5.423641204833984,47.08106517791748,46.8707799911499,2.384185791015625e-05,0.0
OPT-1.3B,L6,FFN/Intermediate/bias,8192,0.0,0,0.0,0,0.0,-0.0274658203125,0.0254364013671875,0.0274658203125,0.0,0.0,0.0732421875,0.6591796875,6.4697265625,87.75634765625,5.04150390625,0.0,0.0
OPT-1.3B,L6,FFN/Intermediate/weight,16777216,0.00015497207641601562,0,0.0,0,0.0,-0.2225341796875,0.190185546875,0.2225341796875,0.0002562999725341797,0.005060434341430664,0.0501096248626709,0.5073308944702148,5.030900239944458,42.27725863456726,52.108412981033325,0.020515918731689453,0.0
OPT-1.3B,L6,FFN/Output/bias,2048,0.0,0,0.0,0,0.0,-0.0841064453125,0.08428955078125,0.08428955078125,0.0,0.0,0.048828125,0.830078125,3.759765625,38.134765625,57.2265625,0.0,0.0
OPT-1.3B,L6,FFN/Output/weight,16777216,0.0002741813659667969,0,0.0,0,0.0,-0.268310546875,0.345458984375,0.345458984375,0.0004947185516357422,0.008040666580200195,0.0825047492980957,0.8255124092102051,8.094072341918945,42.09245443344116,48.88986349105835,0.006783008575439453,0.0
OPT-1.3B,L6,LayerNorm/final/bias,2048,0.0,0,0.0,0,0.0,-0.25,0.25,0.25,0.0,0.0,0.0,0.0,0.537109375,4.6875,54.8828125,39.892578125,0.0
OPT-1.3B,L6,LayerNorm/final/weight,2048,0.0,0,0.0,0,0.0,1.0,1.0,1.0,0.0,0.0,0.0,0.0,0.0,0.0,0.0,100.0,0.0
OPT-1.3B,L6,LayerNorm/self_attn/bias,2048,0.0,0,0.0,0,0.0,-0.25,0.249755859375,0.25,0.0,0.0,0.0,0.048828125,1.513671875,16.50390625,80.419921875,1.513671875,0.0
OPT-1.3B,L6,LayerNorm/self_attn/weight,2048,0.0,0,0.0,0,0.0,1.0,1.0,1.0,0.0,0.0,0.0,0.0,0.0,0.0,0.0,100.0,0.0
OPT-1.3B,L7,Attn/K/bias,2048,0.0,0,0.0,0,0.0,-0.287841796875,0.255615234375,0.287841796875,0.0,0.0,0.0,0.146484375,2.294921875,14.990234375,74.560546875,8.0078125,0.0
OPT-1.3B,L7,Attn/K/weight,4194304,4.76837158203125e-05,0,0.0,0,0.0,-0.27392578125,0.271728515625,0.27392578125,0.00019073486328125,0.0028133392333984375,0.03311634063720703,0.32036304473876953,3.1853437423706055,30.479884147644043,65.83859920501709,0.13964176177978516,0.0
OPT-1.3B,L7,Attn/O/bias,2048,0.0,0,0.0,0,0.0,-0.037750244140625,0.08050537109375,0.08050537109375,0.0,0.0,0.0,0.634765625,7.763671875,61.474609375,30.126953125,0.0,0.0
OPT-1.3B,L7,Attn/O/weight,4194304,0.00011920928955078125,0,0.0,0,0.0,-0.255126953125,0.251953125,0.255126953125,0.00026226043701171875,0.0061511993408203125,0.063323974609375,0.6308794021606445,6.3053131103515625,54.5346736907959,38.45512866973877,0.0041484832763671875,0.0
OPT-1.3B,L7,Attn/Q/bias,2048,0.048828125,0,0.0,0,0.0,-0.162841796875,0.2132568359375,0.2132568359375,0.0,0.0,0.09765625,0.244140625,3.80859375,42.236328125,52.9296875,0.634765625,0.0
OPT-1.3B,L7,Attn/Q/weight,4194304,4.76837158203125e-05,0,0.0,0,0.0,-0.253662109375,0.253173828125,0.253662109375,0.00026226043701171875,0.0030755996704101562,0.028944015502929688,0.28541088104248047,2.8331518173217773,27.18944549560547,69.38869953155518,0.2709627151489258,0.0
OPT-1.3B,L7,Attn/V/bias,2048,0.0,0,0.0,0,0.0,-0.021759033203125,0.0210113525390625,0.021759033203125,0.0,0.048828125,0.732421875,8.935546875,60.693359375,29.345703125,0.244140625,0.0,0.0
OPT-1.3B,L7,Attn/V/weight,4194304,0.00021457672119140625,0,0.0,0,0.0,-0.1669921875,0.156005859375,0.1669921875,0.0005245208740234375,0.0054836273193359375,0.05621910095214844,0.5503416061401367,5.380439758300781,46.703433990478516,47.303104400634766,0.0002384185791015625,0.0
OPT-1.3B,L7,FFN/Intermediate/bias,8192,0.0,0,0.0,0,0.0,-0.03302001953125,0.0194549560546875,0.03302001953125,0.0,0.0,0.03662109375,0.42724609375,4.7607421875,84.8876953125,9.8876953125,0.0,0.0
OPT-1.3B,L7,FFN/Intermediate/weight,16777216,0.0001609325408935547,0,0.0,0,0.0,-0.2056884765625,0.2149658203125,0.2149658203125,0.0003457069396972656,0.0046253204345703125,0.04814863204956055,0.46609044075012207,4.683113098144531,40.23866057395935,54.53466176986694,0.024193525314331055,0.0
OPT-1.3B,L7,FFN/Output/bias,2048,0.0,0,0.0,0,0.0,-0.0816650390625,0.0894775390625,0.0894775390625,0.0,0.0,0.146484375,0.1953125,3.61328125,33.251953125,62.79296875,0.0,0.0
OPT-1.3B,L7,FFN/Output/weight,16777216,0.0002741813659667969,0,0.0,0,0.0,-0.31640625,0.480224609375,0.480224609375,0.00057220458984375,0.0068187713623046875,0.07209181785583496,0.7168292999267578,7.039117813110352,40.239423513412476,51.911479234695435,0.013393163681030273,0.0
OPT-1.3B,L7,LayerNorm/final/bias,2048,0.0,0,0.0,0,0.0,-0.25,0.25,0.25,0.0,0.0,0.0,0.048828125,0.5859375,5.56640625,57.666015625,36.1328125,0.0
OPT-1.3B,L7,LayerNorm/final/weight,2048,0.0,0,0.0,0,0.0,1.0,1.0,1.0,0.0,0.0,0.0,0.0,0.0,0.0,0.0,100.0,0.0
OPT-1.3B,L7,LayerNorm/self_attn/bias,2048,0.0,0,0.0,0,0.0,-0.25,0.2056884765625,0.25,0.0,0.0,0.0,0.1953125,1.3671875,17.7734375,79.296875,1.3671875,0.0
OPT-1.3B,L7,LayerNorm/self_attn/weight,2048,0.0,0,0.0,0,0.0,1.0,1.0,1.0,0.0,0.0,0.0,0.0,0.0,0.0,0.0,100.0,0.0
OPT-1.3B,L8,Attn/K/bias,2048,0.0,0,0.0,0,0.0,-0.250244140625,0.25,0.250244140625,0.0,0.0,0.0,0.09765625,1.07421875,10.25390625,82.6171875,5.95703125,0.0
OPT-1.3B,L8,Attn/K/weight,4194304,0.0001430511474609375,0,0.0,0,0.0,-0.270751953125,0.278076171875,0.278076171875,0.00026226043701171875,0.0028371810913085938,0.03192424774169922,0.3109931945800781,3.10056209564209,29.59597110748291,66.80824756622314,0.14905929565429688,0.0
OPT-1.3B,L8,Attn/O/bias,2048,0.0,0,0.0,0,0.0,-0.0419921875,0.08575439453125,0.08575439453125,0.0,0.0,0.09765625,0.634765625,6.005859375,57.421875,35.83984375,0.0,0.0
OPT-1.3B,L8,Attn/O/weight,4194304,0.00021457672119140625,0,0.0,0,0.0,-0.251953125,0.256591796875,0.256591796875,0.0005245208740234375,0.0061511993408203125,0.062346458435058594,0.6301164627075195,6.245851516723633,54.24947738647461,38.80057334899902,0.004744529724121094,0.0
OPT-1.3B,L8,Attn/Q/bias,2048,0.0,0,0.0,0,0.0,-0.1898193359375,0.21337890625,0.21337890625,0.0,0.0,0.0,0.634765625,5.615234375,40.8203125,52.490234375,0.439453125,0.0
OPT-1.3B,L8,Attn/Q/weight,4194304,0.00016689300537109375,0,0.0,0,0.0,-0.26708984375,0.25634765625,0.26708984375,0.00011920928955078125,0.00286102294921875,0.028061866760253906,0.2816438674926758,2.8223037719726562,27.241802215576172,69.45552825927734,0.1675128936767578,0.0
OPT-1.3B,L8,Attn/V/bias,2048,0.0,0,0.0,0,0.0,-0.03240966796875,0.0120697021484375,0.03240966796875,0.048828125,0.0,0.68359375,6.494140625,57.91015625,34.66796875,0.1953125,0.0,0.0
OPT-1.3B,L8,Attn/V/weight,4194304,0.00030994415283203125,0,0.0,0,0.0,-0.1475830078125,0.126220703125,0.1475830078125,0.00030994415283203125,0.005316734313964844,0.055098533630371094,0.5486726760864258,5.408239364624023,46.837544441223145,47.144365310668945,0.0001430511474609375,0.0
OPT-1.3B,L8,FFN/Intermediate/bias,8192,0.0,0,0.0,0,0.0,-0.0693359375,0.026092529296875,0.0693359375,0.01220703125,0.01220703125,0.01220703125,0.25634765625,2.978515625,76.1474609375,20.5810546875,0.0,0.0
OPT-1.3B,L8,FFN/Intermediate/weight,16777216,0.00015497207641601562,0,0.0,0,0.0,-0.211669921875,0.2484130859375,0.2484130859375,0.0002980232238769531,0.004136562347412109,0.04429817199707031,0.43931007385253906,4.37847375869751,38.40656280517578,56.702721118927,0.024044513702392578,0.0
OPT-1.3B,L8,FFN/Output/bias,2048,0.0,0,0.0,0,0.0,-0.072998046875,0.0679931640625,0.072998046875,0.0,0.0,0.0,0.439453125,4.39453125,42.3828125,52.783203125,0.0,0.0
OPT-1.3B,L8,FFN/Output/weight,16777216,0.00020265579223632812,0,0.0,0,0.0,-0.257080078125,0.446533203125,0.446533203125,0.0003814697265625,0.0058591365814208984,0.06029009819030762,0.6145775318145752,6.042468547821045,38.53424787521362,54.727327823638916,0.014644861221313477,0.0
OPT-1.3B,L8,LayerNorm/final/bias,2048,0.0,0,0.0,0,0.0,-0.25,0.24951171875,0.25,0.0,0.0,0.0,0.048828125,0.537109375,5.126953125,59.765625,34.521484375,0.0
OPT-1.3B,L8,LayerNorm/final/weight,2048,0.0,0,0.0,0,0.0,1.0,1.0,1.0,0.0,0.0,0.0,0.0,0.0,0.0,0.0,100.0,0.0
OPT-1.3B,L8,LayerNorm/self_attn/bias,2048,0.0,0,0.0,0,0.0,-0.251953125,0.25,0.251953125,0.0,0.0,0.0,0.09765625,1.7578125,18.9453125,78.076171875,1.123046875,0.0
OPT-1.3B,L8,LayerNorm/self_attn/weight,2048,0.0,0,0.0,0,0.0,1.0,1.0,1.0,0.0,0.0,0.0,0.0,0.0,0.0,0.0,100.0,0.0
OPT-1.3B,L9,Attn/K/bias,2048,0.0,0,0.0,0,0.0,-0.25,0.25,0.25,0.0,0.0,0.0,0.0,0.830078125,8.69140625,87.109375,3.369140625,0.0
OPT-1.3B,L9,Attn/K/weight,4194304,0.00011920928955078125,0,0.0,0,0.0,-0.2705078125,0.27880859375,0.27880859375,0.0001430511474609375,0.0033140182495117188,0.03159046173095703,0.3100872039794922,3.1370162963867188,29.928064346313477,66.42935276031494,0.16031265258789062,0.0
OPT-1.3B,L9,Attn/O/bias,2048,0.0,0,0.0,0,0.0,-0.07000732421875,0.10321044921875,0.10321044921875,0.0,0.0,0.048828125,0.48828125,8.10546875,57.6171875,33.69140625,0.048828125,0.0
OPT-1.3B,L9,Attn/O/weight,4194304,0.000286102294921875,0,0.0,0,0.0,-0.255615234375,0.253173828125,0.255615234375,0.00045299530029296875,0.005888938903808594,0.06289482116699219,0.6298303604125977,6.237530708312988,54.01737689971924,39.03968334197998,0.0060558319091796875,0.0
OPT-1.3B,L9,Attn/Q/bias,2048,0.0,0,0.0,0,0.0,-0.201904296875,0.1500244140625,0.201904296875,0.0,0.0,0.0,0.390625,4.541015625,40.869140625,53.515625,0.68359375,0.0
OPT-1.3B,L9,Attn/Q/weight,4194304,7.152557373046875e-05,0,0.0,0,0.0,-0.25244140625,0.25390625,0.25390625,0.00016689300537109375,0.0026941299438476562,0.02803802490234375,0.2866029739379883,2.845430374145508,27.466869354248047,69.1554069519043,0.2147197723388672,0.0
OPT-1.3B,L9,Attn/V/bias,2048,0.0,0,0.0,0,0.0,-0.039276123046875,0.037078857421875,0.039276123046875,0.0,0.146484375,0.634765625,5.517578125,54.00390625,39.35546875,0.341796875,0.0,0.0
OPT-1.3B,L9,Attn/V/weight,4194304,0.0005006790161132812,0,0.0,0,0.0,-0.10528564453125,0.12091064453125,0.12091064453125,0.0003337860107421875,0.005650520324707031,0.05536079406738281,0.5614042282104492,5.477690696716309,47.37958908081055,46.51932716369629,0.0001430511474609375,0.0
OPT-1.3B,L9,FFN/Intermediate/bias,8192,0.0,0,0.0,0,0.0,-0.03424072265625,0.038055419921875,0.038055419921875,0.0,0.0,0.0,0.37841796875,2.7587890625,71.78955078125,25.0732421875,0.0,0.0
OPT-1.3B,L9,FFN/Intermediate/weight,16777216,6.556510925292969e-05,0,0.0,0,0.0,-0.249755859375,0.25,0.25,0.00021457672119140625,0.004035234451293945,0.0393986701965332,0.39731860160827637,3.9710700511932373,36.340415477752686,59.22974944114685,0.01773238182067871,0.0
OPT-1.3B,L9,FFN/Output/bias,2048,0.0,0,0.0,0,0.0,-0.0615234375,0.065185546875,0.065185546875,0.0,0.0,0.09765625,0.341796875,5.322265625,45.99609375,48.2421875,0.0,0.0
OPT-1.3B,L9,FFN/Output/weight,16777216,0.00015497207641601562,0,0.0,0,0.0,-0.25244140625,0.5,0.5,0.0003039836883544922,0.0044345855712890625,0.046128034591674805,0.4677772521972656,4.657471179962158,36.763596534729004,58.04615020751953,0.01398324966430664,0.0
OPT-1.3B,L9,LayerNorm/final/bias,2048,0.0,0,0.0,0,0.0,-0.25,0.249755859375,0.25,0.0,0.0,0.048828125,0.048828125,0.29296875,5.56640625,60.7421875,33.30078125,0.0
OPT-1.3B,L9,LayerNorm/final/weight,2048,0.0,0,0.0,0,0.0,1.0,1.0,1.0,0.0,0.0,0.0,0.0,0.0,0.0,0.0,100.0,0.0
OPT-1.3B,L9,LayerNorm/self_attn/bias,2048,0.0,0,0.0,0,0.0,-0.257080078125,0.2470703125,0.257080078125,0.0,0.0,0.048828125,0.1953125,1.5625,17.87109375,79.00390625,1.318359375,0.0
OPT-1.3B,L9,LayerNorm/self_attn/weight,2048,0.0,0,0.0,0,0.0,1.0,1.0,1.0,0.0,0.0,0.0,0.0,0.0,0.0,0.0,100.0,0.0
OPT-1.3B,NO_LAYER,Embeddings/positions/weight,4198400,0.04909012957317073,0,0.0,0,0.0,-0.269775390625,0.2919921875,0.2919921875,0.00042873475609756103,0.008241234756097561,0.07983993902439024,0.7976848323170731,7.984470274390245,63.18935785060975,27.772341844512194,0.11854516006097561,0.0
OPT-1.3B,NO_LAYER,Embeddings/weight,102957056,7.187462702896244e-05,0,0.0,0,0.0,-0.2919921875,0.250244140625,0.2919921875,0.00011558217049252069,0.001966839455860121,0.01962080190016311,0.19629446280981463,1.966525732825927,19.42356723952946,77.70614963970998,0.6856878269712763,0.0
OPT-1.3B,NO_LAYER,LayerNorm/decoder_final/bias,2048,0.0,0,0.0,0,0.0,-0.25,0.25,0.25,0.0,0.0,0.0,0.048828125,0.5859375,1.416015625,53.076171875,44.873046875,0.0
OPT-1.3B,NO_LAYER,LayerNorm/decoder_final/weight,2048,0.0,0,0.0,0,0.0,1.0,1.0,1.0,0.0,0.0,0.0,0.0,0.0,0.0,0.0,100.0,0.0
