model,scope,category,n_total,pct_zero,min,max,maxabs,"pct_(1e-08,1e-07]","pct_(1e-07,1e-06]","pct_(1e-06,1e-05]","pct_(1e-05,1e-04]","pct_(1e-04,1e-03]","pct_(1e-03,1e-02]","pct_(1e-02,1e-01]","pct_(1e-01,1e+00]","pct_(1e+00,1e+01]","pct_(1e+01,1e+02]"
QNLI,ALL,Attn/K/bias,9216,0.0,-0.02802869863808155,0.03315722942352295,0.03315722942352295,0.0,0.010850694444444444,0.15190972222222224,1.5625,16.569010416666664,74.57682291666666,7.12890625,0.0,0.0,0.0
QNLI,ALL,Attn/K/weight,7077888,0.0,-0.706788182258606,0.8320410847663879,0.8320410847663879,0.00015541359230324074,0.0017943205656828702,0.016502097800925927,0.17337092646846064,1.6817022252965859,16.75156487358941,78.90232227466724,2.4725878680193865,0.0,0.0
QNLI,ALL,Attn/O/bias,9216,0.0,-0.4157925248146057,1.3829900026321411,1.3829900026321411,0.0,0.0,0.0,0.1953125,1.8229166666666667,16.67751736111111,75.02170138888889,6.260850694444445,0.021701388888888888,0.0
QNLI,ALL,Attn/O/weight,7077888,0.0,-0.5418074131011963,0.586959183216095,0.586959183216095,0.00015541359230324074,0.0022040473090277775,0.023721765588831017,0.24115950972945605,2.422587076822917,23.705913402416087,73.18279125072338,0.42146753381799773,0.0,0.0
QNLI,ALL,Attn/Q/bias,9216,0.0,-1.0510581731796265,1.0760679244995117,1.0760679244995117,0.0,0.0,0.0,0.08680555555555555,0.8355034722222222,7.302517361111111,51.106770833333336,40.61414930555556,0.054253472222222224,0.0
QNLI,ALL,Attn/Q/weight,7077888,0.0,-0.720954954624176,0.6599045395851135,0.720954954624176,0.00015541359230324074,0.0015117503978587963,0.01713788067853009,0.16759236653645831,1.6736207184968173,16.580115424262154,79.02095935962818,2.5389070864076966,0.0,0.0
QNLI,ALL,Attn/V/bias,9216,0.0,-0.48123157024383545,0.6019526720046997,0.6019526720046997,0.0,0.0,0.054253472222222224,0.3038194444444445,3.3528645833333335,31.0546875,63.009982638888886,2.224392361111111,0.0,0.0
QNLI,ALL,Attn/V/weight,7077888,0.0,-0.26322564482688904,0.28198298811912537,0.28198298811912537,0.00026844165943287036,0.0019921196831597225,0.023693508572048612,0.22838733814380788,2.3203108045789933,22.440097950122976,74.47340223524306,0.5118476019965278,0.0,0.0
QNLI,ALL,Classifier/bias,2,0.0,-0.0009804890723899007,0.000980511773377657,0.000980511773377657,0.0,0.0,0.0,0.0,100.0,0.0,0.0,0.0,0.0,0.0
QNLI,ALL,Classifier/weight,1536,0.0,-0.0764375850558281,0.0598120242357254,0.0764375850558281,0.0,0.0,0.06510416666666666,0.1953125,2.5390625,33.3984375,63.802083333333336,0.0,0.0,0.0
QNLI,ALL,Embeddings/weight,23835648,0.0,-0.9503687620162964,0.8728917837142944,0.9503687620162964,0.00017201126648623105,0.0013676993384027151,0.014553831303432572,0.1423623976994458,1.4289395446685569,14.171865602311296,79.53204376906389,4.708695144348499,0.0,0.0
QNLI,ALL,FFN/Intermediate/bias,36864,0.0,-0.47040486335754395,0.7189115285873413,0.7189115285873413,0.0,0.0,0.0,0.013563368055555556,0.16547309027777776,1.5299479166666665,44.78081597222222,53.51019965277778,0.0,0.0
QNLI,ALL,FFN/Intermediate/weight,28311552,0.0,-1.641304612159729,1.636225700378418,1.641304612159729,0.00022958826135706018,0.0018225775824652778,0.01866375958478009,0.1857616283275463,1.857531512225116,18.384004522252965,78.21304533216689,1.338923418963397,1.766063548900463e-05,0.0
QNLI,ALL,FFN/OutputDense/bias,9216,0.0,-1.1673721075057983,0.43257758021354675,1.1673721075057983,0.0,0.0,0.010850694444444444,0.10850694444444445,1.1827256944444444,11.577690972222223,73.65451388888889,13.45486111111111,0.010850694444444444,0.0
QNLI,ALL,FFN/OutputDense/weight,28311552,0.0,-6.817474365234375,2.4981658458709717,6.817474365234375,0.00019779911747685184,0.0019744590476707177,0.02026734528718171,0.20030692771629052,2.001479819968895,19.72079806857639,76.8697526719835,1.1849191453721788,0.00030376293041087964,0.0
QNLI,ALL,LayerNorm/bias,19200,0.0,-4.203906059265137,1.2349461317062378,4.203906059265137,0.0,0.0,0.005208333333333334,0.078125,0.8177083333333333,8.760416666666666,64.83333333333333,25.359375,0.14583333333333334,0.0
QNLI,ALL,LayerNorm/weight,19200,0.0,0.08687959611415863,3.736628770828247,3.736628770828247,0.0,0.0,0.0,0.0,0.0,0.0,0.005208333333333334,99.546875,0.4479166666666667,0.0
QNLI,ALL,Pooler/bias,768,0.0,-0.09473028033971786,0.10265687108039856,0.10265687108039856,0.0,0.0,0.26041666666666663,0.5208333333333333,4.557291666666666,33.984375,60.546875,0.13020833333333331,0.0,0.0
QNLI,ALL,Pooler/weight,589824,0.0,-0.3933306634426117,0.38601046800613403,0.3933306634426117,0.0005086263020833333,0.004238552517361111,0.035773383246527776,0.3916422526041667,3.790283203125,35.24627685546875,59.49334038628472,1.0379367404513888,0.0,0.0
QNLI,L0,Attn/K/bias,768,0.0,-0.01244352851063013,0.010563324205577374,0.01244352851063013,0.0,0.0,0.26041666666666663,2.34375,25.520833333333332,71.22395833333334,0.6510416666666667,0.0,0.0,0.0
QNLI,L0,Attn/K/weight,589824,0.0,-0.706788182258606,0.8320410847663879,0.8320410847663879,0.0003390842013888889,0.00152587890625,0.018141004774305556,0.1812405056423611,1.77764892578125,17.81226264105903,77.93596055772569,2.2728814019097223,0.0,0.0
QNLI,L0,Attn/O/bias,768,0.0,-0.30612924695014954,0.14980868995189667,0.30612924695014954,0.0,0.0,0.0,0.26041666666666663,1.8229166666666667,25.0,70.96354166666666,1.953125,0.0,0.0
QNLI,L0,Attn/O/weight,589824,0.0,-0.49559393525123596,0.586959183216095,0.586959183216095,0.00016954210069444444,0.0013563368055555555,0.024244520399305556,0.2714369032118055,2.740478515625,26.62472195095486,69.96256510416666,0.3750271267361111,0.0,0.0
QNLI,L0,Attn/Q/bias,768,0.0,-1.0510581731796265,0.8626460433006287,1.0510581731796265,0.0,0.0,0.0,0.0,0.390625,2.994791666666667,27.213541666666668,69.27083333333334,0.13020833333333331,0.0
QNLI,L0,Attn/Q/weight,589824,0.0,-0.5213724374771118,0.4534643590450287,0.5213724374771118,0.0,0.0016954210069444445,0.018141004774305556,0.17225477430555555,1.7701890733506944,17.284647623697914,78.41118706597221,2.341885036892361,0.0,0.0
QNLI,L0,Attn/V/bias,768,0.0,-0.1793900579214096,0.24910742044448853,0.24910742044448853,0.0,0.0,0.0,0.390625,4.6875,30.598958333333332,59.895833333333336,4.427083333333334,0.0,0.0
QNLI,L0,Attn/V/weight,589824,0.0,-0.16319946944713593,0.19316066801548004,0.19316066801548004,0.0,0.002034505208333333,0.02593994140625,0.25838216145833337,2.67791748046875,25.459459092881943,71.46470811631944,0.11155870225694445,0.0,0.0
QNLI,L0,FFN/Intermediate/bias,3072,0.0,-0.3523329794406891,0.4060339331626892,0.4060339331626892,0.0,0.0,0.0,0.03255208333333333,0.0,0.5208333333333333,30.729166666666668,68.71744791666666,0.0,0.0
QNLI,L0,FFN/Intermediate/weight,2359296,0.0,-0.2988073229789734,0.3225348889827728,0.3225348889827728,0.00016954210069444444,0.0016954210069444445,0.018352932400173612,0.19734700520833334,1.962492201063368,19.389216105143227,77.50879923502603,0.9219275580512153,0.0,0.0
QNLI,L0,FFN/OutputDense/bias,768,0.0,-0.5258446931838989,0.3384746313095093,0.5258446931838989,0.0,0.0,0.0,0.13020833333333331,1.3020833333333335,12.109375,72.13541666666666,14.322916666666666,0.0,0.0
QNLI,L0,FFN/OutputDense/weight,2359296,0.0,-1.6798157691955566,0.7703405618667603,1.6798157691955566,0.00025431315104166663,0.0016530354817708333,0.021023220486111112,0.21341111924913195,2.1180046929253473,20.83519829644097,75.97028944227431,0.8400811089409722,8.477105034722222e-05,0.0
QNLI,L0,LayerNorm/bias,1536,0.0,-4.203906059265137,0.8338285088539124,4.203906059265137,0.0,0.0,0.0,0.0,0.7161458333333333,5.338541666666666,50.260416666666664,43.03385416666667,0.6510416666666667,0.0
QNLI,L0,LayerNorm/weight,1536,0.0,0.10121732950210571,2.9989240169525146,2.9989240169525146,0.0,0.0,0.0,0.0,0.0,0.0,0.0,97.98177083333334,2.018229166666667,0.0
QNLI,L10,Attn/K/bias,768,0.0,-0.022035712376236916,0.02348366566002369,0.02348366566002369,0.0,0.0,0.13020833333333331,0.9114583333333334,12.5,74.609375,11.848958333333332,0.0,0.0,0.0
QNLI,L10,Attn/K/weight,589824,0.0,-0.3232167363166809,0.26097723841667175,0.3232167363166809,0.00016954210069444444,0.00152587890625,0.012885199652777778,0.17751057942708331,1.5501234266493056,15.80657958984375,79.47743733723959,2.973768446180556,0.0,0.0
QNLI,L10,Attn/O/bias,768,0.0,-0.1599990725517273,0.16515398025512695,0.16515398025512695,0.0,0.0,0.0,0.26041666666666663,1.171875,12.890625,80.078125,5.598958333333334,0.0,0.0
QNLI,L10,Attn/O/weight,589824,0.0,-0.26088643074035645,0.2850164473056793,0.2850164473056793,0.0,0.0010172526041666665,0.0213623046875,0.22532145182291666,2.244906955295139,21.92535400390625,75.15852186414931,0.4235161675347222,0.0,0.0
QNLI,L10,Attn/Q/bias,768,0.0,-0.9746872782707214,1.0760679244995117,1.0760679244995117,0.0,0.0,0.0,0.13020833333333331,1.6927083333333333,9.375,51.041666666666664,37.23958333333333,0.5208333333333333,0.0
QNLI,L10,Attn/Q/weight,589824,0.0,-0.4198456108570099,0.4647218883037567,0.4647218883037567,0.0003390842013888889,0.001864963107638889,0.01898871527777778,0.15920003255208331,1.5850490993923612,15.661112467447916,79.56915961371529,3.004286024305556,0.0,0.0
QNLI,L10,Attn/V/bias,768,0.0,-0.20617684721946716,0.311966210603714,0.311966210603714,0.0,0.0,0.26041666666666663,0.5208333333333333,4.6875,35.67708333333333,58.333333333333336,0.5208333333333333,0.0,0.0
QNLI,L10,Attn/V/weight,589824,0.0,-0.24834853410720825,0.25324809551239014,0.25324809551239014,0.00016954210069444444,0.0023735894097222225,0.021531846788194444,0.2224392361111111,2.218119303385417,21.104600694444446,75.61357286241319,0.8171929253472222,0.0,0.0
QNLI,L10,FFN/Intermediate/bias,3072,0.0,-0.3407318890094757,0.3875144422054291,0.3875144422054291,0.0,0.0,0.0,0.0,0.06510416666666666,0.22786458333333334,39.35546875,60.3515625,0.0,0.0
QNLI,L10,FFN/Intermediate/weight,2359296,0.0,-1.641304612159729,1.636225700378418,1.641304612159729,0.00016954210069444444,0.0017801920572916667,0.01801384819878472,0.182342529296875,1.84478759765625,18.38934156629774,78.50782606336806,1.0555267333984375,0.00021192762586805556,0.0
QNLI,L10,FFN/OutputDense/bias,768,0.0,-1.1673721075057983,0.28470832109451294,1.1673721075057983,0.0,0.0,0.0,0.0,0.9114583333333334,6.770833333333333,64.84375,27.34375,0.13020833333333331,0.0
QNLI,L10,FFN/OutputDense/weight,2359296,0.0,-6.37381649017334,0.9031203985214233,6.37381649017334,0.00025431315104166663,0.0017801920572916667,0.01953972710503472,0.19696553548177084,1.9502427842881944,19.163597954644096,77.80202229817709,0.8653852674696181,0.00021192762586805556,0.0
QNLI,L10,LayerNorm/bias,1536,0.0,-1.8882802724838257,1.2349461317062378,1.8882802724838257,0.0,0.0,0.0,0.0,1.0416666666666665,9.830729166666668,73.046875,15.885416666666666,0.1953125,0.0
QNLI,L10,LayerNorm/weight,1536,0.0,0.14502783119678497,3.1997368335723877,3.1997368335723877,0.0,0.0,0.0,0.0,0.0,0.0,0.0,99.34895833333334,0.6510416666666667,0.0
QNLI,L11,Attn/K/bias,768,0.0,-0.0225690808147192,0.03315722942352295,0.03315722942352295,0.0,0.0,0.13020833333333331,1.6927083333333333,14.84375,78.125,5.208333333333334,0.0,0.0,0.0
QNLI,L11,Attn/K/weight,589824,0.0,-0.47291630506515503,0.31264379620552063,0.47291630506515503,0.0003390842013888889,0.0006781684027777778,0.015597873263888888,0.1598782009548611,1.6335381401909723,16.18431939019097,79.50354682074654,2.502102322048611,0.0,0.0
QNLI,L11,Attn/O/bias,768,0.0,-0.11594503372907639,0.13674421608448029,0.13674421608448029,0.0,0.0,0.0,0.13020833333333331,2.213541666666667,17.1875,79.6875,0.78125,0.0,0.0
QNLI,L11,Attn/O/weight,589824,0.0,-0.31294015049934387,0.19878201186656952,0.31294015049934387,0.00016954210069444444,0.001864963107638889,0.017123752170138888,0.1971774631076389,1.9554985894097223,19.410196940104164,77.67045762803819,0.7475111219618056,0.0,0.0
QNLI,L11,Attn/Q/bias,768,0.0,-0.8310043811798096,0.7945200800895691,0.8310043811798096,0.0,0.0,0.0,0.0,0.0,4.947916666666666,36.19791666666667,58.854166666666664,0.0,0.0
QNLI,L11,Attn/Q/weight,589824,0.0,-0.720954954624176,0.6599045395851135,0.720954954624176,0.0,0.001864963107638889,0.014750162760416666,0.16733805338541669,1.5989515516493056,15.983751085069445,79.47642008463541,2.756924099392361,0.0,0.0
QNLI,L11,Attn/V/bias,768,0.0,-0.12448243051767349,0.09190446883440018,0.12448243051767349,0.0,0.0,0.0,0.5208333333333333,5.46875,39.0625,54.817708333333336,0.13020833333333331,0.0,0.0
QNLI,L11,Attn/V/weight,589824,0.0,-0.26322564482688904,0.28198298811912537,0.28198298811912537,0.0003390842013888889,0.002034505208333333,0.019666883680555556,0.19582112630208334,1.93328857421875,18.746439615885414,77.82745361328125,1.274956597222222,0.0,0.0
QNLI,L11,FFN/Intermediate/bias,3072,0.0,-0.42512351274490356,0.5632150769233704,0.5632150769233704,0.0,0.0,0.0,0.03255208333333333,0.06510416666666666,1.4973958333333335,74.34895833333334,24.055989583333336,0.0,0.0
QNLI,L11,FFN/Intermediate/weight,2359296,0.0,-0.4471300542354584,0.28508058190345764,0.4471300542354584,0.0002966986762152778,0.0018225775824652778,0.019031100802951388,0.1865810818142361,1.837709214952257,18.156305948893227,78.67813110351562,1.120122273763021,0.0,0.0
QNLI,L11,FFN/OutputDense/bias,768,0.0,-0.5737321376800537,0.14620158076286316,0.5737321376800537,0.0,0.0,0.0,0.13020833333333331,1.3020833333333335,13.020833333333334,80.33854166666666,5.208333333333334,0.0,0.0
QNLI,L11,FFN/OutputDense/weight,2359296,0.0,-2.149498462677002,0.9552873373031616,2.149498462677002,0.00012715657552083332,0.002161661783854167,0.020726521809895836,0.20658704969618055,2.026663886176215,20.018810696072048,77.13661193847656,0.5880991617838542,0.00021192762586805556,0.0
QNLI,L11,LayerNorm/bias,1536,0.0,-2.2580089569091797,0.33223047852516174,2.2580089569091797,0.0,0.0,0.0,0.06510416666666666,1.0416666666666665,11.002604166666668,75.45572916666666,12.369791666666668,0.06510416666666666,0.0
QNLI,L11,LayerNorm/weight,1536,0.0,0.27324286103248596,1.6125202178955078,1.6125202178955078,0.0,0.0,0.0,0.0,0.0,0.0,0.0,99.21875,0.78125,0.0
QNLI,L1,Attn/K/bias,768,0.0,-0.02802869863808155,0.022084079682826996,0.02802869863808155,0.0,0.0,0.0,1.8229166666666667,19.401041666666664,72.39583333333334,6.380208333333333,0.0,0.0,0.0
QNLI,L1,Attn/K/weight,589824,0.0,-0.36243006587028503,0.36077457666397095,0.36243006587028503,0.0,0.0022040473090277775,0.017971462673611112,0.17869737413194445,1.751708984375,17.47521294487847,78.39118109809029,2.183024088541667,0.0,0.0
QNLI,L1,Attn/O/bias,768,0.0,-0.28848326206207275,0.23825037479400635,0.28848326206207275,0.0,0.0,0.0,0.0,1.5625,11.979166666666668,78.64583333333334,7.8125,0.0,0.0
QNLI,L1,Attn/O/weight,589824,0.0,-0.31042909622192383,0.3620501160621643,0.3620501160621643,0.0,0.002543131510416667,0.03255208333333333,0.2719455295138889,2.802870008680556,27.06536187065972,69.46885850694444,0.3558688693576389,0.0,0.0
QNLI,L1,Attn/Q/bias,768,0.0,-0.881007969379425,0.8894606232643127,0.8894606232643127,0.0,0.0,0.0,0.0,0.78125,8.333333333333332,58.333333333333336,32.55208333333333,0.0,0.0
QNLI,L1,Attn/Q/weight,589824,0.0,-0.3904806077480316,0.30403202772140503,0.3904806077480316,0.0003390842013888889,0.0023735894097222225,0.0152587890625,0.18361409505208331,1.7454359266493056,17.26871066623264,78.62616644965279,2.158101399739583,0.0,0.0
QNLI,L1,Attn/V/bias,768,0.0,-0.48123157024383545,0.2503536641597748,0.48123157024383545,0.0,0.0,0.13020833333333331,0.13020833333333331,3.2552083333333335,35.9375,58.203125,2.34375,0.0,0.0
QNLI,L1,Attn/V/weight,589824,0.0,-0.21225835382938385,0.1923302710056305,0.21225835382938385,0.0003390842013888889,0.002034505208333333,0.027974446614583332,0.2534654405381945,2.640787760416667,25.67223442925347,71.28329806857639,0.11986626519097222,0.0,0.0
QNLI,L1,FFN/Intermediate/bias,3072,0.0,-0.3119472563266754,0.6661065220832825,0.6661065220832825,0.0,0.0,0.0,0.0,0.16276041666666669,1.3997395833333335,45.5078125,52.9296875,0.0,0.0
QNLI,L1,FFN/Intermediate/weight,2359296,0.0,-0.3095984160900116,0.5043511986732483,0.5043511986732483,0.00016954210069444444,0.0019921196831597225,0.018141004774305556,0.19022623697916669,1.8795013427734375,18.573718600802952,78.03412543402779,1.302125718858507,0.0,0.0
QNLI,L1,FFN/OutputDense/bias,768,0.0,-0.30384641885757446,0.26442477107048035,0.30384641885757446,0.0,0.0,0.0,0.13020833333333331,1.953125,11.458333333333332,77.734375,8.723958333333332,0.0,0.0
QNLI,L1,FFN/OutputDense/weight,2359296,0.0,-2.151902675628662,1.191369891166687,2.151902675628662,0.00016954210069444444,0.002288818359375,0.019243028428819444,0.20082261827256945,2.0279354519314237,19.85804239908854,76.76442464192709,1.126183403862847,0.0008900960286458334,0.0
QNLI,L1,LayerNorm/bias,1536,0.0,-2.4617269039154053,0.5442683696746826,2.4617269039154053,0.0,0.0,0.0,0.0,0.6510416666666667,6.184895833333334,58.528645833333336,34.50520833333333,0.13020833333333331,0.0
QNLI,L1,LayerNorm/weight,1536,0.0,0.2781265676021576,3.0390682220458984,3.0390682220458984,0.0,0.0,0.0,0.0,0.0,0.0,0.0,99.67447916666666,0.32552083333333337,0.0
QNLI,L2,Attn/K/bias,768,0.0,-0.016028203070163727,0.027041591703891754,0.027041591703891754,0.0,0.0,0.26041666666666663,2.473958333333333,23.046875,70.3125,3.90625,0.0,0.0,0.0
QNLI,L2,Attn/K/weight,589824,0.0,-0.4550342261791229,0.4597283899784088,0.4597283899784088,0.00016954210069444444,0.001864963107638889,0.01610649956597222,0.17445882161458331,1.6849093967013888,16.656494140625,77.94918484157986,3.516811794704861,0.0,0.0
QNLI,L2,Attn/O/bias,768,0.0,-0.4157925248146057,0.4141972064971924,0.4157925248146057,0.0,0.0,0.0,0.0,1.4322916666666665,11.588541666666668,64.84375,22.135416666666664,0.0,0.0
QNLI,L2,Attn/O/weight,589824,0.0,-0.26741671562194824,0.24559074640274048,0.26741671562194824,0.00016954210069444444,0.001864963107638889,0.02899169921875,0.2716064453125,2.863057454427083,27.736409505208332,68.90021430121529,0.1976860894097222,0.0,0.0
QNLI,L2,Attn/Q/bias,768,0.0,-0.8210963606834412,0.5035882592201233,0.8210963606834412,0.0,0.0,0.0,0.26041666666666663,1.4322916666666665,7.552083333333333,55.729166666666664,35.02604166666667,0.0,0.0
QNLI,L2,Attn/Q/weight,589824,0.0,-0.5299825668334961,0.5179241299629211,0.5299825668334961,0.00016954210069444444,0.00152587890625,0.016276041666666664,0.16157362196180555,1.6432020399305556,16.20703803168403,78.10228135850694,3.8679334852430554,0.0,0.0
QNLI,L2,Attn/V/bias,768,0.0,-0.28188803791999817,0.6019526720046997,0.6019526720046997,0.0,0.0,0.13020833333333331,0.390625,1.953125,28.776041666666668,61.458333333333336,7.291666666666667,0.0,0.0
QNLI,L2,Attn/V/weight,589824,0.0,-0.18770959973335266,0.2075844556093216,0.2075844556093216,0.0003390842013888889,0.002712673611111111,0.029839409722222224,0.2677069769965278,2.743699815538194,26.380411783854168,70.47983805338541,0.09545220269097222,0.0,0.0
QNLI,L2,FFN/Intermediate/bias,3072,0.0,-0.35781383514404297,0.6119568943977356,0.6119568943977356,0.0,0.0,0.0,0.0,0.09765625,1.26953125,40.91796875,57.71484375,0.0,0.0
QNLI,L2,FFN/Intermediate/weight,2359296,0.0,-0.6288467049598694,0.5737005472183228,0.6288467049598694,0.0002966986762152778,0.002246432834201389,0.017505221896701388,0.18713209364149305,1.8680572509765625,18.35149129231771,78.16166347927518,1.4116075303819444,0.0,0.0
QNLI,L2,FFN/OutputDense/bias,768,0.0,-0.366397500038147,0.24468915164470673,0.366397500038147,0.0,0.0,0.0,0.13020833333333331,0.78125,10.9375,72.65625,15.494791666666666,0.0,0.0
QNLI,L2,FFN/OutputDense/weight,2359296,0.0,-3.331472158432007,1.0368268489837646,3.331472158432007,0.00016954210069444444,0.002034505208333333,0.02106560601128472,0.19929673936631945,2.005428738064236,19.747161865234375,76.74412197536893,1.2805514865451388,0.00016954210069444444,0.0
QNLI,L2,LayerNorm/bias,1536,0.0,-2.0177361965179443,0.6737417578697205,2.0177361965179443,0.0,0.0,0.0,0.0,0.5208333333333333,6.966145833333333,56.966145833333336,35.48177083333333,0.06510416666666666,0.0
QNLI,L2,LayerNorm/weight,1536,0.0,0.40875113010406494,2.2837412357330322,2.2837412357330322,0.0,0.0,0.0,0.0,0.0,0.0,0.0,99.8046875,0.1953125,0.0
QNLI,L3,Attn/K/bias,768,0.0,-0.021859431639313698,0.02150745503604412,0.021859431639313698,0.0,0.13020833333333331,0.13020833333333331,1.8229166666666667,18.229166666666664,75.52083333333334,4.166666666666666,0.0,0.0,0.0
QNLI,L3,Attn/K/weight,589824,0.0,-0.345721036195755,0.344646155834198,0.345721036195755,0.0,0.002543131510416667,0.016954210069444444,0.16581217447916669,1.7311943901909723,17.212083604600696,78.65447998046875,2.216932508680556,0.0,0.0
QNLI,L3,Attn/O/bias,768,0.0,-0.22915656864643097,0.27922141551971436,0.27922141551971436,0.0,0.0,0.0,0.0,1.0416666666666665,11.71875,69.66145833333334,17.578125,0.0,0.0
QNLI,L3,Attn/O/weight,589824,0.0,-0.38759005069732666,0.2653760015964508,0.38759005069732666,0.0005086263020833333,0.0035603841145833335,0.024074978298611112,0.2605862087673611,2.634006076388889,25.68393283420139,71.11579047309029,0.2775404188368055,0.0,0.0
QNLI,L3,Attn/Q/bias,768,0.0,-0.7679978609085083,0.5714038610458374,0.7679978609085083,0.0,0.0,0.0,0.26041666666666663,1.4322916666666665,8.723958333333332,61.197916666666664,28.385416666666668,0.0,0.0
QNLI,L3,Attn/Q/weight,589824,0.0,-0.3353594243526459,0.33299270272254944,0.3353594243526459,0.00016954210069444444,0.00152587890625,0.016615125868055556,0.1678466796875,1.71356201171875,16.99591742621528,78.84385850694444,2.2605048285590277,0.0,0.0
QNLI,L3,Attn/V/bias,768,0.0,-0.2588116526603699,0.32110288739204407,0.32110288739204407,0.0,0.0,0.0,0.13020833333333331,2.734375,34.11458333333333,61.71875,1.3020833333333335,0.0,0.0
QNLI,L3,Attn/V/weight,589824,0.0,-0.18295182287693024,0.1921747475862503,0.1921747475862503,0.0,0.0013563368055555555,0.025092230902777776,0.24871826171875,2.4544609917534723,23.79031711154514,73.16114637586806,0.31890869140625,0.0,0.0
QNLI,L3,FFN/Intermediate/bias,3072,0.0,-0.3900342881679535,0.5940935015678406,0.5940935015678406,0.0,0.0,0.0,0.0,0.29296875,1.7578125,42.02473958333333,55.924479166666664,0.0,0.0
QNLI,L3,FFN/Intermediate/weight,2359296,0.0,-0.6578137278556824,0.6300041675567627,0.6578137278556824,0.00016954210069444444,0.0017378065321180555,0.01975165473090278,0.18157958984375,1.837370130750868,18.126932779947914,78.2510969373915,1.581361558702257,0.0,0.0
QNLI,L3,FFN/OutputDense/bias,768,0.0,-0.6074684858322144,0.20651957392692566,0.6074684858322144,0.0,0.0,0.0,0.13020833333333331,0.6510416666666667,13.411458333333334,70.703125,15.104166666666666,0.0,0.0
QNLI,L3,FFN/OutputDense/weight,2359296,0.0,-6.64047908782959,0.7794555425643921,6.64047908782959,0.0003814697265625,0.0016954210069444445,0.021489461263020836,0.19429524739583331,1.9672393798828125,19.442537095811634,76.96092393663194,1.411226060655382,0.00021192762586805556,0.0
QNLI,L3,LayerNorm/bias,1536,0.0,-1.5126643180847168,0.6475719809532166,1.5126643180847168,0.0,0.0,0.06510416666666666,0.13020833333333331,0.9765625,7.877604166666667,63.346354166666664,27.5390625,0.06510416666666666,0.0
QNLI,L3,LayerNorm/weight,1536,0.0,0.38809284567832947,3.4962947368621826,3.4962947368621826,0.0,0.0,0.0,0.0,0.0,0.0,0.0,99.8046875,0.1953125,0.0
QNLI,L4,Attn/K/bias,768,0.0,-0.017518045380711555,0.02214518003165722,0.02214518003165722,0.0,0.0,0.13020833333333331,1.4322916666666665,16.796875,77.08333333333334,4.557291666666666,0.0,0.0,0.0
QNLI,L4,Attn/K/weight,589824,0.0,-0.3648627698421478,0.3911040425300598,0.3911040425300598,0.0003390842013888889,0.002543131510416667,0.016615125868055556,0.1842922634548611,1.7723931206597223,17.375013563368054,78.79435221354166,1.8544514973958333,0.0,0.0
QNLI,L4,Attn/O/bias,768,0.0,-0.14365503191947937,0.5209733247756958,0.5209733247756958,0.0,0.0,0.0,0.390625,2.083333333333333,19.921875,76.04166666666666,1.5625,0.0,0.0
QNLI,L4,Attn/O/weight,589824,0.0,-0.32802703976631165,0.23817245662212372,0.32802703976631165,0.0,0.002034505208333333,0.0244140625,0.2422756618923611,2.324422200520833,23.11943901909722,73.77048068576389,0.516933865017361,0.0,0.0
QNLI,L4,Attn/Q/bias,768,0.0,-0.720819890499115,0.6234112977981567,0.720819890499115,0.0,0.0,0.0,0.0,0.390625,5.859375,57.291666666666664,36.45833333333333,0.0,0.0
QNLI,L4,Attn/Q/weight,589824,0.0,-0.38884037733078003,0.35144615173339844,0.38884037733078003,0.00016954210069444444,0.00152587890625,0.017801920572916664,0.17547607421875,1.7432318793402777,17.2882080078125,78.85979546440971,1.9137912326388888,0.0,0.0
QNLI,L4,Attn/V/bias,768,0.0,-0.15958218276500702,0.16667219996452332,0.16667219996452332,0.0,0.0,0.0,0.6510416666666667,4.036458333333334,32.94270833333333,61.588541666666664,0.78125,0.0,0.0
QNLI,L4,Attn/V/weight,589824,0.0,-0.20967096090316772,0.21080075204372406,0.21080075204372406,0.0003390842013888889,0.002712673611111111,0.01983642578125,0.20955403645833334,2.2009955512152777,21.059672037760414,75.85381401909721,0.653076171875,0.0,0.0
QNLI,L4,FFN/Intermediate/bias,3072,0.0,-0.40787678956985474,0.5077568292617798,0.5077568292617798,0.0,0.0,0.0,0.0,0.29296875,1.8229166666666667,43.03385416666667,54.850260416666664,0.0,0.0
QNLI,L4,FFN/Intermediate/weight,2359296,0.0,-0.5362138748168945,0.8648886680603027,0.8648886680603027,0.00025431315104166663,0.0018225775824652778,0.018310546875,0.1800113254123264,1.8322838677300348,18.12544928656684,78.13805474175346,1.7038133409288194,0.0,0.0
QNLI,L4,FFN/OutputDense/bias,768,0.0,-0.3428335189819336,0.20754367113113403,0.3428335189819336,0.0,0.0,0.0,0.13020833333333331,1.3020833333333335,15.234375,77.60416666666666,5.729166666666666,0.0,0.0
QNLI,L4,FFN/OutputDense/weight,2359296,0.0,-6.817474365234375,1.9463483095169067,6.817474365234375,0.00016954210069444444,0.0016954210069444445,0.019709269205729164,0.19319322374131945,1.9744025336371527,19.403160942925346,76.71712239583334,1.6903771294487848,0.00016954210069444444,0.0
QNLI,L4,LayerNorm/bias,1536,0.0,-1.2970246076583862,0.7249430418014526,1.2970246076583862,0.0,0.0,0.0,0.1953125,0.5859375,10.416666666666668,65.29947916666666,23.372395833333336,0.13020833333333331,0.0
QNLI,L4,LayerNorm/weight,1536,0.0,0.3592708706855774,3.736628770828247,3.736628770828247,0.0,0.0,0.0,0.0,0.0,0.0,0.0,99.8046875,0.1953125,0.0
QNLI,L5,Attn/K/bias,768,0.0,-0.018653547391295433,0.023573795333504677,0.023573795333504677,0.0,0.0,0.13020833333333331,1.5625,14.192708333333334,73.95833333333334,10.15625,0.0,0.0,0.0
QNLI,L5,Attn/K/weight,589824,0.0,-0.32160475850105286,0.3588118553161621,0.3588118553161621,0.00016954210069444444,0.0023735894097222225,0.015428331163194444,0.17632378472222224,1.6883002387152777,16.79806179470486,79.02035183376736,2.298990885416667,0.0,0.0
QNLI,L5,Attn/O/bias,768,0.0,-0.11490664631128311,0.7712157368659973,0.7712157368659973,0.0,0.0,0.0,0.26041666666666663,2.34375,23.177083333333336,73.046875,1.171875,0.0,0.0
QNLI,L5,Attn/O/weight,589824,0.0,-0.2970733046531677,0.321016788482666,0.321016788482666,0.00016954210069444444,0.0013563368055555555,0.02288818359375,0.2376980251736111,2.325269911024306,22.662183973524304,74.18111165364584,0.5693223741319444,0.0,0.0
QNLI,L5,Attn/Q/bias,768,0.0,-0.5516409277915955,0.6926100850105286,0.6926100850105286,0.0,0.0,0.0,0.0,0.5208333333333333,10.026041666666668,61.458333333333336,27.994791666666668,0.0,0.0
QNLI,L5,Attn/Q/weight,589824,0.0,-0.3402106463909149,0.3671266734600067,0.3671266734600067,0.0003390842013888889,0.0008477105034722222,0.016954210069444444,0.17869737413194445,1.6855875651041667,16.785176595052086,79.04103597005209,2.291361490885417,0.0,0.0
QNLI,L5,Attn/V/bias,768,0.0,-0.19664201140403748,0.09909915924072266,0.19664201140403748,0.0,0.0,0.0,0.13020833333333331,3.125,29.6875,66.92708333333334,0.13020833333333331,0.0,0.0
QNLI,L5,Attn/V/weight,589824,0.0,-0.21976757049560547,0.21306222677230835,0.21976757049560547,0.0003390842013888889,0.00152587890625,0.020853678385416664,0.2234564887152778,2.1903143988715277,21.458604600694446,75.40859646267361,0.6963094075520833,0.0,0.0
QNLI,L5,FFN/Intermediate/bias,3072,0.0,-0.43670880794525146,0.5891631245613098,0.5891631245613098,0.0,0.0,0.0,0.06510416666666666,0.22786458333333334,3.125,46.51692708333333,50.065104166666664,0.0,0.0
QNLI,L5,FFN/Intermediate/weight,2359296,0.0,-0.3533014953136444,0.5522680282592773,0.5522680282592773,0.00025431315104166663,0.001568264431423611,0.01915825737847222,0.18357170952690974,1.8401251898871527,18.16919114854601,78.11732821994357,1.6688028971354167,0.0,0.0
QNLI,L5,FFN/OutputDense/bias,768,0.0,-0.6161782145500183,0.19454070925712585,0.6161782145500183,0.0,0.0,0.0,0.0,2.083333333333333,15.494791666666666,76.04166666666666,6.380208333333333,0.0,0.0
QNLI,L5,FFN/OutputDense/weight,2359296,0.0,-6.023324012756348,2.4981658458709717,6.023324012756348,0.0002966986762152778,0.0017378065321180555,0.021023220486111112,0.1998477511935764,1.97906494140625,19.61424085828993,76.57797071668837,1.6056908501519098,0.00012715657552083332,0.0
QNLI,L5,LayerNorm/bias,1536,0.0,-1.3957781791687012,0.6276460289955139,1.3957781791687012,0.0,0.0,0.0,0.0,0.9765625,8.854166666666668,65.16927083333334,24.869791666666664,0.13020833333333331,0.0
QNLI,L5,LayerNorm/weight,1536,0.0,0.40916553139686584,3.394892454147339,3.394892454147339,0.0,0.0,0.0,0.0,0.0,0.0,0.0,99.73958333333334,0.26041666666666663,0.0
QNLI,L6,Attn/K/bias,768,0.0,-0.023120809346437454,0.02162785828113556,0.023120809346437454,0.0,0.0,0.0,1.8229166666666667,16.145833333333336,75.78125,6.25,0.0,0.0,0.0
QNLI,L6,Attn/K/weight,589824,0.0,-0.3338456153869629,0.361011266708374,0.361011266708374,0.00016954210069444444,0.0011867947048611112,0.018480088975694444,0.17191569010416669,1.6832139756944444,16.86248779296875,79.14767795138889,2.1148681640625,0.0,0.0
QNLI,L6,Attn/O/bias,768,0.0,-0.20277062058448792,0.8220155239105225,0.8220155239105225,0.0,0.0,0.0,0.390625,1.953125,20.182291666666664,74.609375,2.864583333333333,0.0,0.0
QNLI,L6,Attn/O/weight,589824,0.0,-0.21620728075504303,0.19921328127384186,0.21620728075504303,0.00016954210069444444,0.0028822157118055555,0.021531846788194444,0.24871826171875,2.383761935763889,23.26626247829861,73.60568576388889,0.4709879557291667,0.0,0.0
QNLI,L6,Attn/Q/bias,768,0.0,-0.5995197892189026,0.5928258895874023,0.5995197892189026,0.0,0.0,0.0,0.0,1.0416666666666665,9.244791666666668,58.723958333333336,30.989583333333332,0.0,0.0
QNLI,L6,Attn/Q/weight,589824,0.0,-0.2709997296333313,0.3192097544670105,0.3192097544670105,0.0003390842013888889,0.001864963107638889,0.017123752170138888,0.16411675347222224,1.6854180230034723,16.823832194010414,79.17310926649306,2.134195963541667,0.0,0.0
QNLI,L6,Attn/V/bias,768,0.0,-0.15531691908836365,0.15795983374118805,0.15795983374118805,0.0,0.0,0.0,0.390625,3.515625,28.125,65.49479166666666,2.473958333333333,0.0,0.0
QNLI,L6,Attn/V/weight,589824,0.0,-0.19273047149181366,0.1856689751148224,0.19273047149181366,0.00016954210069444444,0.002712673611111111,0.024244520399305556,0.2178615993923611,2.247450086805556,21.91196017795139,75.02000596788194,0.575595431857639,0.0,0.0
QNLI,L6,FFN/Intermediate/bias,3072,0.0,-0.46397534012794495,0.7189115285873413,0.7189115285873413,0.0,0.0,0.0,0.0,0.1953125,2.799479166666667,51.595052083333336,45.41015625,0.0,0.0
QNLI,L6,FFN/Intermediate/weight,2359296,0.0,-0.2958536446094513,0.35126516222953796,0.35126516222953796,0.00016954210069444444,0.0019073486328125,0.020429823133680556,0.18518235948350695,1.8110911051432292,18.00939771864149,78.27347649468315,1.6983456081814237,0.0,0.0
QNLI,L6,FFN/OutputDense/bias,768,0.0,-0.5494057536125183,0.24287840723991394,0.5494057536125183,0.0,0.0,0.0,0.390625,0.9114583333333334,10.9375,76.30208333333334,11.458333333333332,0.0,0.0
QNLI,L6,FFN/OutputDense/weight,2359296,0.0,-4.808985710144043,1.6325703859329224,4.808985710144043,0.00012715657552083332,0.0021192762586805555,0.020260281032986112,0.1987033420138889,2.007717556423611,19.69579060872396,76.57903035481772,1.496124267578125,0.00012715657552083332,0.0
QNLI,L6,LayerNorm/bias,1536,0.0,-2.00224232673645,0.7850568890571594,2.00224232673645,0.0,0.0,0.0,0.06510416666666666,0.6510416666666667,9.114583333333332,66.53645833333334,23.567708333333336,0.06510416666666666,0.0
QNLI,L6,LayerNorm/weight,1536,0.0,0.37385642528533936,3.3434200286865234,3.3434200286865234,0.0,0.0,0.0,0.0,0.0,0.0,0.0,99.73958333333334,0.26041666666666663,0.0
QNLI,L7,Attn/K/bias,768,0.0,-0.02136131376028061,0.02026056870818138,0.02136131376028061,0.0,0.0,0.26041666666666663,1.4322916666666665,15.104166666666666,76.171875,7.03125,0.0,0.0,0.0
QNLI,L7,Attn/K/weight,589824,0.0,-0.3872293531894684,0.4347236454486847,0.4347236454486847,0.0,0.0013563368055555555,0.016615125868055556,0.1666598849826389,1.6821967230902777,16.65191650390625,79.19871012369791,2.282545301649306,0.0,0.0
QNLI,L7,Attn/O/bias,768,0.0,-0.12752282619476318,1.3829900026321411,1.3829900026321411,0.0,0.0,0.0,0.26041666666666663,1.8229166666666667,19.791666666666664,76.5625,1.4322916666666665,0.13020833333333331,0.0
QNLI,L7,Attn/O/weight,589824,0.0,-0.24586142599582672,0.24549128115177155,0.24586142599582672,0.0003390842013888889,0.0035603841145833335,0.021531846788194444,0.23040771484375,2.35137939453125,23.3062744140625,73.72979058159721,0.3567165798611111,0.0,0.0
QNLI,L7,Attn/Q/bias,768,0.0,-0.8656807541847229,0.5888166427612305,0.8656807541847229,0.0,0.0,0.0,0.26041666666666663,0.9114583333333334,6.770833333333333,57.682291666666664,34.375,0.0,0.0
QNLI,L7,Attn/Q/weight,589824,0.0,-0.2675665020942688,0.3297412395477295,0.3297412395477295,0.0,0.0005086263020833333,0.017293294270833336,0.16937255859375,1.6782972547743056,16.67666965060764,79.19430202907986,2.2635565863715277,0.0,0.0
QNLI,L7,Attn/V/bias,768,0.0,-0.23626668751239777,0.18723133206367493,0.23626668751239777,0.0,0.0,0.13020833333333331,0.13020833333333331,1.953125,25.651041666666668,69.921875,2.213541666666667,0.0,0.0
QNLI,L7,Attn/V/weight,589824,0.0,-0.19429269433021545,0.16882790625095367,0.19429269433021545,0.0003390842013888889,0.0011867947048611112,0.026109483506944444,0.22260877821180555,2.299669053819444,22.279527452256946,74.80078803168404,0.36977132161458337,0.0,0.0
QNLI,L7,FFN/Intermediate/bias,3072,0.0,-0.47040486335754395,0.5755324363708496,0.5755324363708496,0.0,0.0,0.0,0.0,0.22786458333333334,1.66015625,43.06640625,55.045572916666664,0.0,0.0
QNLI,L7,FFN/Intermediate/weight,2359296,0.0,-0.3187256455421448,0.39794299006462097,0.39794299006462097,0.0002966986762152778,0.0019073486328125,0.020345052083333336,0.1853519015842014,1.8702189127604167,18.55646769205729,78.11516655815971,1.250245836046007,0.0,0.0
QNLI,L7,FFN/OutputDense/bias,768,0.0,-0.7430626749992371,0.2094765305519104,0.7430626749992371,0.0,0.0,0.0,0.13020833333333331,0.9114583333333334,9.635416666666668,72.39583333333334,16.927083333333336,0.0,0.0
QNLI,L7,FFN/OutputDense/weight,2359296,0.0,-3.563199043273926,0.9503946900367737,3.563199043273926,0.00012715657552083332,0.002331203884548611,0.019327799479166664,0.20239088270399305,2.0203908284505205,20.015589396158852,76.60717434353299,1.1325836181640625,8.477105034722222e-05,0.0
QNLI,L7,LayerNorm/bias,1536,0.0,-2.0474088191986084,0.9589987397193909,2.0474088191986084,0.0,0.0,0.0,0.13020833333333331,0.7161458333333333,8.854166666666668,64.84375,25.390625,0.06510416666666666,0.0
QNLI,L7,LayerNorm/weight,1536,0.0,0.33281826972961426,3.362619400024414,3.362619400024414,0.0,0.0,0.0,0.0,0.0,0.0,0.0,99.86979166666666,0.13020833333333331,0.0
QNLI,L8,Attn/K/bias,768,0.0,-0.018064962700009346,0.02529788389801979,0.02529788389801979,0.0,0.0,0.13020833333333331,1.0416666666666665,12.109375,72.91666666666666,13.802083333333334,0.0,0.0,0.0
QNLI,L8,Attn/K/weight,589824,0.0,-0.4001382887363434,0.3827749788761139,0.4001382887363434,0.0,0.002543131510416667,0.01763237847222222,0.17479790581597224,1.6545613606770833,16.372850206163196,79.30569118923611,2.471923828125,0.0,0.0
QNLI,L8,Attn/O/bias,768,0.0,-0.19431032240390778,1.2153096199035645,1.2153096199035645,0.0,0.0,0.0,0.390625,1.5625,15.364583333333334,78.38541666666666,4.166666666666666,0.13020833333333331,0.0
QNLI,L8,Attn/O/weight,589824,0.0,-0.5418074131011963,0.41115525364875793,0.5418074131011963,0.0,0.0023735894097222225,0.022718641493055556,0.2215915256076389,2.2315131293402777,21.7041015625,75.35824245876736,0.4594590928819444,0.0,0.0
QNLI,L8,Attn/Q/bias,768,0.0,-0.6893030405044556,0.7404409050941467,0.7404409050941467,0.0,0.0,0.0,0.13020833333333331,0.6510416666666667,6.770833333333333,45.96354166666667,46.484375,0.0,0.0
QNLI,L8,Attn/Q/weight,589824,0.0,-0.37822142243385315,0.34847745299339294,0.37822142243385315,0.0,0.00152587890625,0.019666883680555556,0.15394422743055555,1.6786363389756944,16.38217502170139,79.32078043619791,2.443271213107639,0.0,0.0
QNLI,L8,Attn/V/bias,768,0.0,-0.4503907263278961,0.23913154006004333,0.4503907263278961,0.0,0.0,0.0,0.26041666666666663,2.864583333333333,26.692708333333332,67.31770833333334,2.864583333333333,0.0,0.0
QNLI,L8,Attn/V/weight,589824,0.0,-0.18643659353256226,0.1772291660308838,0.18643659353256226,0.00016954210069444444,0.0010172526041666665,0.02373589409722222,0.2132839626736111,2.1172417534722223,20.51544189453125,76.49027506510416,0.6388346354166667,0.0,0.0
QNLI,L8,FFN/Intermediate/bias,3072,0.0,-0.4330202341079712,0.4455242455005646,0.4455242455005646,0.0,0.0,0.0,0.03255208333333333,0.1953125,1.5299479166666665,42.93619791666667,55.305989583333336,0.0,0.0
QNLI,L8,FFN/Intermediate/weight,2359296,0.0,-0.43370527029037476,0.3758472204208374,0.43370527029037476,0.00025431315104166663,0.002034505208333333,0.01839531792534722,0.18289354112413195,1.8597496880425348,18.438678317599827,78.34358215332031,1.154412163628472,0.0,0.0
QNLI,L8,FFN/OutputDense/bias,768,0.0,-0.8093758821487427,0.43257758021354675,0.8093758821487427,0.0,0.0,0.0,0.0,1.171875,11.067708333333332,68.61979166666666,19.140625,0.0,0.0
QNLI,L8,FFN/OutputDense/weight,2359296,0.0,-3.1344003677368164,1.1218892335891724,3.1344003677368164,0.00016954210069444444,0.002331203884548611,0.018946329752604164,0.19967820909288195,1.9921196831597223,19.811503092447914,76.97397867838541,1.0010189480251737,0.00025431315104166663,0.0
QNLI,L8,LayerNorm/bias,1536,0.0,-1.7440426349639893,0.6968869566917419,1.7440426349639893,0.0,0.0,0.0,0.13020833333333331,1.0416666666666665,7.877604166666667,64.6484375,26.236979166666668,0.06510416666666666,0.0
QNLI,L8,LayerNorm/weight,1536,0.0,0.2600831687450409,3.4006783962249756,3.4006783962249756,0.0,0.0,0.0,0.0,0.0,0.0,0.0,99.86979166666666,0.13020833333333331,0.0
QNLI,L9,Attn/K/bias,768,0.0,-0.024760130792856216,0.03233438357710838,0.03233438357710838,0.0,0.0,0.26041666666666663,0.390625,10.9375,76.82291666666666,11.588541666666668,0.0,0.0,0.0
QNLI,L9,Attn/K/weight,589824,0.0,-0.525924563407898,0.6271617412567139,0.6271617412567139,0.00016954210069444444,0.0011867947048611112,0.015597873263888888,0.16886393229166669,1.5706380208333333,15.81149631076389,79.44929334852431,2.982754177517361,0.0,0.0
QNLI,L9,Attn/O/bias,768,0.0,-0.16124431788921356,0.6451096534729004,0.6451096534729004,0.0,0.0,0.0,0.0,2.864583333333333,11.328125,77.734375,8.072916666666668,0.0,0.0
QNLI,L9,Attn/O/weight,589824,0.0,-0.3732108175754547,0.3571655750274658,0.3732108175754547,0.00016954210069444444,0.002034505208333333,0.023227267795138888,0.21514892578125,2.213880750868056,21.966722276475696,75.27177598741319,0.3070407443576389,0.0,0.0
QNLI,L9,Attn/Q/bias,768,0.0,-0.7550334334373474,0.7657950520515442,0.7657950520515442,0.0,0.0,0.0,0.0,0.78125,7.03125,42.44791666666667,49.73958333333333,0.0,0.0
QNLI,L9,Attn/Q/weight,589824,0.0,-0.2454962432384491,0.26921823620796204,0.26921823620796204,0.0,0.0010172526041666665,0.01678466796875,0.15767415364583331,1.5558878580729165,15.604146321614584,79.63341606987846,3.0310736762152777,0.0,0.0
QNLI,L9,Attn/V/bias,768,0.0,-0.23927608132362366,0.25643277168273926,0.25643277168273926,0.0,0.0,0.0,0.0,1.953125,25.390625,70.44270833333334,2.213541666666667,0.0,0.0
QNLI,L9,Attn/V/weight,589824,0.0,-0.1987137496471405,0.20967444777488708,0.20967444777488708,0.0006781684027777778,0.0022040473090277775,0.019497341579861112,0.20734998914930555,2.119784884982639,20.902506510416664,76.27733018663194,0.4706488715277778,0.0,0.0
QNLI,L9,FFN/Intermediate/bias,3072,0.0,-0.3649445176124573,0.5706894993782043,0.5706894993782043,0.0,0.0,0.0,0.0,0.16276041666666669,0.7486979166666667,37.33723958333333,61.751302083333336,0.0,0.0
QNLI,L9,FFN/Intermediate/weight,2359296,0.0,-0.8237175941467285,0.7379215955734253,0.8237175941467285,0.00025431315104166663,0.0013563368055555555,0.016530354817708336,0.186920166015625,1.8469916449652777,18.321863810221352,78.42729356553819,1.198789808485243,0.0,0.0
QNLI,L9,FFN/OutputDense/bias,768,0.0,-0.6385256052017212,0.34550216794013977,0.6385256052017212,0.0,0.0,0.13020833333333331,0.0,0.9114583333333334,8.854166666666668,74.47916666666666,15.625,0.0,0.0
QNLI,L9,FFN/OutputDense/weight,2359296,0.0,-3.074416160583496,2.186436176300049,3.074416160583496,0.00012715657552083332,0.001864963107638889,0.020853678385416664,0.19849141438802084,1.94854736328125,19.04394361707899,77.60336134168837,1.181708441840278,0.0011020236545138888,0.0
QNLI,L9,LayerNorm/bias,1536,0.0,-1.4824354648590088,1.0450670719146729,1.4824354648590088,0.0,0.0,0.0,0.1953125,0.5859375,9.114583333333332,67.3828125,22.526041666666664,0.1953125,0.0
QNLI,L9,LayerNorm/weight,1536,0.0,0.13887201249599457,2.523709535598755,2.523709535598755,0.0,0.0,0.0,0.0,0.0,0.0,0.0,99.54427083333334,0.4557291666666667,0.0
QNLI,NO_LAYER,Classifier/bias,2,0.0,-0.0009804890723899007,0.000980511773377657,0.000980511773377657,0.0,0.0,0.0,0.0,100.0,0.0,0.0,0.0,0.0,0.0
QNLI,NO_LAYER,Classifier/weight,1536,0.0,-0.0764375850558281,0.0598120242357254,0.0764375850558281,0.0,0.0,0.06510416666666666,0.1953125,2.5390625,33.3984375,63.802083333333336,0.0,0.0,0.0
QNLI,NO_LAYER,Embeddings/weight,23835648,0.0,-0.9503687620162964,0.8728917837142944,0.9503687620162964,0.00017201126648623105,0.0013676993384027151,0.014553831303432572,0.1423623976994458,1.4289395446685569,14.171865602311296,79.53204376906389,4.708695144348499,0.0,0.0
QNLI,NO_LAYER,LayerNorm/bias,768,0.0,-0.5515943765640259,0.8028583526611328,0.8028583526611328,0.0,0.0,0.0,0.13020833333333331,1.4322916666666665,16.145833333333336,77.86458333333334,4.427083333333334,0.0,0.0
QNLI,NO_LAYER,LayerNorm/weight,768,0.0,0.08687959611415863,0.9836190342903137,0.9836190342903137,0.0,0.0,0.0,0.0,0.0,0.0,0.13020833333333331,99.86979166666666,0.0,0.0
QNLI,NO_LAYER,Pooler/bias,768,0.0,-0.09473028033971786,0.10265687108039856,0.10265687108039856,0.0,0.0,0.26041666666666663,0.5208333333333333,4.557291666666666,33.984375,60.546875,0.13020833333333331,0.0,0.0
QNLI,NO_LAYER,Pooler/weight,589824,0.0,-0.3933306634426117,0.38601046800613403,0.3933306634426117,0.0005086263020833333,0.004238552517361111,0.035773383246527776,0.3916422526041667,3.790283203125,35.24627685546875,59.49334038628472,1.0379367404513888,0.0,0.0
