index	prediction
0	label_1
1	label_0
2	label_1
3	label_1
4	label_1
5	label_0
6	label_1
7	label_0
8	label_1
9	label_0
10	label_0
11	label_0
12	label_0
13	label_0
14	label_0
15	label_0
16	label_1
17	label_1
18	label_1
19	label_0
20	label_1
21	label_0
22	label_1
23	label_1
24	label_0
25	label_0
26	label_1
27	label_1
28	label_0
29	label_1
30	label_0
31	label_0
32	label_1
33	label_0
34	label_1
35	label_0
36	label_0
37	label_1
38	label_0
39	label_1
40	label_0
41	label_1
42	label_1
43	label_0
44	label_0
45	label_1
46	label_1
47	label_1
48	label_1
49	label_1
50	label_1
51	label_1
52	label_1
53	label_1
54	label_1
55	label_1
56	label_1
57	label_1
58	label_1
59	label_0
60	label_1
61	label_0
62	label_0
63	label_0
64	label_0
65	label_1
66	label_0
67	label_0
68	label_0
69	label_1
70	label_1
71	label_0
72	label_1
73	label_0
74	label_1
75	label_0
76	label_1
77	label_1
78	label_0
79	label_1
80	label_1
81	label_0
82	label_1
83	label_0
84	label_0
85	label_0
86	label_1
87	label_1
88	label_1
89	label_0
90	label_1
91	label_1
92	label_1
93	label_0
94	label_0
95	label_1
96	label_1
97	label_1
98	label_1
99	label_0
100	label_0
101	label_1
102	label_1
103	label_0
104	label_1
105	label_0
106	label_0
107	label_1
108	label_1
109	label_0
110	label_1
111	label_1
112	label_0
113	label_1
114	label_1
115	label_1
116	label_1
117	label_0
118	label_1
119	label_0
120	label_0
121	label_1
122	label_0
123	label_0
124	label_1
125	label_1
126	label_1
127	label_1
128	label_0
129	label_1
130	label_1
131	label_0
132	label_1
133	label_1
134	label_1
135	label_0
136	label_0
137	label_1
138	label_1
139	label_1
140	label_1
141	label_1
142	label_1
143	label_0
144	label_0
145	label_0
146	label_0
147	label_0
148	label_0
149	label_1
150	label_1
151	label_0
152	label_1
153	label_0
154	label_1
155	label_0
156	label_1
157	label_1
158	label_0
159	label_1
160	label_1
161	label_0
162	label_1
163	label_0
164	label_0
165	label_0
166	label_1
167	label_1
168	label_0
169	label_1
170	label_1
171	label_0
172	label_0
173	label_0
174	label_0
175	label_0
176	label_0
177	label_0
178	label_0
179	label_0
180	label_1
181	label_0
182	label_0
183	label_0
184	label_1
185	label_0
186	label_0
187	label_0
188	label_0
189	label_0
190	label_0
191	label_1
192	label_0
193	label_0
194	label_1
195	label_0
196	label_1
197	label_0
198	label_0
199	label_1
200	label_1
201	label_0
202	label_0
203	label_0
204	label_0
205	label_0
206	label_1
207	label_0
208	label_0
209	label_1
210	label_1
211	label_1
212	label_1
213	label_1
214	label_1
215	label_0
216	label_0
217	label_0
218	label_0
219	label_1
220	label_0
221	label_0
222	label_0
223	label_0
224	label_0
225	label_0
226	label_0
227	label_1
228	label_0
229	label_1
230	label_0
231	label_1
232	label_0
233	label_1
234	label_1
235	label_0
236	label_1
237	label_0
238	label_0
239	label_0
240	label_0
241	label_0
242	label_0
243	label_0
244	label_0
245	label_1
246	label_0
247	label_0
248	label_1
249	label_0
250	label_1
251	label_1
252	label_1
253	label_0
254	label_1
255	label_1
256	label_1
257	label_1
258	label_0
259	label_1
260	label_0
261	label_0
262	label_1
263	label_1
264	label_0
265	label_0
266	label_1
267	label_1
268	label_1
269	label_0
270	label_1
271	label_0
272	label_1
273	label_1
274	label_1
275	label_1
276	label_1
277	label_0
278	label_0
279	label_1
280	label_1
281	label_0
282	label_0
283	label_0
284	label_1
285	label_0
286	label_0
287	label_0
288	label_1
289	label_0
290	label_1
291	label_1
292	label_1
293	label_0
294	label_1
295	label_0
296	label_1
297	label_0
298	label_1
299	label_0
300	label_1
301	label_1
302	label_1
303	label_1
304	label_1
305	label_1
306	label_1
307	label_0
308	label_1
309	label_0
310	label_1
311	label_1
312	label_1
313	label_0
314	label_1
315	label_1
316	label_1
317	label_0
318	label_1
319	label_1
320	label_1
321	label_0
322	label_0
323	label_0
324	label_1
325	label_1
326	label_0
327	label_0
328	label_0
329	label_1
330	label_0
331	label_1
332	label_0
333	label_1
334	label_0
335	label_0
336	label_1
337	label_0
338	label_1
339	label_1
340	label_0
341	label_1
342	label_0
343	label_0
344	label_1
345	label_0
346	label_0
347	label_1
348	label_0
349	label_1
350	label_1
351	label_1
352	label_1
353	label_1
354	label_0
355	label_1
356	label_0
357	label_1
358	label_0
359	label_0
360	label_0
361	label_0
362	label_0
363	label_1
364	label_1
365	label_0
366	label_1
367	label_0
368	label_1
369	label_1
370	label_0
371	label_1
372	label_1
373	label_1
374	label_1
375	label_0
376	label_1
377	label_1
378	label_1
379	label_0
380	label_0
381	label_0
382	label_1
383	label_0
384	label_1
385	label_0
386	label_0
387	label_1
388	label_1
389	label_0
390	label_1
391	label_1
392	label_0
393	label_0
394	label_1
395	label_0
396	label_1
397	label_0
398	label_1
399	label_0
400	label_0
401	label_1
402	label_0
403	label_0
404	label_1
405	label_1
406	label_0
407	label_0
408	label_1
409	label_0
410	label_0
411	label_1
412	label_0
413	label_1
414	label_0
415	label_1
416	label_0
417	label_0
418	label_0
419	label_1
420	label_0
421	label_1
422	label_0
423	label_1
424	label_1
425	label_1
426	label_1
427	label_0
428	label_1
429	label_0
430	label_0
431	label_1
432	label_1
433	label_1
434	label_1
435	label_1
436	label_1
437	label_1
438	label_0
439	label_0
440	label_1
441	label_0
442	label_1
443	label_0
444	label_1
445	label_0
446	label_0
447	label_1
448	label_1
449	label_0
450	label_1
451	label_0
452	label_1
453	label_0
454	label_0
455	label_1
456	label_1
457	label_0
458	label_1
459	label_1
460	label_1
461	label_0
462	label_0
463	label_0
464	label_0
465	label_1
466	label_1
467	label_1
468	label_1
469	label_0
470	label_0
471	label_0
472	label_0
473	label_1
474	label_0
475	label_1
476	label_1
477	label_0
478	label_1
479	label_1
480	label_0
481	label_1
482	label_1
483	label_1
484	label_0
485	label_0
486	label_1
487	label_1
488	label_1
489	label_0
490	label_0
491	label_0
492	label_0
493	label_1
494	label_1
495	label_0
496	label_1
497	label_0
498	label_0
499	label_1
500	label_1
501	label_1
502	label_1
503	label_0
504	label_1
505	label_1
506	label_1
507	label_1
508	label_0
509	label_1
510	label_1
511	label_0
512	label_0
513	label_0
514	label_0
515	label_1
516	label_1
517	label_1
518	label_1
519	label_1
520	label_1
521	label_0
522	label_0
523	label_0
524	label_1
525	label_0
526	label_1
527	label_0
528	label_0
529	label_0
530	label_1
531	label_1
532	label_1
533	label_1
534	label_0
535	label_0
536	label_1
537	label_1
538	label_0
539	label_0
540	label_1
541	label_0
542	label_0
543	label_0
544	label_1
545	label_1
546	label_0
547	label_0
548	label_1
549	label_0
550	label_1
551	label_0
552	label_1
553	label_1
554	label_1
555	label_0
556	label_0
557	label_1
558	label_1
559	label_0
560	label_1
561	label_1
562	label_0
563	label_0
564	label_0
565	label_1
566	label_1
567	label_0
568	label_0
569	label_1
570	label_1
571	label_0
572	label_0
573	label_1
574	label_0
575	label_0
576	label_1
577	label_1
578	label_1
579	label_1
580	label_1
581	label_0
582	label_1
583	label_1
584	label_1
585	label_1
586	label_1
587	label_1
588	label_1
589	label_1
590	label_0
591	label_0
592	label_0
593	label_0
594	label_0
595	label_1
596	label_0
597	label_1
598	label_1
599	label_0
600	label_0
601	label_0
602	label_1
603	label_1
604	label_0
605	label_1
606	label_0
607	label_0
608	label_1
609	label_1
610	label_0
611	label_0
612	label_0
613	label_0
614	label_0
615	label_1
616	label_1
617	label_0
618	label_0
619	label_0
620	label_1
621	label_0
622	label_0
623	label_0
624	label_0
625	label_1
626	label_1
627	label_1
628	label_1
629	label_1
630	label_1
631	label_1
632	label_0
633	label_1
634	label_0
635	label_0
636	label_0
637	label_0
638	label_1
639	label_1
640	label_0
641	label_1
642	label_0
643	label_0
644	label_1
645	label_1
646	label_0
647	label_0
648	label_1
649	label_0
650	label_0
651	label_1
652	label_1
653	label_1
654	label_1
655	label_1
656	label_1
657	label_1
658	label_1
659	label_1
660	label_0
661	label_1
662	label_0
663	label_0
664	label_0
665	label_1
666	label_0
667	label_1
668	label_0
669	label_0
670	label_0
671	label_1
672	label_0
673	label_0
674	label_0
675	label_0
676	label_0
677	label_1
678	label_0
679	label_1
680	label_0
681	label_0
682	label_0
683	label_0
684	label_0
685	label_0
686	label_1
687	label_1
688	label_0
689	label_1
690	label_0
691	label_0
692	label_0
693	label_0
694	label_0
695	label_1
696	label_1
697	label_1
698	label_1
699	label_1
700	label_1
701	label_0
702	label_1
703	label_1
704	label_1
705	label_0
706	label_1
707	label_0
708	label_0
709	label_1
710	label_1
711	label_0
712	label_1
713	label_1
714	label_0
715	label_1
716	label_0
717	label_0
718	label_1
719	label_1
720	label_1
721	label_0
722	label_0
723	label_1
724	label_0
725	label_1
726	label_0
727	label_1
728	label_0
729	label_0
730	label_0
731	label_1
732	label_1
733	label_0
734	label_1
735	label_0
736	label_0
737	label_0
738	label_0
739	label_0
740	label_1
741	label_0
742	label_0
743	label_1
744	label_0
745	label_0
746	label_0
747	label_0
748	label_1
749	label_1
750	label_1
751	label_0
752	label_0
753	label_0
754	label_1
755	label_1
756	label_0
757	label_1
758	label_0
759	label_1
760	label_1
761	label_0
762	label_1
763	label_1
764	label_1
765	label_0
766	label_1
767	label_1
768	label_0
769	label_1
770	label_0
771	label_1
772	label_1
773	label_0
774	label_0
775	label_1
776	label_1
777	label_1
778	label_1
779	label_0
780	label_0
781	label_1
782	label_0
783	label_0
784	label_0
785	label_0
786	label_1
787	label_0
788	label_1
789	label_1
790	label_0
791	label_0
792	label_1
793	label_1
794	label_0
795	label_0
796	label_1
797	label_0
798	label_0
799	label_1
800	label_1
801	label_1
802	label_1
803	label_1
804	label_1
805	label_0
806	label_0
807	label_0
808	label_0
809	label_1
810	label_0
811	label_1
812	label_0
813	label_0
814	label_0
815	label_0
816	label_1
817	label_0
818	label_0
819	label_0
820	label_1
821	label_1
822	label_0
823	label_1
824	label_1
825	label_1
826	label_1
827	label_0
828	label_1
829	label_1
830	label_1
831	label_1
832	label_1
833	label_0
834	label_0
835	label_1
836	label_0
837	label_0
838	label_0
839	label_1
840	label_0
841	label_1
842	label_1
843	label_1
844	label_1
845	label_1
846	label_0
847	label_0
848	label_0
849	label_0
850	label_0
851	label_1
852	label_1
853	label_1
854	label_1
855	label_0
856	label_0
857	label_1
858	label_1
859	label_1
860	label_1
861	label_0
862	label_1
863	label_0
864	label_0
865	label_1
866	label_0
867	label_0
868	label_1
869	label_1
870	label_0
871	label_0
872	label_1
873	label_1
874	label_0
875	label_1
876	label_1
877	label_0
878	label_1
879	label_1
880	label_0
881	label_1
882	label_1
883	label_0
884	label_0
885	label_0
886	label_1
887	label_0
888	label_0
889	label_0
890	label_0
891	label_1
892	label_0
893	label_0
894	label_1
895	label_0
896	label_0
897	label_1
898	label_1
899	label_0
900	label_1
901	label_1
902	label_1
903	label_0
904	label_0
905	label_1
906	label_0
907	label_1
908	label_0
909	label_1
910	label_1
911	label_1
912	label_0
913	label_1
914	label_1
915	label_0
916	label_1
917	label_1
918	label_1
919	label_0
920	label_0
921	label_1
922	label_1
923	label_0
924	label_0
925	label_1
926	label_1
927	label_1
928	label_1
929	label_1
930	label_0
931	label_1
932	label_1
933	label_1
934	label_0
935	label_1
936	label_1
937	label_0
938	label_0
939	label_0
940	label_0
941	label_1
942	label_1
943	label_1
944	label_0
945	label_1
946	label_0
947	label_0
948	label_1
949	label_0
950	label_1
951	label_0
952	label_1
953	label_1
954	label_0
955	label_0
956	label_1
957	label_0
958	label_1
959	label_0
960	label_0
961	label_1
962	label_0
963	label_0
964	label_0
965	label_1
966	label_1
967	label_1
968	label_0
969	label_0
970	label_0
971	label_1
972	label_1
973	label_0
974	label_1
975	label_1
976	label_1
977	label_1
978	label_1
979	label_1
980	label_0
981	label_1
982	label_0
983	label_1
984	label_1
985	label_0
986	label_0
987	label_0
988	label_0
989	label_1
990	label_1
991	label_0
992	label_0
993	label_0
994	label_1
995	label_1
996	label_1
997	label_1
998	label_1
999	label_1
1000	label_1
1001	label_1
1002	label_1
1003	label_1
1004	label_1
1005	label_1
1006	label_1
1007	label_1
1008	label_1
1009	label_0
1010	label_0
1011	label_1
1012	label_0
1013	label_1
1014	label_0
1015	label_1
1016	label_1
1017	label_0
1018	label_1
1019	label_0
1020	label_0
1021	label_1
1022	label_1
1023	label_0
1024	label_1
1025	label_0
1026	label_1
1027	label_1
1028	label_0
1029	label_1
1030	label_0
1031	label_1
1032	label_0
1033	label_0
1034	label_1
1035	label_1
1036	label_0
1037	label_0
1038	label_1
1039	label_1
1040	label_0
1041	label_0
1042	label_0
1043	label_1
1044	label_1
1045	label_1
1046	label_1
1047	label_0
1048	label_1
1049	label_0
1050	label_0
1051	label_0
1052	label_0
1053	label_1
1054	label_0
1055	label_1
1056	label_1
1057	label_1
1058	label_0
1059	label_0
1060	label_1
1061	label_0
1062	label_0
1063	label_0
1064	label_0
1065	label_0
1066	label_1
1067	label_1
1068	label_1
1069	label_0
1070	label_0
1071	label_0
1072	label_0
1073	label_1
1074	label_1
1075	label_1
1076	label_1
1077	label_0
1078	label_1
1079	label_0
1080	label_1
1081	label_1
1082	label_1
1083	label_1
1084	label_1
1085	label_1
1086	label_0
1087	label_0
1088	label_1
1089	label_0
1090	label_0
1091	label_1
1092	label_1
1093	label_0
1094	label_0
1095	label_1
1096	label_0
1097	label_1
1098	label_0
1099	label_1
1100	label_1
1101	label_1
1102	label_1
1103	label_0
1104	label_0
1105	label_1
1106	label_1
1107	label_0
1108	label_1
1109	label_0
1110	label_0
1111	label_0
1112	label_0
1113	label_1
1114	label_0
1115	label_1
1116	label_1
1117	label_0
1118	label_0
1119	label_1
1120	label_1
1121	label_1
1122	label_0
1123	label_0
1124	label_1
1125	label_1
1126	label_1
1127	label_1
1128	label_1
1129	label_1
1130	label_1
1131	label_0
1132	label_1
1133	label_1
1134	label_0
1135	label_1
1136	label_1
1137	label_0
1138	label_1
1139	label_0
1140	label_0
1141	label_0
1142	label_1
1143	label_0
1144	label_0
1145	label_0
1146	label_0
1147	label_0
1148	label_0
1149	label_0
1150	label_1
1151	label_0
1152	label_0
1153	label_0
1154	label_1
1155	label_1
1156	label_0
1157	label_1
1158	label_0
1159	label_1
1160	label_0
1161	label_1
1162	label_1
1163	label_0
1164	label_1
1165	label_1
1166	label_1
1167	label_0
1168	label_0
1169	label_0
1170	label_1
1171	label_0
1172	label_1
1173	label_0
1174	label_0
1175	label_0
1176	label_0
1177	label_0
1178	label_0
1179	label_1
1180	label_0
1181	label_0
1182	label_1
1183	label_1
1184	label_0
1185	label_1
1186	label_0
1187	label_1
1188	label_0
1189	label_1
1190	label_0
1191	label_1
1192	label_0
1193	label_0
1194	label_1
1195	label_1
1196	label_0
1197	label_0
1198	label_0
1199	label_0
1200	label_1
1201	label_0
1202	label_1
1203	label_0
1204	label_0
1205	label_0
1206	label_1
1207	label_0
1208	label_1
1209	label_1
1210	label_0
1211	label_1
1212	label_1
1213	label_1
1214	label_1
1215	label_0
1216	label_1
1217	label_0
1218	label_1
1219	label_1
1220	label_0
1221	label_1
1222	label_0
1223	label_1
1224	label_0
1225	label_0
1226	label_1
1227	label_0
1228	label_1
1229	label_1
1230	label_1
1231	label_1
1232	label_1
1233	label_0
1234	label_1
1235	label_0
1236	label_1
1237	label_0
1238	label_1
1239	label_0
1240	label_0
1241	label_1
1242	label_0
1243	label_0
1244	label_0
1245	label_0
1246	label_1
1247	label_1
1248	label_1
1249	label_0
1250	label_0
1251	label_0
1252	label_0
1253	label_1
1254	label_0
1255	label_0
1256	label_1
1257	label_1
1258	label_0
1259	label_0
1260	label_1
1261	label_0
1262	label_1
1263	label_0
1264	label_1
1265	label_1
1266	label_1
1267	label_1
1268	label_0
1269	label_0
1270	label_0
1271	label_0
1272	label_1
1273	label_0
1274	label_0
1275	label_1
1276	label_1
1277	label_1
1278	label_0
1279	label_1
1280	label_1
1281	label_0
1282	label_1
1283	label_1
1284	label_1
1285	label_1
1286	label_0
1287	label_1
1288	label_1
1289	label_0
1290	label_0
1291	label_0
1292	label_1
1293	label_1
1294	label_0
1295	label_1
1296	label_0
1297	label_0
1298	label_0
1299	label_1
1300	label_1
1301	label_0
1302	label_0
1303	label_0
1304	label_0
1305	label_1
1306	label_1
1307	label_1
1308	label_1
1309	label_0
1310	label_1
1311	label_0
1312	label_1
1313	label_1
1314	label_1
1315	label_1
1316	label_1
1317	label_0
1318	label_1
1319	label_1
1320	label_1
1321	label_0
1322	label_1
1323	label_1
1324	label_1
1325	label_0
1326	label_1
1327	label_0
1328	label_1
1329	label_0
1330	label_0
1331	label_1
1332	label_0
1333	label_1
1334	label_0
1335	label_0
1336	label_0
1337	label_0
1338	label_1
1339	label_1
1340	label_1
1341	label_0
1342	label_0
1343	label_1
1344	label_0
1345	label_0
1346	label_1
1347	label_1
1348	label_1
1349	label_0
1350	label_1
1351	label_1
1352	label_1
1353	label_1
1354	label_0
1355	label_0
1356	label_1
1357	label_1
1358	label_0
1359	label_1
1360	label_1
1361	label_1
1362	label_0
1363	label_0
1364	label_0
1365	label_1
1366	label_0
1367	label_0
1368	label_1
1369	label_1
1370	label_1
1371	label_0
1372	label_0
1373	label_1
1374	label_1
1375	label_0
1376	label_0
1377	label_0
1378	label_1
1379	label_1
1380	label_1
1381	label_0
1382	label_1
1383	label_0
1384	label_0
1385	label_1
1386	label_1
1387	label_0
1388	label_0
1389	label_1
1390	label_0
1391	label_0
1392	label_0
1393	label_1
1394	label_0
1395	label_1
1396	label_0
1397	label_0
1398	label_1
1399	label_0
1400	label_1
1401	label_0
1402	label_0
1403	label_0
1404	label_0
1405	label_0
1406	label_0
1407	label_1
1408	label_1
1409	label_0
1410	label_1
1411	label_1
1412	label_0
1413	label_0
1414	label_1
1415	label_1
1416	label_0
1417	label_0
1418	label_0
1419	label_1
1420	label_1
1421	label_0
1422	label_1
1423	label_0
1424	label_0
1425	label_0
1426	label_1
1427	label_1
1428	label_1
1429	label_0
1430	label_1
1431	label_0
1432	label_0
1433	label_1
1434	label_0
1435	label_0
1436	label_0
1437	label_0
1438	label_0
1439	label_1
1440	label_0
1441	label_0
1442	label_1
1443	label_0
1444	label_0
1445	label_1
1446	label_0
1447	label_0
1448	label_1
1449	label_1
1450	label_0
1451	label_0
1452	label_0
1453	label_1
1454	label_1
1455	label_1
1456	label_0
1457	label_1
1458	label_1
1459	label_1
1460	label_0
1461	label_1
1462	label_0
1463	label_0
1464	label_0
1465	label_1
1466	label_0
1467	label_0
1468	label_1
1469	label_0
1470	label_1
1471	label_0
1472	label_0
1473	label_1
1474	label_0
1475	label_1
1476	label_1
1477	label_1
1478	label_0
1479	label_0
1480	label_0
1481	label_0
1482	label_1
1483	label_1
1484	label_0
1485	label_0
1486	label_1
1487	label_0
1488	label_0
1489	label_1
1490	label_0
1491	label_1
1492	label_1
1493	label_1
1494	label_1
1495	label_0
1496	label_0
1497	label_1
1498	label_0
1499	label_1
1500	label_1
1501	label_0
1502	label_0
1503	label_1
1504	label_1
1505	label_1
1506	label_1
1507	label_0
1508	label_0
1509	label_0
1510	label_0
1511	label_0
1512	label_0
1513	label_1
1514	label_0
1515	label_0
1516	label_1
1517	label_0
1518	label_1
1519	label_0
1520	label_1
1521	label_1
1522	label_1
1523	label_0
1524	label_0
1525	label_0
1526	label_1
1527	label_1
1528	label_1
1529	label_0
1530	label_1
1531	label_0
1532	label_0
1533	label_0
1534	label_0
1535	label_0
1536	label_0
1537	label_1
1538	label_0
1539	label_0
1540	label_0
1541	label_0
1542	label_1
1543	label_1
1544	label_0
1545	label_1
1546	label_1
1547	label_1
1548	label_1
1549	label_1
1550	label_1
1551	label_1
1552	label_0
1553	label_0
1554	label_0
1555	label_1
1556	label_0
1557	label_0
1558	label_1
1559	label_0
1560	label_0
1561	label_0
1562	label_1
1563	label_1
1564	label_0
1565	label_0
1566	label_0
1567	label_1
1568	label_1
1569	label_0
1570	label_0
1571	label_0
1572	label_1
1573	label_0
1574	label_1
1575	label_0
1576	label_1
1577	label_0
1578	label_0
1579	label_0
1580	label_0
1581	label_0
1582	label_0
1583	label_0
1584	label_0
1585	label_0
1586	label_0
1587	label_0
1588	label_0
1589	label_0
1590	label_1
1591	label_0
1592	label_1
1593	label_1
1594	label_0
1595	label_0
1596	label_0
1597	label_1
1598	label_1
1599	label_0
1600	label_0
1601	label_1
1602	label_1
1603	label_1
1604	label_1
1605	label_0
1606	label_1
1607	label_1
1608	label_0
1609	label_1
1610	label_1
1611	label_1
1612	label_0
1613	label_0
1614	label_1
1615	label_0
1616	label_1
1617	label_1
1618	label_1
1619	label_0
1620	label_1
1621	label_1
1622	label_0
1623	label_1
1624	label_0
1625	label_0
1626	label_1
1627	label_0
1628	label_1
1629	label_1
1630	label_1
1631	label_1
1632	label_1
1633	label_0
1634	label_0
1635	label_0
1636	label_0
1637	label_0
1638	label_0
1639	label_0
1640	label_1
1641	label_0
1642	label_1
1643	label_1
1644	label_0
1645	label_1
1646	label_1
1647	label_0
1648	label_0
1649	label_1
1650	label_0
1651	label_0
1652	label_1
1653	label_0
1654	label_1
1655	label_0
1656	label_1
1657	label_0
1658	label_0
1659	label_1
1660	label_0
1661	label_1
1662	label_1
1663	label_1
1664	label_1
1665	label_0
1666	label_0
1667	label_0
1668	label_1
1669	label_0
1670	label_0
1671	label_1
1672	label_1
1673	label_0
1674	label_0
1675	label_1
1676	label_0
1677	label_1
1678	label_0
1679	label_0
1680	label_0
1681	label_1
1682	label_1
1683	label_1
1684	label_1
1685	label_0
1686	label_1
1687	label_1
1688	label_0
1689	label_1
1690	label_1
1691	label_1
1692	label_0
1693	label_0
1694	label_1
1695	label_0
1696	label_0
1697	label_1
1698	label_1
1699	label_1
1700	label_1
1701	label_0
1702	label_0
1703	label_0
1704	label_1
1705	label_1
1706	label_1
1707	label_1
1708	label_1
1709	label_1
1710	label_1
1711	label_1
1712	label_0
1713	label_0
1714	label_1
1715	label_1
1716	label_1
1717	label_0
1718	label_1
1719	label_1
1720	label_0
1721	label_0
1722	label_1
1723	label_1
1724	label_1
1725	label_0
1726	label_0
1727	label_1
1728	label_0
1729	label_1
1730	label_1
1731	label_0
1732	label_1
1733	label_1
1734	label_0
1735	label_0
1736	label_0
1737	label_1
1738	label_0
1739	label_0
1740	label_0
1741	label_1
1742	label_1
1743	label_0
1744	label_0
1745	label_1
1746	label_0
1747	label_1
1748	label_1
1749	label_0
1750	label_1
1751	label_1
1752	label_0
1753	label_0
1754	label_0
1755	label_1
1756	label_1
1757	label_1
1758	label_0
1759	label_1
1760	label_1
1761	label_1
1762	label_0
1763	label_0
1764	label_0
1765	label_1
1766	label_0
1767	label_1
1768	label_1
1769	label_1
1770	label_0
1771	label_0
1772	label_0
1773	label_1
1774	label_1
1775	label_1
1776	label_1
1777	label_1
1778	label_1
1779	label_1
1780	label_1
1781	label_0
1782	label_1
1783	label_1
1784	label_1
1785	label_1
1786	label_0
1787	label_0
1788	label_1
1789	label_1
1790	label_1
1791	label_0
1792	label_0
1793	label_1
1794	label_0
1795	label_1
1796	label_0
1797	label_0
1798	label_1
1799	label_1
1800	label_0
1801	label_1
1802	label_0
1803	label_0
1804	label_1
1805	label_0
1806	label_1
1807	label_0
1808	label_0
1809	label_1
1810	label_0
1811	label_1
1812	label_1
1813	label_1
1814	label_0
1815	label_1
1816	label_0
1817	label_0
1818	label_1
1819	label_0
1820	label_0
1821	label_0
1822	label_0
1823	label_1
1824	label_1
1825	label_1
1826	label_1
1827	label_1
1828	label_0
1829	label_0
1830	label_1
1831	label_1
1832	label_0
1833	label_1
1834	label_1
1835	label_1
1836	label_0
1837	label_0
1838	label_0
1839	label_0
1840	label_1
1841	label_1
1842	label_0
1843	label_1
1844	label_0
1845	label_0
1846	label_0
1847	label_0
1848	label_0
1849	label_1
1850	label_0
1851	label_0
1852	label_0
1853	label_0
1854	label_0
1855	label_1
1856	label_0
1857	label_0
1858	label_1
1859	label_1
1860	label_0
1861	label_1
1862	label_0
1863	label_0
1864	label_1
1865	label_1
1866	label_0
1867	label_0
1868	label_0
1869	label_1
1870	label_1
1871	label_0
1872	label_1
1873	label_0
1874	label_0
1875	label_1
1876	label_0
1877	label_0
1878	label_1
1879	label_1
1880	label_1
1881	label_1
1882	label_1
1883	label_0
1884	label_1
1885	label_0
1886	label_0
1887	label_0
1888	label_1
1889	label_0
1890	label_1
1891	label_0
1892	label_0
1893	label_1
1894	label_1
1895	label_0
1896	label_1
1897	label_0
1898	label_0
1899	label_1
1900	label_1
1901	label_0
1902	label_1
1903	label_0
1904	label_0
1905	label_0
1906	label_0
1907	label_1
1908	label_0
1909	label_0
1910	label_0
1911	label_1
1912	label_0
1913	label_0
1914	label_0
1915	label_0
1916	label_0
1917	label_0
1918	label_1
1919	label_1
1920	label_1
1921	label_1
1922	label_1
1923	label_0
1924	label_1
1925	label_0
1926	label_1
1927	label_1
1928	label_0
1929	label_1
1930	label_0
1931	label_0
1932	label_1
1933	label_0
1934	label_0
1935	label_0
1936	label_1
1937	label_0
1938	label_0
1939	label_1
1940	label_0
1941	label_1
1942	label_0
1943	label_1
1944	label_0
1945	label_1
1946	label_0
1947	label_0
1948	label_0
1949	label_0
1950	label_0
1951	label_1
1952	label_0
1953	label_0
1954	label_1
1955	label_0
1956	label_1
1957	label_0
1958	label_0
1959	label_1
1960	label_1
1961	label_1
1962	label_0
1963	label_1
1964	label_0
1965	label_0
1966	label_0
1967	label_1
1968	label_0
1969	label_1
1970	label_0
1971	label_1
1972	label_1
1973	label_1
1974	label_1
1975	label_1
1976	label_0
1977	label_1
1978	label_1
1979	label_1
1980	label_1
1981	label_1
1982	label_0
1983	label_1
1984	label_1
1985	label_0
1986	label_1
1987	label_0
1988	label_0
1989	label_0
1990	label_0
1991	label_0
1992	label_1
1993	label_0
1994	label_1
1995	label_0
1996	label_1
1997	label_0
1998	label_1
1999	label_1
2000	label_1
2001	label_0
2002	label_0
2003	label_0
2004	label_0
2005	label_0
2006	label_0
2007	label_0
2008	label_1
2009	label_0
2010	label_1
2011	label_0
2012	label_1
2013	label_1
2014	label_0
2015	label_1
2016	label_0
2017	label_0
2018	label_1
2019	label_0
2020	label_0
2021	label_0
2022	label_1
2023	label_0
2024	label_1
2025	label_0
2026	label_0
2027	label_0
2028	label_1
2029	label_0
2030	label_1
2031	label_0
2032	label_0
2033	label_0
2034	label_1
2035	label_1
2036	label_1
2037	label_0
2038	label_1
2039	label_1
2040	label_0
2041	label_1
2042	label_0
2043	label_0
2044	label_1
2045	label_0
2046	label_1
2047	label_0
2048	label_1
2049	label_0
2050	label_1
2051	label_1
2052	label_0
2053	label_0
2054	label_1
2055	label_0
2056	label_0
2057	label_1
2058	label_1
2059	label_0
2060	label_1
2061	label_1
2062	label_0
2063	label_1
2064	label_1
2065	label_0
2066	label_1
2067	label_0
2068	label_0
2069	label_1
2070	label_0
2071	label_1
2072	label_0
2073	label_0
2074	label_1
2075	label_1
2076	label_0
2077	label_1
2078	label_1
2079	label_0
2080	label_1
2081	label_0
2082	label_1
2083	label_1
2084	label_1
2085	label_0
2086	label_0
2087	label_0
2088	label_1
2089	label_1
2090	label_1
2091	label_0
2092	label_1
2093	label_1
2094	label_1
2095	label_0
2096	label_0
2097	label_0
2098	label_0
2099	label_0
2100	label_1
2101	label_1
2102	label_1
2103	label_0
2104	label_1
2105	label_0
2106	label_0
2107	label_1
2108	label_0
2109	label_0
2110	label_0
2111	label_0
2112	label_0
2113	label_1
2114	label_1
2115	label_1
2116	label_1
2117	label_1
2118	label_0
2119	label_0
2120	label_1
2121	label_1
2122	label_1
2123	label_0
2124	label_0
2125	label_0
2126	label_1
2127	label_0
2128	label_0
2129	label_0
2130	label_0
2131	label_0
2132	label_1
2133	label_0
2134	label_1
2135	label_1
2136	label_1
2137	label_1
2138	label_0
2139	label_0
2140	label_0
2141	label_1
2142	label_0
2143	label_0
2144	label_0
2145	label_0
2146	label_0
2147	label_0
2148	label_1
2149	label_1
2150	label_1
2151	label_1
2152	label_0
2153	label_1
2154	label_0
2155	label_0
2156	label_1
2157	label_1
2158	label_0
2159	label_0
2160	label_0
2161	label_1
2162	label_1
2163	label_0
2164	label_1
2165	label_1
2166	label_0
2167	label_1
2168	label_0
2169	label_1
2170	label_0
2171	label_1
2172	label_0
2173	label_0
2174	label_0
2175	label_0
2176	label_1
2177	label_0
2178	label_0
2179	label_1
2180	label_0
2181	label_1
2182	label_1
2183	label_0
2184	label_0
2185	label_1
2186	label_0
2187	label_1
2188	label_1
2189	label_0
2190	label_0
2191	label_0
2192	label_0
2193	label_1
2194	label_1
2195	label_1
2196	label_1
2197	label_1
2198	label_0
2199	label_1
2200	label_1
2201	label_1
2202	label_0
2203	label_0
2204	label_0
2205	label_0
2206	label_1
2207	label_1
2208	label_1
2209	label_0
2210	label_0
2211	label_0
2212	label_1
2213	label_0
2214	label_0
2215	label_0
2216	label_1
2217	label_0
2218	label_1
2219	label_0
2220	label_1
2221	label_1
2222	label_1
2223	label_1
2224	label_1
2225	label_0
2226	label_0
2227	label_0
2228	label_0
2229	label_1
2230	label_0
2231	label_0
2232	label_1
2233	label_1
2234	label_1
2235	label_1
2236	label_1
2237	label_1
2238	label_0
2239	label_1
2240	label_1
2241	label_1
2242	label_1
2243	label_0
2244	label_1
2245	label_1
2246	label_0
2247	label_0
2248	label_0
2249	label_0
2250	label_0
2251	label_1
2252	label_0
2253	label_0
2254	label_1
2255	label_1
2256	label_0
2257	label_0
2258	label_0
2259	label_1
2260	label_1
2261	label_0
2262	label_1
2263	label_0
2264	label_1
2265	label_0
2266	label_0
2267	label_1
2268	label_0
2269	label_0
2270	label_0
2271	label_1
2272	label_0
2273	label_1
2274	label_0
2275	label_0
2276	label_1
2277	label_0
2278	label_1
2279	label_0
2280	label_0
2281	label_0
2282	label_1
2283	label_1
2284	label_1
2285	label_0
2286	label_0
2287	label_1
2288	label_1
2289	label_0
2290	label_1
2291	label_0
2292	label_1
2293	label_0
2294	label_1
2295	label_0
2296	label_1
2297	label_1
2298	label_1
2299	label_0
2300	label_0
2301	label_0
2302	label_0
2303	label_1
2304	label_0
2305	label_0
2306	label_0
2307	label_1
2308	label_1
2309	label_0
2310	label_0
2311	label_1
2312	label_0
2313	label_0
2314	label_1
2315	label_0
2316	label_0
2317	label_0
2318	label_1
2319	label_0
2320	label_0
2321	label_1
2322	label_1
2323	label_1
2324	label_0
2325	label_0
2326	label_0
2327	label_0
2328	label_1
2329	label_1
2330	label_1
2331	label_0
2332	label_0
2333	label_0
2334	label_1
2335	label_0
2336	label_0
2337	label_1
2338	label_1
2339	label_0
2340	label_0
2341	label_1
2342	label_0
2343	label_0
2344	label_1
2345	label_0
2346	label_0
2347	label_0
2348	label_0
2349	label_0
2350	label_0
2351	label_0
2352	label_1
2353	label_0
2354	label_0
2355	label_0
2356	label_1
2357	label_0
2358	label_0
2359	label_0
2360	label_1
2361	label_0
2362	label_0
2363	label_0
2364	label_0
2365	label_1
2366	label_0
2367	label_0
2368	label_1
2369	label_1
2370	label_0
2371	label_0
2372	label_0
2373	label_0
2374	label_1
2375	label_1
2376	label_0
2377	label_1
2378	label_0
2379	label_0
2380	label_0
2381	label_0
2382	label_0
2383	label_0
2384	label_1
2385	label_0
2386	label_0
2387	label_0
2388	label_0
2389	label_0
2390	label_1
2391	label_1
2392	label_1
2393	label_0
2394	label_1
2395	label_0
2396	label_1
2397	label_0
2398	label_0
2399	label_0
2400	label_1
2401	label_0
2402	label_0
2403	label_0
2404	label_1
2405	label_0
2406	label_1
2407	label_0
2408	label_1
2409	label_0
2410	label_1
2411	label_0
2412	label_1
2413	label_1
2414	label_1
2415	label_1
2416	label_0
2417	label_0
2418	label_0
2419	label_1
2420	label_0
2421	label_1
2422	label_0
2423	label_1
2424	label_1
2425	label_0
2426	label_0
2427	label_1
2428	label_0
2429	label_1
2430	label_1
2431	label_1
2432	label_1
2433	label_0
2434	label_0
2435	label_1
2436	label_0
2437	label_0
2438	label_0
2439	label_0
2440	label_0
2441	label_0
2442	label_0
2443	label_1
2444	label_1
2445	label_1
2446	label_0
2447	label_0
2448	label_0
2449	label_0
2450	label_1
2451	label_1
2452	label_0
2453	label_0
2454	label_0
2455	label_1
2456	label_0
2457	label_1
2458	label_0
2459	label_1
2460	label_0
2461	label_1
2462	label_1
2463	label_0
2464	label_0
2465	label_1
2466	label_1
2467	label_0
2468	label_0
2469	label_1
2470	label_0
2471	label_1
2472	label_0
2473	label_1
2474	label_1
2475	label_0
2476	label_0
2477	label_0
2478	label_0
2479	label_1
2480	label_0
2481	label_1
2482	label_1
2483	label_0
2484	label_0
2485	label_1
2486	label_1
2487	label_1
2488	label_1
2489	label_0
2490	label_0
2491	label_0
2492	label_0
2493	label_0
2494	label_0
2495	label_1
2496	label_0
2497	label_0
2498	label_1
2499	label_1
2500	label_0
2501	label_1
2502	label_0
2503	label_0
2504	label_1
2505	label_1
2506	label_1
2507	label_0
2508	label_0
2509	label_0
2510	label_0
2511	label_1
2512	label_1
2513	label_1
2514	label_1
2515	label_1
2516	label_0
2517	label_0
2518	label_1
2519	label_0
2520	label_0
2521	label_1
2522	label_1
2523	label_0
2524	label_0
2525	label_1
2526	label_1
2527	label_0
2528	label_1
2529	label_1
2530	label_0
2531	label_0
2532	label_0
2533	label_0
2534	label_0
2535	label_1
2536	label_1
2537	label_1
2538	label_1
2539	label_0
2540	label_1
2541	label_1
2542	label_0
2543	label_1
2544	label_1
2545	label_1
2546	label_0
2547	label_0
2548	label_1
2549	label_1
2550	label_1
2551	label_0
2552	label_0
2553	label_1
2554	label_0
2555	label_0
2556	label_0
2557	label_0
2558	label_0
2559	label_0
2560	label_1
2561	label_0
2562	label_1
2563	label_0
2564	label_1
2565	label_0
2566	label_0
2567	label_0
2568	label_0
2569	label_0
2570	label_1
2571	label_0
2572	label_0
2573	label_1
2574	label_1
2575	label_1
2576	label_1
2577	label_1
2578	label_1
2579	label_0
2580	label_0
2581	label_1
2582	label_0
2583	label_1
2584	label_1
2585	label_0
2586	label_0
2587	label_0
2588	label_1
2589	label_1
2590	label_1
2591	label_1
2592	label_0
2593	label_1
2594	label_0
2595	label_0
2596	label_1
2597	label_0
2598	label_0
2599	label_1
2600	label_1
2601	label_0
2602	label_0
2603	label_1
2604	label_0
2605	label_1
2606	label_1
2607	label_0
2608	label_0
2609	label_0
2610	label_0
2611	label_1
2612	label_1
2613	label_1
2614	label_1
2615	label_0
2616	label_1
2617	label_0
2618	label_1
2619	label_0
2620	label_1
2621	label_1
2622	label_0
2623	label_1
2624	label_0
2625	label_0
2626	label_0
2627	label_0
2628	label_1
2629	label_0
2630	label_0
2631	label_0
2632	label_0
2633	label_0
2634	label_1
2635	label_0
2636	label_1
2637	label_0
2638	label_1
2639	label_0
2640	label_1
2641	label_1
2642	label_0
2643	label_0
2644	label_0
2645	label_0
2646	label_1
2647	label_1
2648	label_0
2649	label_0
2650	label_0
2651	label_1
2652	label_0
2653	label_1
2654	label_1
2655	label_0
2656	label_1
2657	label_1
2658	label_0
2659	label_1
2660	label_0
2661	label_0
2662	label_0
2663	label_1
2664	label_0
2665	label_0
2666	label_1
2667	label_0
2668	label_1
2669	label_1
2670	label_1
2671	label_0
2672	label_0
2673	label_1
2674	label_1
2675	label_1
2676	label_1
2677	label_0
2678	label_1
2679	label_0
2680	label_1
2681	label_1
2682	label_1
2683	label_0
2684	label_0
2685	label_1
2686	label_0
2687	label_1
2688	label_1
2689	label_0
2690	label_1
2691	label_1
2692	label_1
2693	label_0
2694	label_0
2695	label_0
2696	label_1
2697	label_0
2698	label_0
2699	label_1
2700	label_0
2701	label_0
2702	label_1
2703	label_0
2704	label_0
2705	label_1
2706	label_0
2707	label_1
2708	label_0
2709	label_1
2710	label_1
2711	label_1
2712	label_0
2713	label_1
2714	label_1
2715	label_1
2716	label_0
2717	label_1
2718	label_0
2719	label_0
2720	label_0
2721	label_0
2722	label_0
2723	label_1
2724	label_0
2725	label_1
2726	label_0
2727	label_0
2728	label_0
2729	label_0
2730	label_1
2731	label_0
2732	label_1
2733	label_1
2734	label_0
2735	label_0
2736	label_0
2737	label_0
2738	label_1
2739	label_0
2740	label_1
2741	label_0
2742	label_1
2743	label_0
2744	label_1
2745	label_0
2746	label_0
2747	label_0
2748	label_0
2749	label_0
2750	label_1
2751	label_1
2752	label_1
2753	label_0
2754	label_1
2755	label_1
2756	label_0
2757	label_0
2758	label_0
2759	label_1
2760	label_1
2761	label_1
2762	label_1
2763	label_0
2764	label_0
2765	label_1
2766	label_0
2767	label_1
2768	label_1
2769	label_0
2770	label_1
2771	label_0
2772	label_0
2773	label_0
2774	label_0
2775	label_1
2776	label_1
2777	label_1
2778	label_1
2779	label_1
2780	label_1
2781	label_1
2782	label_0
2783	label_1
2784	label_1
2785	label_0
2786	label_0
2787	label_1
2788	label_0
2789	label_1
2790	label_1
2791	label_1
2792	label_0
2793	label_1
2794	label_0
2795	label_1
2796	label_1
2797	label_0
2798	label_1
2799	label_1
2800	label_1
2801	label_0
2802	label_0
2803	label_1
2804	label_0
2805	label_1
2806	label_0
2807	label_0
2808	label_0
2809	label_1
2810	label_0
2811	label_0
2812	label_0
2813	label_1
2814	label_1
2815	label_1
2816	label_0
2817	label_1
2818	label_0
2819	label_0
2820	label_0
2821	label_1
2822	label_1
2823	label_1
2824	label_0
2825	label_0
2826	label_0
2827	label_0
2828	label_0
2829	label_1
2830	label_1
2831	label_0
2832	label_1
2833	label_1
2834	label_1
2835	label_0
2836	label_0
2837	label_1
2838	label_1
2839	label_0
2840	label_0
2841	label_0
2842	label_1
2843	label_0
2844	label_1
2845	label_1
2846	label_1
2847	label_1
2848	label_0
2849	label_1
2850	label_1
2851	label_1
2852	label_0
2853	label_0
2854	label_1
2855	label_0
2856	label_0
2857	label_1
2858	label_1
2859	label_0
2860	label_0
2861	label_1
2862	label_0
2863	label_1
2864	label_1
2865	label_0
2866	label_1
2867	label_1
2868	label_0
2869	label_0
2870	label_0
2871	label_1
2872	label_1
2873	label_1
2874	label_1
2875	label_1
2876	label_0
2877	label_0
2878	label_1
2879	label_1
2880	label_1
2881	label_1
2882	label_1
2883	label_1
2884	label_0
2885	label_0
2886	label_1
2887	label_1
2888	label_0
2889	label_0
2890	label_0
2891	label_0
2892	label_1
2893	label_0
2894	label_0
2895	label_0
2896	label_1
2897	label_1
2898	label_0
2899	label_1
2900	label_0
2901	label_0
2902	label_0
2903	label_1
2904	label_1
2905	label_0
2906	label_0
2907	label_0
2908	label_0
2909	label_0
2910	label_0
2911	label_1
2912	label_1
2913	label_0
2914	label_1
2915	label_1
2916	label_1
2917	label_0
2918	label_1
2919	label_1
2920	label_1
2921	label_0
2922	label_1
2923	label_0
2924	label_1
2925	label_0
2926	label_1
2927	label_0
2928	label_0
2929	label_0
2930	label_1
2931	label_1
2932	label_1
2933	label_1
2934	label_0
2935	label_0
2936	label_0
2937	label_0
2938	label_1
2939	label_1
2940	label_1
2941	label_1
2942	label_1
2943	label_1
2944	label_1
2945	label_1
2946	label_0
2947	label_1
2948	label_1
2949	label_0
2950	label_1
2951	label_1
2952	label_0
2953	label_1
2954	label_1
2955	label_1
2956	label_1
2957	label_0
2958	label_1
2959	label_1
2960	label_1
2961	label_0
2962	label_0
2963	label_1
2964	label_0
2965	label_1
2966	label_1
2967	label_0
2968	label_1
2969	label_1
2970	label_0
2971	label_0
2972	label_1
2973	label_1
2974	label_0
2975	label_0
2976	label_1
2977	label_1
2978	label_1
2979	label_0
2980	label_1
2981	label_1
2982	label_1
2983	label_1
2984	label_0
2985	label_0
2986	label_1
2987	label_0
2988	label_1
2989	label_1
2990	label_0
2991	label_1
2992	label_1
2993	label_1
2994	label_1
2995	label_1
2996	label_1
2997	label_1
2998	label_0
2999	label_0
3000	label_0
3001	label_0
3002	label_0
3003	label_1
3004	label_1
3005	label_0
3006	label_1
3007	label_1
3008	label_0
3009	label_1
3010	label_0
3011	label_0
3012	label_0
3013	label_1
3014	label_0
3015	label_1
3016	label_1
3017	label_1
3018	label_0
3019	label_0
3020	label_0
3021	label_1
3022	label_1
3023	label_0
3024	label_1
3025	label_1
3026	label_0
3027	label_1
3028	label_0
3029	label_0
3030	label_0
3031	label_0
3032	label_1
3033	label_0
3034	label_1
3035	label_1
3036	label_1
3037	label_0
3038	label_0
3039	label_1
3040	label_0
3041	label_1
3042	label_0
3043	label_1
3044	label_0
3045	label_1
3046	label_1
3047	label_0
3048	label_0
3049	label_0
3050	label_1
3051	label_0
3052	label_0
3053	label_1
3054	label_0
3055	label_0
3056	label_1
3057	label_0
3058	label_1
3059	label_1
3060	label_0
3061	label_0
3062	label_1
3063	label_1
3064	label_0
3065	label_1
3066	label_1
3067	label_1
3068	label_0
3069	label_0
3070	label_0
3071	label_0
3072	label_1
3073	label_1
3074	label_1
3075	label_0
3076	label_1
3077	label_1
3078	label_1
3079	label_1
3080	label_1
3081	label_0
3082	label_1
3083	label_1
3084	label_1
3085	label_0
3086	label_0
3087	label_0
3088	label_0
3089	label_0
3090	label_1
3091	label_1
3092	label_1
3093	label_0
3094	label_1
3095	label_1
3096	label_0
3097	label_1
3098	label_1
3099	label_0
3100	label_0
3101	label_1
3102	label_1
3103	label_1
3104	label_1
3105	label_0
3106	label_0
3107	label_1
3108	label_1
3109	label_1
3110	label_1
3111	label_1
3112	label_1
3113	label_0
3114	label_0
3115	label_1
3116	label_0
3117	label_1
3118	label_0
3119	label_1
3120	label_0
3121	label_0
3122	label_0
3123	label_0
3124	label_1
3125	label_0
3126	label_0
3127	label_0
3128	label_0
3129	label_0
3130	label_0
3131	label_0
3132	label_1
3133	label_1
3134	label_0
3135	label_1
3136	label_0
3137	label_0
3138	label_1
3139	label_0
3140	label_1
3141	label_0
3142	label_0
3143	label_0
3144	label_1
3145	label_1
3146	label_1
3147	label_0
3148	label_1
3149	label_1
3150	label_0
3151	label_0
3152	label_0
3153	label_1
3154	label_0
3155	label_1
3156	label_0
3157	label_1
3158	label_1
3159	label_1
3160	label_1
3161	label_0
3162	label_0
3163	label_1
3164	label_1
3165	label_1
3166	label_1
3167	label_0
3168	label_0
3169	label_1
3170	label_1
3171	label_1
3172	label_0
3173	label_0
3174	label_1
3175	label_1
3176	label_1
3177	label_1
3178	label_0
3179	label_1
3180	label_1
3181	label_0
3182	label_1
3183	label_0
3184	label_0
3185	label_0
3186	label_1
3187	label_0
3188	label_1
3189	label_0
3190	label_0
3191	label_0
3192	label_0
3193	label_0
3194	label_0
3195	label_0
3196	label_1
3197	label_0
3198	label_0
3199	label_0
3200	label_0
3201	label_0
3202	label_1
3203	label_1
3204	label_0
3205	label_1
3206	label_1
3207	label_1
3208	label_1
3209	label_0
3210	label_1
3211	label_1
3212	label_0
3213	label_1
3214	label_0
3215	label_0
3216	label_0
3217	label_1
3218	label_0
3219	label_0
3220	label_0
3221	label_1
3222	label_1
3223	label_1
3224	label_0
3225	label_0
3226	label_0
3227	label_0
3228	label_1
3229	label_0
3230	label_1
3231	label_1
3232	label_1
3233	label_1
3234	label_1
3235	label_1
3236	label_1
3237	label_1
3238	label_0
3239	label_0
3240	label_0
3241	label_0
3242	label_0
3243	label_0
3244	label_0
3245	label_1
3246	label_1
3247	label_1
3248	label_0
3249	label_1
3250	label_0
3251	label_1
3252	label_0
3253	label_0
3254	label_0
3255	label_0
3256	label_1
3257	label_1
3258	label_1
3259	label_0
3260	label_1
3261	label_0
3262	label_0
3263	label_1
3264	label_1
3265	label_0
3266	label_0
3267	label_1
3268	label_0
3269	label_1
3270	label_0
3271	label_0
3272	label_1
3273	label_0
3274	label_0
3275	label_1
3276	label_1
3277	label_0
3278	label_1
3279	label_0
3280	label_1
3281	label_1
3282	label_0
3283	label_0
3284	label_0
3285	label_1
3286	label_0
3287	label_1
3288	label_1
3289	label_1
3290	label_0
3291	label_1
3292	label_1
3293	label_1
3294	label_1
3295	label_1
3296	label_1
3297	label_0
3298	label_1
3299	label_0
3300	label_0
3301	label_1
3302	label_1
3303	label_1
3304	label_0
3305	label_0
3306	label_1
3307	label_1
3308	label_1
3309	label_1
3310	label_1
3311	label_0
3312	label_1
3313	label_1
3314	label_0
3315	label_0
3316	label_1
3317	label_0
3318	label_0
3319	label_1
3320	label_0
3321	label_0
3322	label_0
3323	label_0
3324	label_1
3325	label_0
3326	label_0
3327	label_1
3328	label_1
3329	label_1
3330	label_0
3331	label_1
3332	label_1
3333	label_1
3334	label_0
3335	label_0
3336	label_1
3337	label_0
3338	label_1
3339	label_1
3340	label_0
3341	label_0
3342	label_0
3343	label_0
3344	label_0
3345	label_1
3346	label_0
3347	label_0
3348	label_0
3349	label_1
3350	label_0
3351	label_0
3352	label_0
3353	label_1
3354	label_1
3355	label_1
3356	label_1
3357	label_1
3358	label_0
3359	label_0
3360	label_1
3361	label_1
3362	label_1
3363	label_1
3364	label_0
3365	label_0
3366	label_0
3367	label_0
3368	label_0
3369	label_1
3370	label_0
3371	label_0
3372	label_1
3373	label_1
3374	label_0
3375	label_0
3376	label_0
3377	label_1
3378	label_1
3379	label_0
3380	label_1
3381	label_0
3382	label_1
3383	label_0
3384	label_0
3385	label_1
3386	label_0
3387	label_0
3388	label_0
3389	label_0
3390	label_0
3391	label_1
3392	label_0
3393	label_1
3394	label_0
3395	label_1
3396	label_0
3397	label_0
3398	label_0
3399	label_0
3400	label_1
3401	label_0
3402	label_0
3403	label_0
3404	label_0
3405	label_1
3406	label_1
3407	label_1
3408	label_1
3409	label_0
3410	label_0
3411	label_1
3412	label_0
3413	label_1
3414	label_1
3415	label_1
3416	label_1
3417	label_1
3418	label_1
3419	label_1
3420	label_1
3421	label_1
3422	label_0
3423	label_0
3424	label_0
3425	label_1
3426	label_0
3427	label_1
3428	label_0
3429	label_1
3430	label_1
3431	label_1
3432	label_0
3433	label_1
3434	label_1
3435	label_0
3436	label_0
3437	label_1
3438	label_0
3439	label_1
3440	label_0
3441	label_0
3442	label_0
3443	label_1
3444	label_0
3445	label_1
3446	label_1
3447	label_0
3448	label_1
3449	label_1
3450	label_0
3451	label_1
3452	label_0
3453	label_0
3454	label_1
3455	label_0
3456	label_0
3457	label_0
3458	label_1
3459	label_1
3460	label_1
3461	label_0
3462	label_1
3463	label_0
3464	label_1
3465	label_0
3466	label_0
3467	label_0
3468	label_1
3469	label_1
3470	label_0
3471	label_1
3472	label_1
3473	label_0
3474	label_0
3475	label_0
3476	label_0
3477	label_0
3478	label_1
3479	label_0
3480	label_1
3481	label_0
3482	label_0
3483	label_0
3484	label_0
3485	label_1
3486	label_1
3487	label_0
3488	label_0
3489	label_1
3490	label_1
3491	label_1
3492	label_1
3493	label_0
3494	label_1
3495	label_1
3496	label_1
3497	label_0
3498	label_0
3499	label_1
3500	label_0
3501	label_0
3502	label_0
3503	label_1
3504	label_1
3505	label_1
3506	label_0
3507	label_0
3508	label_0
3509	label_1
3510	label_1
3511	label_1
3512	label_1
3513	label_1
3514	label_0
3515	label_1
3516	label_0
3517	label_0
3518	label_1
3519	label_0
3520	label_1
3521	label_0
3522	label_1
3523	label_1
3524	label_0
3525	label_0
3526	label_1
3527	label_0
3528	label_1
3529	label_1
3530	label_1
3531	label_0
3532	label_0
3533	label_0
3534	label_0
3535	label_0
3536	label_1
3537	label_0
3538	label_0
3539	label_0
3540	label_0
3541	label_1
3542	label_0
3543	label_0
3544	label_1
3545	label_0
3546	label_1
3547	label_1
3548	label_1
3549	label_1
3550	label_1
3551	label_1
3552	label_0
3553	label_0
3554	label_1
3555	label_0
3556	label_1
3557	label_1
3558	label_0
3559	label_0
3560	label_1
3561	label_0
3562	label_0
3563	label_0
3564	label_0
3565	label_1
3566	label_1
3567	label_0
3568	label_1
3569	label_0
3570	label_1
3571	label_0
3572	label_0
3573	label_0
3574	label_0
3575	label_0
3576	label_0
3577	label_1
3578	label_0
3579	label_0
3580	label_1
3581	label_1
3582	label_1
3583	label_1
3584	label_1
3585	label_0
3586	label_1
3587	label_1
3588	label_0
3589	label_1
3590	label_1
3591	label_0
3592	label_0
3593	label_1
3594	label_1
3595	label_0
3596	label_0
3597	label_0
3598	label_0
3599	label_0
3600	label_0
3601	label_0
3602	label_0
3603	label_1
3604	label_0
3605	label_1
3606	label_1
3607	label_1
3608	label_1
3609	label_0
3610	label_1
3611	label_0
3612	label_1
3613	label_1
3614	label_0
3615	label_1
3616	label_0
3617	label_1
3618	label_0
3619	label_0
3620	label_0
3621	label_1
3622	label_0
3623	label_1
3624	label_0
3625	label_0
3626	label_1
3627	label_0
3628	label_1
3629	label_1
3630	label_1
3631	label_0
3632	label_0
3633	label_1
3634	label_1
3635	label_1
3636	label_0
3637	label_0
3638	label_0
3639	label_0
3640	label_0
3641	label_1
3642	label_0
3643	label_0
3644	label_1
3645	label_0
3646	label_0
3647	label_0
3648	label_0
3649	label_0
3650	label_0
3651	label_1
3652	label_0
3653	label_1
3654	label_0
3655	label_1
3656	label_1
3657	label_0
3658	label_1
3659	label_0
3660	label_1
3661	label_0
3662	label_1
3663	label_0
3664	label_1
3665	label_0
3666	label_1
3667	label_0
3668	label_1
3669	label_1
3670	label_1
3671	label_1
3672	label_0
3673	label_0
3674	label_0
3675	label_1
3676	label_1
3677	label_1
3678	label_0
3679	label_1
3680	label_1
3681	label_0
3682	label_0
3683	label_1
3684	label_0
3685	label_1
3686	label_1
3687	label_1
3688	label_0
3689	label_1
3690	label_0
3691	label_1
3692	label_0
3693	label_1
3694	label_0
3695	label_1
3696	label_0
3697	label_0
3698	label_1
3699	label_0
3700	label_1
3701	label_1
3702	label_0
3703	label_1
3704	label_0
3705	label_0
3706	label_0
3707	label_0
3708	label_0
3709	label_1
3710	label_0
3711	label_0
3712	label_0
3713	label_1
3714	label_0
3715	label_0
3716	label_1
3717	label_0
3718	label_1
3719	label_0
3720	label_0
3721	label_1
3722	label_1
3723	label_1
3724	label_0
3725	label_1
3726	label_0
3727	label_1
3728	label_0
3729	label_1
3730	label_1
3731	label_1
3732	label_0
3733	label_0
3734	label_1
3735	label_0
3736	label_0
3737	label_0
3738	label_1
3739	label_1
3740	label_0
3741	label_1
3742	label_0
3743	label_1
3744	label_1
3745	label_1
3746	label_1
3747	label_1
3748	label_0
3749	label_0
3750	label_1
3751	label_0
3752	label_1
3753	label_1
3754	label_1
3755	label_0
3756	label_0
3757	label_0
3758	label_1
3759	label_1
3760	label_0
3761	label_1
3762	label_1
3763	label_0
3764	label_1
3765	label_0
3766	label_0
3767	label_1
3768	label_0
3769	label_0
3770	label_0
3771	label_0
3772	label_0
3773	label_0
3774	label_0
3775	label_0
3776	label_1
3777	label_0
3778	label_0
3779	label_0
3780	label_0
3781	label_1
3782	label_0
3783	label_0
3784	label_0
3785	label_1
3786	label_0
3787	label_0
3788	label_0
3789	label_1
3790	label_0
3791	label_0
3792	label_1
3793	label_0
3794	label_1
3795	label_0
3796	label_0
3797	label_0
3798	label_0
3799	label_1
3800	label_1
3801	label_1
3802	label_0
3803	label_1
3804	label_1
3805	label_1
3806	label_1
3807	label_0
3808	label_0
3809	label_1
3810	label_1
3811	label_0
3812	label_1
3813	label_1
3814	label_0
3815	label_1
3816	label_1
3817	label_0
3818	label_1
3819	label_1
3820	label_1
3821	label_0
3822	label_1
3823	label_0
3824	label_0
3825	label_1
3826	label_1
3827	label_0
3828	label_0
3829	label_1
3830	label_0
3831	label_1
3832	label_0
3833	label_1
3834	label_1
3835	label_0
3836	label_1
3837	label_0
3838	label_0
3839	label_0
3840	label_1
3841	label_1
3842	label_0
3843	label_1
3844	label_1
3845	label_1
3846	label_1
3847	label_1
3848	label_0
3849	label_0
3850	label_0
3851	label_1
3852	label_1
3853	label_1
3854	label_0
3855	label_0
3856	label_0
3857	label_1
3858	label_1
3859	label_0
3860	label_0
3861	label_1
3862	label_1
3863	label_0
3864	label_1
3865	label_0
3866	label_0
3867	label_1
3868	label_1
3869	label_0
3870	label_0
3871	label_1
3872	label_0
3873	label_1
3874	label_0
3875	label_0
3876	label_1
3877	label_0
3878	label_1
3879	label_0
3880	label_1
3881	label_1
3882	label_0
3883	label_0
3884	label_0
3885	label_1
3886	label_1
3887	label_0
3888	label_1
3889	label_1
3890	label_0
3891	label_0
3892	label_1
3893	label_0
3894	label_1
3895	label_0
3896	label_1
3897	label_0
3898	label_0
3899	label_0
3900	label_0
3901	label_1
3902	label_0
3903	label_0
3904	label_1
3905	label_0
3906	label_1
3907	label_0
3908	label_0
3909	label_1
3910	label_1
3911	label_1
3912	label_1
3913	label_0
3914	label_1
3915	label_0
3916	label_1
3917	label_0
3918	label_1
3919	label_0
3920	label_0
3921	label_0
3922	label_1
3923	label_1
3924	label_1
3925	label_1
3926	label_0
3927	label_1
3928	label_0
3929	label_1
3930	label_0
3931	label_0
3932	label_0
3933	label_1
3934	label_1
3935	label_1
3936	label_1
3937	label_1
3938	label_1
3939	label_1
3940	label_1
3941	label_1
3942	label_0
3943	label_0
3944	label_1
3945	label_1
3946	label_1
3947	label_0
3948	label_0
3949	label_1
3950	label_1
3951	label_0
3952	label_0
3953	label_1
3954	label_0
3955	label_1
3956	label_1
3957	label_1
3958	label_0
3959	label_1
3960	label_1
3961	label_0
3962	label_0
3963	label_1
3964	label_1
3965	label_0
3966	label_0
3967	label_1
3968	label_1
3969	label_0
3970	label_0
3971	label_1
3972	label_1
3973	label_1
3974	label_0
3975	label_1
3976	label_0
3977	label_1
3978	label_1
3979	label_0
3980	label_1
3981	label_0
3982	label_1
3983	label_1
3984	label_0
3985	label_1
3986	label_1
3987	label_0
3988	label_0
3989	label_1
3990	label_1
3991	label_0
3992	label_0
3993	label_1
3994	label_1
3995	label_0
3996	label_1
3997	label_1
3998	label_1
3999	label_1
4000	label_1
4001	label_1
4002	label_0
4003	label_0
4004	label_1
4005	label_0
4006	label_0
4007	label_0
4008	label_1
4009	label_1
4010	label_1
4011	label_0
4012	label_0
4013	label_0
4014	label_0
4015	label_1
4016	label_1
4017	label_1
4018	label_1
4019	label_0
4020	label_0
4021	label_1
4022	label_1
4023	label_0
4024	label_0
4025	label_1
4026	label_1
4027	label_0
4028	label_1
4029	label_0
4030	label_1
4031	label_0
4032	label_0
4033	label_0
4034	label_0
4035	label_0
4036	label_1
4037	label_0
4038	label_1
4039	label_0
4040	label_1
4041	label_0
4042	label_1
4043	label_1
4044	label_1
4045	label_1
4046	label_0
4047	label_1
4048	label_0
4049	label_0
4050	label_0
4051	label_1
4052	label_1
4053	label_0
4054	label_1
4055	label_1
4056	label_0
4057	label_1
4058	label_1
4059	label_0
4060	label_1
4061	label_0
4062	label_1
4063	label_0
4064	label_0
4065	label_0
4066	label_0
4067	label_1
4068	label_0
4069	label_1
4070	label_1
4071	label_1
4072	label_0
4073	label_0
4074	label_0
4075	label_0
4076	label_0
4077	label_0
4078	label_1
4079	label_0
4080	label_1
4081	label_0
4082	label_1
4083	label_1
4084	label_1
4085	label_1
4086	label_0
4087	label_0
4088	label_1
4089	label_0
4090	label_0
4091	label_0
4092	label_1
4093	label_0
4094	label_1
4095	label_1
4096	label_1
4097	label_1
4098	label_0
4099	label_1
4100	label_0
4101	label_1
4102	label_0
4103	label_1
4104	label_1
4105	label_0
4106	label_0
4107	label_1
4108	label_1
4109	label_1
4110	label_0
4111	label_0
4112	label_1
4113	label_0
4114	label_0
4115	label_1
4116	label_0
4117	label_0
4118	label_1
4119	label_0
4120	label_0
4121	label_0
4122	label_1
4123	label_0
4124	label_1
4125	label_1
4126	label_0
4127	label_1
4128	label_0
4129	label_0
4130	label_0
4131	label_0
4132	label_1
4133	label_1
4134	label_1
4135	label_1
4136	label_0
4137	label_1
4138	label_0
4139	label_0
4140	label_0
4141	label_1
4142	label_1
4143	label_0
4144	label_0
4145	label_0
4146	label_0
4147	label_0
4148	label_0
4149	label_1
4150	label_1
4151	label_1
4152	label_1
4153	label_1
4154	label_1
4155	label_0
4156	label_0
4157	label_1
4158	label_1
4159	label_1
4160	label_0
4161	label_0
4162	label_0
4163	label_0
4164	label_1
4165	label_1
4166	label_0
4167	label_0
4168	label_0
4169	label_1
4170	label_0
4171	label_0
4172	label_0
4173	label_0
4174	label_1
4175	label_1
4176	label_1
4177	label_0
4178	label_0
4179	label_0
4180	label_1
4181	label_1
4182	label_1
4183	label_0
4184	label_0
4185	label_0
4186	label_1
4187	label_1
4188	label_1
4189	label_1
4190	label_0
4191	label_0
4192	label_0
4193	label_1
4194	label_1
4195	label_1
4196	label_0
4197	label_0
4198	label_1
4199	label_0
4200	label_0
4201	label_0
4202	label_1
4203	label_0
4204	label_0
4205	label_1
4206	label_0
4207	label_0
4208	label_0
4209	label_0
4210	label_0
4211	label_0
4212	label_0
4213	label_1
4214	label_0
4215	label_1
4216	label_1
4217	label_1
4218	label_1
4219	label_1
4220	label_1
4221	label_1
4222	label_1
4223	label_0
4224	label_1
4225	label_1
4226	label_0
4227	label_0
4228	label_0
4229	label_0
4230	label_1
4231	label_0
4232	label_1
4233	label_0
4234	label_1
4235	label_1
4236	label_0
4237	label_1
4238	label_0
4239	label_1
4240	label_1
4241	label_0
4242	label_1
4243	label_0
4244	label_1
4245	label_0
4246	label_0
4247	label_0
4248	label_0
4249	label_0
4250	label_0
4251	label_1
4252	label_0
4253	label_0
4254	label_0
4255	label_0
4256	label_1
4257	label_1
4258	label_1
4259	label_1
4260	label_1
4261	label_0
4262	label_1
4263	label_1
4264	label_0
4265	label_0
4266	label_1
4267	label_1
4268	label_1
4269	label_0
4270	label_1
4271	label_0
4272	label_1
4273	label_0
4274	label_0
4275	label_1
4276	label_0
4277	label_1
4278	label_1
4279	label_0
4280	label_0
4281	label_1
4282	label_0
4283	label_0
4284	label_1
4285	label_1
4286	label_0
4287	label_1
4288	label_1
4289	label_1
4290	label_1
4291	label_1
4292	label_0
4293	label_0
4294	label_1
4295	label_0
4296	label_1
4297	label_0
4298	label_0
4299	label_1
4300	label_1
4301	label_1
4302	label_0
4303	label_1
4304	label_0
4305	label_0
4306	label_0
4307	label_1
4308	label_0
4309	label_0
4310	label_0
4311	label_1
4312	label_1
4313	label_1
4314	label_0
4315	label_0
4316	label_0
4317	label_1
4318	label_1
4319	label_0
4320	label_1
4321	label_0
4322	label_1
4323	label_1
4324	label_1
4325	label_1
4326	label_0
4327	label_0
4328	label_0
4329	label_1
4330	label_1
4331	label_1
4332	label_1
4333	label_0
4334	label_1
4335	label_0
4336	label_0
4337	label_1
4338	label_0
4339	label_1
4340	label_1
4341	label_0
4342	label_1
4343	label_0
4344	label_0
4345	label_1
4346	label_1
4347	label_1
4348	label_0
4349	label_0
4350	label_0
4351	label_1
4352	label_1
4353	label_1
4354	label_1
4355	label_0
4356	label_0
4357	label_1
4358	label_0
4359	label_0
4360	label_1
4361	label_0
4362	label_0
4363	label_1
4364	label_1
4365	label_0
4366	label_0
4367	label_1
4368	label_1
4369	label_1
4370	label_0
4371	label_0
4372	label_0
4373	label_0
4374	label_0
4375	label_0
4376	label_0
4377	label_1
4378	label_1
4379	label_1
4380	label_0
4381	label_1
4382	label_0
4383	label_1
4384	label_0
4385	label_1
4386	label_0
4387	label_1
4388	label_0
4389	label_1
4390	label_0
4391	label_0
4392	label_1
4393	label_0
4394	label_1
4395	label_1
4396	label_0
4397	label_1
4398	label_0
4399	label_0
4400	label_0
4401	label_1
4402	label_1
4403	label_0
4404	label_0
4405	label_0
4406	label_1
4407	label_0
4408	label_1
4409	label_0
4410	label_1
4411	label_1
4412	label_0
4413	label_1
4414	label_1
4415	label_1
4416	label_1
4417	label_0
4418	label_0
4419	label_0
4420	label_0
4421	label_0
4422	label_1
4423	label_0
4424	label_0
4425	label_1
4426	label_1
4427	label_0
4428	label_1
4429	label_1
4430	label_1
4431	label_0
4432	label_0
4433	label_1
4434	label_0
4435	label_0
4436	label_0
4437	label_1
4438	label_0
4439	label_1
4440	label_0
4441	label_0
4442	label_0
4443	label_1
4444	label_0
4445	label_0
4446	label_1
4447	label_0
4448	label_0
4449	label_1
4450	label_0
4451	label_0
4452	label_1
4453	label_1
4454	label_1
4455	label_1
4456	label_1
4457	label_0
4458	label_0
4459	label_0
4460	label_1
4461	label_0
4462	label_0
4463	label_1
4464	label_1
4465	label_0
4466	label_1
4467	label_0
4468	label_1
4469	label_1
4470	label_0
4471	label_0
4472	label_0
4473	label_0
4474	label_1
4475	label_1
4476	label_0
4477	label_1
4478	label_0
4479	label_1
4480	label_0
4481	label_0
4482	label_0
4483	label_0
4484	label_0
4485	label_0
4486	label_1
4487	label_0
4488	label_1
4489	label_1
4490	label_1
4491	label_1
4492	label_1
4493	label_0
4494	label_0
4495	label_1
4496	label_0
4497	label_0
4498	label_0
4499	label_0
4500	label_0
4501	label_0
4502	label_0
4503	label_0
4504	label_0
4505	label_0
4506	label_0
4507	label_1
4508	label_1
4509	label_0
4510	label_0
4511	label_0
4512	label_1
4513	label_0
4514	label_1
4515	label_1
4516	label_0
4517	label_1
4518	label_0
4519	label_0
4520	label_1
4521	label_0
4522	label_0
4523	label_1
4524	label_0
4525	label_1
4526	label_1
4527	label_1
4528	label_0
4529	label_0
4530	label_1
4531	label_1
4532	label_1
4533	label_0
4534	label_0
4535	label_0
4536	label_0
4537	label_1
4538	label_0
4539	label_0
4540	label_0
4541	label_1
4542	label_0
4543	label_1
4544	label_0
4545	label_1
4546	label_0
4547	label_0
4548	label_0
4549	label_0
4550	label_0
4551	label_1
4552	label_0
4553	label_0
4554	label_1
4555	label_0
4556	label_0
4557	label_0
4558	label_1
4559	label_1
4560	label_1
4561	label_0
4562	label_0
4563	label_1
4564	label_0
4565	label_1
4566	label_1
4567	label_0
4568	label_1
4569	label_0
4570	label_1
4571	label_1
4572	label_1
4573	label_1
4574	label_1
4575	label_0
4576	label_1
4577	label_0
4578	label_1
4579	label_0
4580	label_1
4581	label_0
4582	label_0
4583	label_0
4584	label_0
4585	label_0
4586	label_0
4587	label_0
4588	label_0
4589	label_1
4590	label_0
4591	label_1
4592	label_1
4593	label_1
4594	label_0
4595	label_1
4596	label_1
4597	label_0
4598	label_1
4599	label_1
4600	label_1
4601	label_1
4602	label_1
4603	label_0
4604	label_0
4605	label_1
4606	label_1
4607	label_1
4608	label_0
4609	label_0
4610	label_0
4611	label_1
4612	label_0
4613	label_1
4614	label_1
4615	label_1
4616	label_0
4617	label_1
4618	label_0
4619	label_1
4620	label_0
4621	label_1
4622	label_0
4623	label_1
4624	label_1
4625	label_1
4626	label_1
4627	label_0
4628	label_0
4629	label_1
4630	label_1
4631	label_1
4632	label_0
4633	label_1
4634	label_0
4635	label_0
4636	label_1
4637	label_0
4638	label_1
4639	label_1
4640	label_0
4641	label_1
4642	label_0
4643	label_0
4644	label_1
4645	label_1
4646	label_1
4647	label_1
4648	label_0
4649	label_0
4650	label_1
4651	label_0
4652	label_1
4653	label_1
4654	label_0
4655	label_0
4656	label_1
4657	label_0
4658	label_1
4659	label_1
4660	label_1
4661	label_0
4662	label_1
4663	label_1
4664	label_0
4665	label_1
4666	label_1
4667	label_0
4668	label_1
4669	label_0
4670	label_1
4671	label_1
4672	label_1
4673	label_0
4674	label_1
4675	label_0
4676	label_0
4677	label_0
4678	label_1
4679	label_1
4680	label_0
4681	label_0
4682	label_0
4683	label_1
4684	label_1
4685	label_0
4686	label_1
4687	label_0
4688	label_1
4689	label_1
4690	label_1
4691	label_0
4692	label_1
4693	label_0
4694	label_1
4695	label_0
4696	label_0
4697	label_1
4698	label_1
4699	label_1
4700	label_1
4701	label_0
4702	label_1
4703	label_0
4704	label_0
4705	label_1
4706	label_1
4707	label_0
4708	label_0
4709	label_1
4710	label_1
4711	label_0
4712	label_1
4713	label_0
4714	label_0
4715	label_1
4716	label_1
4717	label_0
4718	label_0
4719	label_1
4720	label_0
4721	label_0
4722	label_0
4723	label_1
4724	label_0
4725	label_1
4726	label_1
4727	label_1
4728	label_1
4729	label_1
4730	label_1
4731	label_1
4732	label_0
4733	label_0
4734	label_0
4735	label_1
4736	label_1
4737	label_1
4738	label_0
4739	label_0
4740	label_1
4741	label_1
4742	label_1
4743	label_1
4744	label_1
4745	label_1
4746	label_1
4747	label_0
4748	label_1
4749	label_0
4750	label_0
4751	label_1
4752	label_0
4753	label_1
4754	label_1
4755	label_1
4756	label_0
4757	label_1
4758	label_1
4759	label_1
4760	label_0
4761	label_0
4762	label_1
4763	label_0
4764	label_0
4765	label_1
4766	label_1
4767	label_0
4768	label_1
4769	label_0
4770	label_1
4771	label_1
4772	label_0
4773	label_1
4774	label_1
4775	label_1
4776	label_0
4777	label_0
4778	label_1
4779	label_0
4780	label_0
4781	label_1
4782	label_1
4783	label_1
4784	label_1
4785	label_1
4786	label_0
4787	label_0
4788	label_0
4789	label_1
4790	label_0
4791	label_1
4792	label_1
4793	label_1
4794	label_1
4795	label_0
4796	label_0
4797	label_1
4798	label_1
4799	label_0
4800	label_1
4801	label_0
4802	label_0
4803	label_0
4804	label_1
4805	label_0
4806	label_1
4807	label_1
4808	label_1
4809	label_0
4810	label_0
4811	label_1
4812	label_0
4813	label_1
4814	label_1
4815	label_1
4816	label_1
4817	label_1
4818	label_1
4819	label_1
4820	label_1
4821	label_0
4822	label_0
4823	label_0
4824	label_0
4825	label_0
4826	label_0
4827	label_0
4828	label_0
4829	label_0
4830	label_1
4831	label_1
4832	label_1
4833	label_1
4834	label_0
4835	label_0
4836	label_0
4837	label_0
4838	label_1
4839	label_0
4840	label_0
4841	label_1
4842	label_0
4843	label_0
4844	label_1
4845	label_1
4846	label_0
4847	label_1
4848	label_1
4849	label_1
4850	label_0
4851	label_0
4852	label_1
4853	label_1
4854	label_0
4855	label_0
4856	label_0
4857	label_0
4858	label_1
4859	label_1
4860	label_0
4861	label_1
4862	label_1
4863	label_0
4864	label_1
4865	label_0
4866	label_1
4867	label_1
4868	label_1
4869	label_1
4870	label_0
4871	label_1
4872	label_1
4873	label_1
4874	label_1
4875	label_1
4876	label_1
4877	label_1
4878	label_0
4879	label_1
4880	label_1
4881	label_0
4882	label_1
4883	label_0
4884	label_0
4885	label_1
4886	label_1
4887	label_1
4888	label_1
4889	label_1
4890	label_1
4891	label_1
4892	label_1
4893	label_0
4894	label_0
4895	label_1
4896	label_1
4897	label_0
4898	label_0
4899	label_1
4900	label_1
4901	label_0
4902	label_0
4903	label_1
4904	label_0
4905	label_1
4906	label_1
4907	label_0
4908	label_0
4909	label_0
4910	label_1
4911	label_0
4912	label_0
4913	label_1
4914	label_0
4915	label_0
4916	label_0
4917	label_1
4918	label_0
4919	label_1
4920	label_1
4921	label_1
4922	label_1
4923	label_0
4924	label_1
4925	label_1
4926	label_1
4927	label_0
4928	label_0
4929	label_0
4930	label_0
4931	label_1
4932	label_1
4933	label_0
4934	label_1
4935	label_1
4936	label_0
4937	label_1
4938	label_0
4939	label_1
4940	label_1
4941	label_0
4942	label_0
4943	label_1
4944	label_1
4945	label_1
4946	label_0
4947	label_1
4948	label_0
4949	label_1
4950	label_0
4951	label_1
4952	label_1
4953	label_1
4954	label_1
4955	label_1
4956	label_0
4957	label_1
4958	label_0
4959	label_1
4960	label_1
4961	label_0
4962	label_0
4963	label_1
4964	label_1
4965	label_1
4966	label_0
4967	label_0
4968	label_0
4969	label_0
4970	label_0
4971	label_0
4972	label_0
4973	label_1
4974	label_0
4975	label_0
4976	label_1
4977	label_0
4978	label_0
4979	label_1
4980	label_0
4981	label_1
4982	label_0
4983	label_1
4984	label_1
4985	label_1
4986	label_0
4987	label_0
4988	label_0
4989	label_1
4990	label_1
4991	label_1
4992	label_1
4993	label_1
4994	label_1
4995	label_1
4996	label_1
4997	label_0
4998	label_1
4999	label_1
5000	label_1
5001	label_0
5002	label_0
5003	label_0
5004	label_1
5005	label_1
5006	label_1
5007	label_1
5008	label_1
5009	label_1
5010	label_1
5011	label_1
5012	label_1
5013	label_0
5014	label_1
5015	label_1
5016	label_1
5017	label_1
5018	label_0
5019	label_1
5020	label_1
5021	label_0
5022	label_1
5023	label_0
5024	label_0
5025	label_1
5026	label_1
5027	label_0
5028	label_1
5029	label_1
5030	label_0
5031	label_1
5032	label_0
5033	label_0
5034	label_0
5035	label_1
5036	label_1
5037	label_1
5038	label_0
5039	label_0
5040	label_0
5041	label_0
5042	label_1
5043	label_1
5044	label_1
5045	label_0
5046	label_1
5047	label_1
5048	label_0
5049	label_0
5050	label_1
5051	label_1
5052	label_0
5053	label_1
5054	label_0
5055	label_1
5056	label_1
5057	label_1
5058	label_1
5059	label_1
5060	label_1
5061	label_1
5062	label_1
5063	label_0
5064	label_0
5065	label_0
5066	label_1
5067	label_0
5068	label_1
5069	label_0
5070	label_0
5071	label_1
5072	label_1
5073	label_0
5074	label_0
5075	label_0
5076	label_0
5077	label_1
5078	label_0
5079	label_1
5080	label_1
5081	label_1
5082	label_0
5083	label_1
5084	label_1
5085	label_0
5086	label_1
5087	label_0
5088	label_1
5089	label_0
5090	label_0
5091	label_0
5092	label_1
5093	label_1
5094	label_1
5095	label_0
5096	label_0
5097	label_0
5098	label_0
5099	label_0
5100	label_1
5101	label_1
5102	label_1
5103	label_0
5104	label_1
5105	label_1
5106	label_0
5107	label_0
5108	label_0
5109	label_1
5110	label_0
5111	label_0
5112	label_1
5113	label_1
5114	label_0
5115	label_1
5116	label_1
5117	label_0
5118	label_0
5119	label_1
5120	label_1
5121	label_0
5122	label_1
5123	label_1
5124	label_1
5125	label_0
5126	label_0
5127	label_0
5128	label_1
5129	label_0
5130	label_1
5131	label_1
5132	label_1
5133	label_0
5134	label_0
5135	label_1
5136	label_1
5137	label_1
5138	label_1
5139	label_0
5140	label_1
5141	label_1
5142	label_1
5143	label_1
5144	label_0
5145	label_1
5146	label_1
5147	label_0
5148	label_0
5149	label_0
5150	label_1
5151	label_0
5152	label_0
5153	label_0
5154	label_0
5155	label_1
5156	label_1
5157	label_1
5158	label_0
5159	label_0
5160	label_1
5161	label_1
5162	label_0
5163	label_1
5164	label_1
5165	label_1
5166	label_1
5167	label_1
5168	label_1
5169	label_1
5170	label_0
5171	label_1
5172	label_0
5173	label_1
5174	label_1
5175	label_1
5176	label_1
5177	label_0
5178	label_1
5179	label_0
5180	label_1
5181	label_1
5182	label_0
5183	label_1
5184	label_0
5185	label_1
5186	label_1
5187	label_1
5188	label_1
5189	label_1
5190	label_0
5191	label_0
5192	label_1
5193	label_0
5194	label_1
5195	label_0
5196	label_1
5197	label_0
5198	label_1
5199	label_1
5200	label_0
5201	label_0
5202	label_0
5203	label_1
5204	label_0
5205	label_0
5206	label_1
5207	label_0
5208	label_0
5209	label_1
5210	label_1
5211	label_1
5212	label_1
5213	label_0
5214	label_0
5215	label_0
5216	label_1
5217	label_0
5218	label_1
5219	label_1
5220	label_1
5221	label_0
5222	label_0
5223	label_0
5224	label_1
5225	label_1
5226	label_1
5227	label_1
5228	label_1
5229	label_0
5230	label_0
5231	label_0
5232	label_0
5233	label_1
5234	label_0
5235	label_0
5236	label_1
5237	label_0
5238	label_1
5239	label_1
5240	label_1
5241	label_0
5242	label_0
5243	label_0
5244	label_1
5245	label_0
5246	label_0
5247	label_0
5248	label_1
5249	label_0
5250	label_1
5251	label_1
5252	label_0
5253	label_0
5254	label_1
5255	label_0
5256	label_1
5257	label_0
5258	label_0
5259	label_0
5260	label_1
5261	label_0
5262	label_1
5263	label_0
5264	label_0
5265	label_1
5266	label_1
5267	label_0
5268	label_1
5269	label_1
5270	label_0
5271	label_1
5272	label_1
5273	label_1
5274	label_0
5275	label_0
5276	label_1
5277	label_0
5278	label_1
5279	label_0
5280	label_1
5281	label_1
5282	label_0
5283	label_1
5284	label_1
5285	label_0
5286	label_0
5287	label_0
5288	label_0
5289	label_0
5290	label_1
5291	label_0
5292	label_0
5293	label_0
5294	label_0
5295	label_0
5296	label_1
5297	label_1
5298	label_1
5299	label_0
5300	label_0
5301	label_1
5302	label_0
5303	label_0
5304	label_0
5305	label_1
5306	label_0
5307	label_0
5308	label_0
5309	label_1
5310	label_0
5311	label_0
5312	label_0
5313	label_1
5314	label_1
5315	label_0
5316	label_1
5317	label_1
5318	label_0
5319	label_1
5320	label_1
5321	label_0
5322	label_1
5323	label_0
5324	label_1
5325	label_0
5326	label_1
5327	label_1
5328	label_0
5329	label_1
5330	label_1
5331	label_1
5332	label_0
5333	label_0
5334	label_1
5335	label_1
5336	label_1
5337	label_0
5338	label_0
5339	label_1
5340	label_0
5341	label_0
5342	label_0
5343	label_0
5344	label_0
5345	label_1
5346	label_1
5347	label_1
5348	label_0
5349	label_0
5350	label_1
5351	label_1
5352	label_0
5353	label_0
5354	label_0
5355	label_1
5356	label_1
5357	label_1
5358	label_1
5359	label_1
5360	label_1
5361	label_0
5362	label_0
5363	label_1
5364	label_1
5365	label_0
5366	label_1
5367	label_0
5368	label_0
5369	label_0
5370	label_0
5371	label_0
5372	label_0
5373	label_1
5374	label_1
5375	label_1
5376	label_1
5377	label_0
5378	label_1
5379	label_1
5380	label_0
5381	label_0
5382	label_0
5383	label_1
5384	label_1
5385	label_0
5386	label_1
5387	label_0
5388	label_0
5389	label_1
5390	label_1
5391	label_1
5392	label_0
5393	label_1
5394	label_0
5395	label_0
5396	label_1
5397	label_0
5398	label_0
5399	label_1
5400	label_0
5401	label_0
5402	label_1
5403	label_0
5404	label_0
5405	label_1
5406	label_0
5407	label_1
5408	label_0
5409	label_0
5410	label_1
5411	label_0
5412	label_0
5413	label_1
5414	label_0
5415	label_0
5416	label_1
5417	label_0
5418	label_0
5419	label_1
5420	label_1
5421	label_0
5422	label_1
5423	label_0
5424	label_0
5425	label_1
5426	label_0
5427	label_1
5428	label_1
5429	label_1
5430	label_1
5431	label_1
5432	label_0
5433	label_1
5434	label_1
5435	label_0
5436	label_1
5437	label_0
5438	label_1
5439	label_0
5440	label_1
5441	label_1
5442	label_1
5443	label_1
5444	label_0
5445	label_1
5446	label_0
5447	label_0
5448	label_1
5449	label_0
5450	label_1
5451	label_1
5452	label_0
5453	label_0
5454	label_0
5455	label_1
5456	label_0
5457	label_1
5458	label_1
5459	label_1
5460	label_0
5461	label_1
5462	label_0
