task,arch,model,probe,probe_display,layer,count,n_zero,pct_zero,n_gt1,pct_gt1,n_gt10,pct_gt10,"pct_(1e-08,1e-07]","pct_(1e-07,1e-06]","pct_(1e-06,1e-05]","pct_(1e-05,1e-04]","pct_(1e-04,1e-03]","pct_(1e-03,1e-02]","pct_(1e-02,1e-01]","pct_(1e-01,1e+00]","pct_(1e+00,1e+01]","pct_(1e+01,1e+02]","pct_(1e+02,1e+03]","pct_(1e+03,1e+04]","pct_(1e+04,1e+05]"
bl_sst2,bert,assemblyai/bert-large-uncased-sst2,input_ids,Input IDs,all,8620672,7723633,89.5943,897039,10.4057,897039,10.4057,0.0000,0.0000,0.0000,0.0000,0.0000,0.0000,0.0000,0.0000,0.0000,0.0000,1.5640,7.4958,1.3460
bl_sst2,bert,assemblyai/bert-large-uncased-sst2,after_embed,After Embedding,all,8827568128,0,0.0000,338111390,3.8302,0,0.0000,0.0000,0.0000,0.0002,0.0108,0.1707,1.6853,16.6745,77.6283,3.8302,0.0000,0.0000,0.0000,0.0000
bl_sst2,bert,assemblyai/bert-large-uncased-sst2,query_proj,XW_q + b_q,0,8827568128,6,0.0000,1916421310,21.7095,0,0.0000,0.0000,0.0000,0.0016,0.0089,0.1037,0.9429,9.5009,67.7325,21.7095,0.0000,0.0000,0.0000,0.0000
bl_sst2,bert,assemblyai/bert-large-uncased-sst2,query_proj,XW_q + b_q,1,8827568128,12,0.0000,3111259161,35.2448,0,0.0000,0.0000,0.0001,0.0007,0.0067,0.0675,0.6754,6.7437,57.2610,35.2448,0.0000,0.0000,0.0000,0.0000
bl_sst2,bert,assemblyai/bert-large-uncased-sst2,query_proj,XW_q + b_q,2,8827568128,10,0.0000,1890626113,21.4173,123,0.0000,0.0000,0.0001,0.0010,0.0098,0.0974,0.9750,9.7050,67.7943,21.4173,0.0000,0.0000,0.0000,0.0000
bl_sst2,bert,assemblyai/bert-large-uncased-sst2,query_proj,XW_q + b_q,3,8827568128,12,0.0000,1797742726,20.3651,0,0.0000,0.0000,0.0001,0.0010,0.0103,0.1034,1.0333,10.2865,68.2002,20.3651,0.0000,0.0000,0.0000,0.0000
bl_sst2,bert,assemblyai/bert-large-uncased-sst2,query_proj,XW_q + b_q,4,8827568128,13,0.0000,1590268945,18.0148,2,0.0000,0.0000,0.0001,0.0011,0.0110,0.1095,1.0946,10.8731,69.8958,18.0148,0.0000,0.0000,0.0000,0.0000
bl_sst2,bert,assemblyai/bert-large-uncased-sst2,query_proj,XW_q + b_q,5,8827568128,18,0.0000,1351105086,15.3055,0,0.0000,0.0000,0.0001,0.0011,0.0116,0.1155,1.1552,11.5157,71.8953,15.3055,0.0000,0.0000,0.0000,0.0000
bl_sst2,bert,assemblyai/bert-large-uncased-sst2,query_proj,XW_q + b_q,6,8827568128,9,0.0000,1091813342,12.3682,0,0.0000,0.0000,0.0001,0.0014,0.0140,0.1397,1.3969,13.8158,72.2638,12.3682,0.0000,0.0000,0.0000,0.0000
bl_sst2,bert,assemblyai/bert-large-uncased-sst2,query_proj,XW_q + b_q,7,8827568128,23,0.0000,943321274,10.6861,0,0.0000,0.0000,0.0001,0.0015,0.0148,0.1480,1.4797,14.5152,73.1545,10.6861,0.0000,0.0000,0.0000,0.0000
bl_sst2,bert,assemblyai/bert-large-uncased-sst2,query_proj,XW_q + b_q,8,8827568128,30,0.0000,1371649027,15.5382,0,0.0000,0.0000,0.0001,0.0012,0.0115,0.1148,1.1481,11.4223,71.7638,15.5382,0.0000,0.0000,0.0000,0.0000
bl_sst2,bert,assemblyai/bert-large-uncased-sst2,query_proj,XW_q + b_q,9,8827568128,22,0.0000,2052585542,23.2520,36,0.0000,0.0000,0.0001,0.0010,0.0097,0.0967,0.9674,9.6320,66.0411,23.2520,0.0000,0.0000,0.0000,0.0000
bl_sst2,bert,assemblyai/bert-large-uncased-sst2,query_proj,XW_q + b_q,10,8827568128,11,0.0000,2875046980,32.5690,115,0.0000,0.0000,0.0001,0.0007,0.0074,0.0734,0.7350,7.3299,59.2845,32.5690,0.0000,0.0000,0.0000,0.0000
bl_sst2,bert,assemblyai/bert-large-uncased-sst2,query_proj,XW_q + b_q,11,8827568128,7,0.0000,3907658455,44.2665,0,0.0000,0.0000,0.0001,0.0006,0.0056,0.0557,0.5570,5.5703,49.5444,44.2665,0.0000,0.0000,0.0000,0.0000
bl_sst2,bert,assemblyai/bert-large-uncased-sst2,query_proj,XW_q + b_q,12,8827568128,3,0.0000,3936981485,44.5987,0,0.0000,0.0000,0.0001,0.0006,0.0055,0.0553,0.5530,5.5276,49.2592,44.5987,0.0000,0.0000,0.0000,0.0000
bl_sst2,bert,assemblyai/bert-large-uncased-sst2,query_proj,XW_q + b_q,13,8827568128,13,0.0000,2722166685,30.8371,0,0.0000,0.0000,0.0001,0.0008,0.0077,0.0771,0.7711,7.7017,60.6044,30.8371,0.0000,0.0000,0.0000,0.0000
bl_sst2,bert,assemblyai/bert-large-uncased-sst2,query_proj,XW_q + b_q,14,8827568128,11,0.0000,2857488271,32.3701,0,0.0000,0.0000,0.0001,0.0007,0.0072,0.0718,0.7176,7.1554,59.6772,32.3701,0.0000,0.0000,0.0000,0.0000
bl_sst2,bert,assemblyai/bert-large-uncased-sst2,query_proj,XW_q + b_q,15,8827568128,21,0.0000,2524076226,28.5931,0,0.0000,0.0000,0.0001,0.0008,0.0078,0.0780,0.7799,7.7954,62.7449,28.5931,0.0000,0.0000,0.0000,0.0000
bl_sst2,bert,assemblyai/bert-large-uncased-sst2,query_proj,XW_q + b_q,16,8827568128,29,0.0000,2921623574,33.0966,0,0.0000,0.0000,0.0001,0.0007,0.0069,0.0694,0.6942,6.9316,59.2005,33.0966,0.0000,0.0000,0.0000,0.0000
bl_sst2,bert,assemblyai/bert-large-uncased-sst2,query_proj,XW_q + b_q,17,8827568128,17,0.0000,3340623281,37.8431,0,0.0000,0.0000,0.0001,0.0006,0.0065,0.0646,0.6463,6.4485,54.9903,37.8431,0.0000,0.0000,0.0000,0.0000
bl_sst2,bert,assemblyai/bert-large-uncased-sst2,query_proj,XW_q + b_q,18,8827568128,16,0.0000,2757212881,31.2341,1989,0.0000,0.0000,0.0001,0.0008,0.0077,0.0767,0.7673,7.6645,60.2488,31.2341,0.0000,0.0000,0.0000,0.0000
bl_sst2,bert,assemblyai/bert-large-uncased-sst2,query_proj,XW_q + b_q,19,8827568128,23,0.0000,3022451400,34.2388,0,0.0000,0.0000,0.0001,0.0007,0.0072,0.0725,0.7247,7.1207,57.8353,34.2388,0.0000,0.0000,0.0000,0.0000
bl_sst2,bert,assemblyai/bert-large-uncased-sst2,query_proj,XW_q + b_q,20,8827568128,27,0.0000,3284254629,37.2045,125,0.0000,0.0000,0.0001,0.0007,0.0069,0.0693,0.6923,6.7929,55.2332,37.2045,0.0000,0.0000,0.0000,0.0000
bl_sst2,bert,assemblyai/bert-large-uncased-sst2,query_proj,XW_q + b_q,21,8827568128,23,0.0000,2690525511,30.4787,0,0.0000,0.0000,0.0001,0.0008,0.0083,0.0833,0.8331,8.2579,60.3378,30.4787,0.0000,0.0000,0.0000,0.0000
bl_sst2,bert,assemblyai/bert-large-uncased-sst2,query_proj,XW_q + b_q,22,8827568128,18,0.0000,2534929245,28.7161,0,0.0000,0.0000,0.0001,0.0008,0.0085,0.0850,0.8502,8.4981,61.8412,28.7161,0.0000,0.0000,0.0000,0.0000
bl_sst2,bert,assemblyai/bert-large-uncased-sst2,query_proj,XW_q + b_q,23,8827568128,31,0.0000,2471715535,28.0000,3431,0.0000,0.0000,0.0001,0.0010,0.0103,0.1026,1.0246,10.0896,60.7718,27.9999,0.0000,0.0000,0.0000,0.0000
bl_sst2,bert,assemblyai/bert-large-uncased-sst2,query_proj,XW_q + b_q,AGG,211861635072,405,0.0000,58963546684,27.8312,5821,0.0000,0.0000,0.0001,0.0009,0.0088,0.0888,0.8840,8.7873,62.3990,27.8312,0.0000,0.0000,0.0000,0.0000
bl_sst2,bert,assemblyai/bert-large-uncased-sst2,key_proj,XW_k + b_k,0,8827568128,0,0.0000,1878901078,21.2845,0,0.0000,0.0000,0.0003,0.0009,0.0093,0.1009,0.9777,9.8674,67.7591,21.2845,0.0000,0.0000,0.0000,0.0000
bl_sst2,bert,assemblyai/bert-large-uncased-sst2,key_proj,XW_k + b_k,1,8827568128,2,0.0000,2925909765,33.1451,0,0.0000,0.0000,0.0001,0.0007,0.0074,0.0735,0.7349,7.3291,58.7092,33.1451,0.0000,0.0000,0.0000,0.0000
bl_sst2,bert,assemblyai/bert-large-uncased-sst2,key_proj,XW_k + b_k,2,8827568128,0,0.0000,1476286924,16.7236,0,0.0000,0.0000,0.0001,0.0011,0.0110,0.1101,1.1005,10.9537,71.0998,16.7236,0.0000,0.0000,0.0000,0.0000
bl_sst2,bert,assemblyai/bert-large-uncased-sst2,key_proj,XW_k + b_k,3,8827568128,0,0.0000,1620915384,18.3620,0,0.0000,0.0000,0.0001,0.0011,0.0112,0.1121,1.1213,11.1434,69.2488,18.3620,0.0000,0.0000,0.0000,0.0000
bl_sst2,bert,assemblyai/bert-large-uncased-sst2,key_proj,XW_k + b_k,4,8827568128,1,0.0000,1359989734,15.4062,0,0.0000,0.0000,0.0001,0.0012,0.0124,0.1243,1.2425,12.3085,70.9047,15.4062,0.0000,0.0000,0.0000,0.0000
bl_sst2,bert,assemblyai/bert-large-uncased-sst2,key_proj,XW_k + b_k,5,8827568128,1,0.0000,1195139805,13.5387,0,0.0000,0.0000,0.0001,0.0014,0.0141,0.1416,1.4155,13.9643,70.9242,13.5387,0.0000,0.0000,0.0000,0.0000
bl_sst2,bert,assemblyai/bert-large-uncased-sst2,key_proj,XW_k + b_k,6,8827568128,1,0.0000,628191656,7.1162,0,0.0000,0.0000,0.0002,0.0021,0.0207,0.2069,2.0685,20.0375,70.5479,7.1162,0.0000,0.0000,0.0000,0.0000
bl_sst2,bert,assemblyai/bert-large-uncased-sst2,key_proj,XW_k + b_k,7,8827568128,2,0.0000,374911695,4.2471,0,0.0000,0.0000,0.0002,0.0025,0.0251,0.2506,2.5048,24.2289,68.7408,4.2471,0.0000,0.0000,0.0000,0.0000
bl_sst2,bert,assemblyai/bert-large-uncased-sst2,key_proj,XW_k + b_k,8,8827568128,2,0.0000,680258005,7.7061,0,0.0000,0.0000,0.0002,0.0016,0.0157,0.1566,1.5664,15.4687,75.0847,7.7061,0.0000,0.0000,0.0000,0.0000
bl_sst2,bert,assemblyai/bert-large-uncased-sst2,key_proj,XW_k + b_k,9,8827568128,0,0.0000,1873632074,21.2248,23,0.0000,0.0000,0.0001,0.0011,0.0107,0.1070,1.0702,10.6005,66.9856,21.2248,0.0000,0.0000,0.0000,0.0000
bl_sst2,bert,assemblyai/bert-large-uncased-sst2,key_proj,XW_k + b_k,10,8827568128,1,0.0000,3030324015,34.3280,7,0.0000,0.0000,0.0001,0.0007,0.0072,0.0719,0.7194,7.1799,57.6928,34.3280,0.0000,0.0000,0.0000,0.0000
bl_sst2,bert,assemblyai/bert-large-uncased-sst2,key_proj,XW_k + b_k,11,8827568128,0,0.0000,3404249521,38.5638,0,0.0000,0.0000,0.0001,0.0007,0.0067,0.0665,0.6658,6.6386,54.0579,38.5638,0.0000,0.0000,0.0000,0.0000
bl_sst2,bert,assemblyai/bert-large-uncased-sst2,key_proj,XW_k + b_k,12,8827568128,1,0.0000,3524055179,39.9210,0,0.0000,0.0000,0.0001,0.0006,0.0060,0.0596,0.5968,5.9616,53.4543,39.9210,0.0000,0.0000,0.0000,0.0000
bl_sst2,bert,assemblyai/bert-large-uncased-sst2,key_proj,XW_k + b_k,13,8827568128,1,0.0000,2966760255,33.6079,0,0.0000,0.0000,0.0001,0.0007,0.0071,0.0710,0.7103,7.0939,58.5090,33.6079,0.0000,0.0000,0.0000,0.0000
bl_sst2,bert,assemblyai/bert-large-uncased-sst2,key_proj,XW_k + b_k,14,8827568128,2,0.0000,2593117444,29.3752,0,0.0000,0.0000,0.0001,0.0008,0.0078,0.0778,0.7777,7.7440,62.0166,29.3752,0.0000,0.0000,0.0000,0.0000
bl_sst2,bert,assemblyai/bert-large-uncased-sst2,key_proj,XW_k + b_k,15,8827568128,2,0.0000,2583221241,29.2631,0,0.0000,0.0000,0.0001,0.0008,0.0076,0.0761,0.7609,7.6026,62.2888,29.2631,0.0000,0.0000,0.0000,0.0000
bl_sst2,bert,assemblyai/bert-large-uncased-sst2,key_proj,XW_k + b_k,16,8827568128,0,0.0000,3026680846,34.2867,0,0.0000,0.0000,0.0001,0.0007,0.0071,0.0709,0.7087,7.0821,57.8438,34.2867,0.0000,0.0000,0.0000,0.0000
bl_sst2,bert,assemblyai/bert-large-uncased-sst2,key_proj,XW_k + b_k,17,8827568128,1,0.0000,3336135461,37.7922,0,0.0000,0.0000,0.0001,0.0006,0.0064,0.0640,0.6394,6.3863,55.1111,37.7922,0.0000,0.0000,0.0000,0.0000
bl_sst2,bert,assemblyai/bert-large-uncased-sst2,key_proj,XW_k + b_k,18,8827568128,3,0.0000,2305567757,26.1178,0,0.0000,0.0000,0.0001,0.0008,0.0085,0.0847,0.8468,8.4571,64.4842,26.1178,0.0000,0.0000,0.0000,0.0000
bl_sst2,bert,assemblyai/bert-large-uncased-sst2,key_proj,XW_k + b_k,19,8827568128,1,0.0000,2171606745,24.6003,0,0.0000,0.0000,0.0001,0.0010,0.0096,0.0964,0.9642,9.5441,64.7843,24.6003,0.0000,0.0000,0.0000,0.0000
bl_sst2,bert,assemblyai/bert-large-uncased-sst2,key_proj,XW_k + b_k,20,8827568128,1,0.0000,2299515821,26.0493,0,0.0000,0.0000,0.0001,0.0010,0.0098,0.0982,0.9820,9.7116,63.1480,26.0493,0.0000,0.0000,0.0000,0.0000
bl_sst2,bert,assemblyai/bert-large-uncased-sst2,key_proj,XW_k + b_k,21,8827568128,3,0.0000,2320730593,26.2896,2,0.0000,0.0000,0.0001,0.0012,0.0117,0.1176,1.1761,11.5773,60.8265,26.2896,0.0000,0.0000,0.0000,0.0000
bl_sst2,bert,assemblyai/bert-large-uncased-sst2,key_proj,XW_k + b_k,22,8827568128,0,0.0000,1830296100,20.7339,3,0.0000,0.0000,0.0001,0.0014,0.0141,0.1413,1.4116,13.5839,64.1136,20.7339,0.0000,0.0000,0.0000,0.0000
bl_sst2,bert,assemblyai/bert-large-uncased-sst2,key_proj,XW_k + b_k,23,8827568128,2,0.0000,1889790136,21.4078,771,0.0000,0.0000,0.0001,0.0014,0.0144,0.1441,1.4399,13.8158,63.1764,21.4078,0.0000,0.0000,0.0000,0.0000
bl_sst2,bert,assemblyai/bert-large-uncased-sst2,key_proj,XW_k + b_k,AGG,211861635072,27,0.0000,51296187234,24.2121,806,0.0000,0.0000,0.0001,0.0011,0.0109,0.1093,1.0917,10.7617,63.8130,24.2121,0.0000,0.0000,0.0000,0.0000
bl_sst2,bert,assemblyai/bert-large-uncased-sst2,value_proj,XW_v + b_v,0,8827568128,0,0.0000,142343479,1.6125,0,0.0000,0.0000,0.0000,0.0016,0.0245,0.2099,2.1777,21.1753,74.7985,1.6125,0.0000,0.0000,0.0000,0.0000
bl_sst2,bert,assemblyai/bert-large-uncased-sst2,value_proj,XW_v + b_v,1,8827568128,4,0.0000,674275094,7.6383,0,0.0000,0.0000,0.0001,0.0013,0.0133,0.1330,1.3299,13.1306,77.7535,7.6383,0.0000,0.0000,0.0000,0.0000
bl_sst2,bert,assemblyai/bert-large-uncased-sst2,value_proj,XW_v + b_v,2,8827568128,10,0.0000,217029430,2.4585,0,0.0000,0.0000,0.0002,0.0019,0.0191,0.1915,1.9146,18.7706,76.6435,2.4585,0.0000,0.0000,0.0000,0.0000
bl_sst2,bert,assemblyai/bert-large-uncased-sst2,value_proj,XW_v + b_v,3,8827568128,15,0.0000,92980236,1.0533,0,0.0000,0.0000,0.0003,0.0026,0.0260,0.2597,2.5971,25.2166,70.8444,1.0533,0.0000,0.0000,0.0000,0.0000
bl_sst2,bert,assemblyai/bert-large-uncased-sst2,value_proj,XW_v + b_v,4,8827568128,18,0.0000,62746755,0.7108,0,0.0000,0.0000,0.0003,0.0030,0.0297,0.2966,2.9651,28.6097,67.3849,0.7108,0.0000,0.0000,0.0000,0.0000
bl_sst2,bert,assemblyai/bert-large-uncased-sst2,value_proj,XW_v + b_v,5,8827568128,16,0.0000,84880511,0.9615,0,0.0000,0.0000,0.0004,0.0042,0.0418,0.4178,4.1741,38.6495,55.7506,0.9615,0.0000,0.0000,0.0000,0.0000
bl_sst2,bert,assemblyai/bert-large-uncased-sst2,value_proj,XW_v + b_v,6,8827568128,20,0.0000,117127813,1.3268,0,0.0000,0.0001,0.0005,0.0049,0.0489,0.4894,4.8881,43.5836,49.6576,1.3268,0.0000,0.0000,0.0000,0.0000
bl_sst2,bert,assemblyai/bert-large-uncased-sst2,value_proj,XW_v + b_v,7,8827568128,22,0.0000,143843266,1.6295,0,0.0000,0.0001,0.0005,0.0050,0.0495,0.4954,4.9485,44.6779,48.1937,1.6295,0.0000,0.0000,0.0000,0.0000
bl_sst2,bert,assemblyai/bert-large-uncased-sst2,value_proj,XW_v + b_v,8,8827568128,13,0.0000,99935188,1.1321,0,0.0000,0.0000,0.0003,0.0031,0.0311,0.3118,3.1158,29.8860,65.5197,1.1321,0.0000,0.0000,0.0000,0.0000
bl_sst2,bert,assemblyai/bert-large-uncased-sst2,value_proj,XW_v + b_v,9,8827568128,20,0.0000,152837323,1.7314,0,0.0000,0.0000,0.0003,0.0025,0.0254,0.2547,2.5460,24.8269,70.6128,1.7314,0.0000,0.0000,0.0000,0.0000
bl_sst2,bert,assemblyai/bert-large-uncased-sst2,value_proj,XW_v + b_v,10,8827568128,7,0.0000,184018675,2.0846,0,0.0000,0.0000,0.0002,0.0019,0.0193,0.1926,1.9260,18.9294,76.8459,2.0846,0.0000,0.0000,0.0000,0.0000
bl_sst2,bert,assemblyai/bert-large-uncased-sst2,value_proj,XW_v + b_v,11,8827568128,7,0.0000,1440598569,16.3193,0,0.0000,0.0000,0.0001,0.0011,0.0112,0.1115,1.1146,10.7768,71.6653,16.3193,0.0000,0.0000,0.0000,0.0000
bl_sst2,bert,assemblyai/bert-large-uncased-sst2,value_proj,XW_v + b_v,12,8827568128,5,0.0000,2584505171,29.2777,0,0.0000,0.0000,0.0001,0.0009,0.0086,0.0855,0.8519,7.7666,62.0088,29.2777,0.0000,0.0000,0.0000,0.0000
bl_sst2,bert,assemblyai/bert-large-uncased-sst2,value_proj,XW_v + b_v,13,8827568128,13,0.0000,714804715,8.0974,0,0.0000,0.0000,0.0001,0.0014,0.0139,0.1392,1.3890,13.0225,77.3364,8.0974,0.0000,0.0000,0.0000,0.0000
bl_sst2,bert,assemblyai/bert-large-uncased-sst2,value_proj,XW_v + b_v,14,8827568128,7,0.0000,906993481,10.2746,0,0.0000,0.0000,0.0001,0.0013,0.0135,0.1345,1.3428,12.6111,75.6221,10.2746,0.0000,0.0000,0.0000,0.0000
bl_sst2,bert,assemblyai/bert-large-uncased-sst2,value_proj,XW_v + b_v,15,8827568128,8,0.0000,1012943833,11.4748,0,0.0000,0.0000,0.0001,0.0013,0.0129,0.1290,1.2885,12.1914,74.9020,11.4748,0.0000,0.0000,0.0000,0.0000
bl_sst2,bert,assemblyai/bert-large-uncased-sst2,value_proj,XW_v + b_v,16,8827568128,15,0.0000,650068719,7.3641,0,0.0000,0.0000,0.0001,0.0014,0.0143,0.1428,1.4277,13.7387,77.3108,7.3641,0.0000,0.0000,0.0000,0.0000
bl_sst2,bert,assemblyai/bert-large-uncased-sst2,value_proj,XW_v + b_v,17,8827568128,11,0.0000,758659283,8.5942,0,0.0000,0.0000,0.0001,0.0014,0.0139,0.1387,1.3858,13.5599,76.3059,8.5942,0.0000,0.0000,0.0000,0.0000
bl_sst2,bert,assemblyai/bert-large-uncased-sst2,value_proj,XW_v + b_v,18,8827568128,16,0.0000,774452563,8.7731,0,0.0000,0.0000,0.0002,0.0020,0.0201,0.2012,2.0098,18.4854,70.5081,8.7731,0.0000,0.0000,0.0000,0.0000
bl_sst2,bert,assemblyai/bert-large-uncased-sst2,value_proj,XW_v + b_v,19,8827568128,18,0.0000,702947127,7.9631,0,0.0000,0.0000,0.0003,0.0034,0.0344,0.3444,3.4197,23.6205,64.6141,7.9631,0.0000,0.0000,0.0000,0.0000
bl_sst2,bert,assemblyai/bert-large-uncased-sst2,value_proj,XW_v + b_v,20,8827568128,17,0.0000,957148830,10.8427,0,0.0000,0.0000,0.0004,0.0041,0.0406,0.4052,4.0113,23.1563,61.5394,10.8427,0.0000,0.0000,0.0000,0.0000
bl_sst2,bert,assemblyai/bert-large-uncased-sst2,value_proj,XW_v + b_v,21,8827568128,22,0.0000,1120807038,12.6967,0,0.0000,0.0000,0.0003,0.0029,0.0296,0.2951,2.9369,22.4287,61.6097,12.6967,0.0000,0.0000,0.0000,0.0000
bl_sst2,bert,assemblyai/bert-large-uncased-sst2,value_proj,XW_v + b_v,22,8827568128,10,0.0000,892863518,10.1145,0,0.0000,0.0000,0.0003,0.0029,0.0291,0.2904,2.9009,24.0049,62.6570,10.1145,0.0000,0.0000,0.0000,0.0000
bl_sst2,bert,assemblyai/bert-large-uncased-sst2,value_proj,XW_v + b_v,23,8827568128,10,0.0000,1033269594,11.7050,0,0.0000,0.0000,0.0002,0.0020,0.0201,0.2016,2.0098,18.1781,67.8831,11.7050,0.0000,0.0000,0.0000,0.0000
bl_sst2,bert,assemblyai/bert-large-uncased-sst2,value_proj,XW_v + b_v,AGG,211861635072,304,0.0000,15522080211,7.3265,0,0.0000,0.0000,0.0002,0.0024,0.0246,0.2447,2.4446,21.7082,68.2487,7.3265,0.0000,0.0000,0.0000,0.0000
bl_sst2,bert,assemblyai/bert-large-uncased-sst2,qkt_raw,QKᵀ (raw),0,17655136256,0,0.0000,16422390346,93.0176,7447125062,42.1811,0.0000,0.0000,0.0001,0.0005,0.0058,0.0625,0.6330,6.2804,50.8366,42.1651,0.0160,0.0000,0.0000
bl_sst2,bert,assemblyai/bert-large-uncased-sst2,qkt_raw,QKᵀ (raw),1,17655136256,0,0.0000,17571252382,99.5249,16581761781,93.9203,0.0000,0.0000,0.0000,0.0000,0.0004,0.0043,0.0427,0.4277,5.6045,93.8971,0.0233,0.0000,0.0000
bl_sst2,bert,assemblyai/bert-large-uncased-sst2,qkt_raw,QKᵀ (raw),2,17655136256,0,0.0000,15907149943,90.0993,4563585291,25.8485,0.0000,0.0000,0.0001,0.0009,0.0089,0.0892,0.8924,8.9092,64.2508,25.8443,0.0042,0.0000,0.0000
bl_sst2,bert,assemblyai/bert-large-uncased-sst2,qkt_raw,QKᵀ (raw),3,17655136256,0,0.0000,17351658375,98.2811,12137058129,68.7452,0.0000,0.0000,0.0000,0.0002,0.0015,0.0154,0.1537,1.5481,29.5359,68.5383,0.2069,0.0000,0.0000
bl_sst2,bert,assemblyai/bert-large-uncased-sst2,qkt_raw,QKᵀ (raw),4,17655136256,0,0.0000,17156601451,97.1763,10467182892,59.2869,0.0000,0.0000,0.0000,0.0003,0.0025,0.0252,0.2519,2.5438,37.8894,59.2326,0.0543,0.0000,0.0000
bl_sst2,bert,assemblyai/bert-large-uncased-sst2,qkt_raw,QKᵀ (raw),5,17655136256,0,0.0000,17542899658,99.3643,16294295227,92.2921,0.0000,0.0000,0.0000,0.0001,0.0006,0.0057,0.0571,0.5723,7.0722,92.2921,0.0000,0.0000,0.0000
bl_sst2,bert,assemblyai/bert-large-uncased-sst2,qkt_raw,QKᵀ (raw),6,17655136256,0,0.0000,17481801273,99.0182,13098568581,74.1913,0.0000,0.0000,0.0000,0.0001,0.0009,0.0088,0.0875,0.8845,24.8270,74.1913,0.0000,0.0000,0.0000
bl_sst2,bert,assemblyai/bert-large-uncased-sst2,qkt_raw,QKᵀ (raw),7,17655136256,0,0.0000,17050257038,96.5739,3001219502,16.9991,0.0000,0.0000,0.0000,0.0003,0.0030,0.0299,0.2987,3.0942,79.5748,16.9991,0.0000,0.0000,0.0000
bl_sst2,bert,assemblyai/bert-large-uncased-sst2,qkt_raw,QKᵀ (raw),8,17655136256,0,0.0000,16863257244,95.5147,5268558637,29.8415,0.0000,0.0000,0.0000,0.0004,0.0039,0.0392,0.3924,4.0492,65.6732,29.8415,0.0000,0.0000,0.0000
bl_sst2,bert,assemblyai/bert-large-uncased-sst2,qkt_raw,QKᵀ (raw),9,17655136256,0,0.0000,17453210337,98.8563,15599661644,88.3576,0.0000,0.0000,0.0000,0.0001,0.0010,0.0103,0.1030,1.0293,10.4986,87.5313,0.8264,0.0000,0.0000
bl_sst2,bert,assemblyai/bert-large-uncased-sst2,qkt_raw,QKᵀ (raw),10,17655136256,0,0.0000,17078201580,96.7322,12769918780,72.3298,0.0000,0.0000,0.0000,0.0003,0.0029,0.0295,0.2947,2.9403,24.4024,71.8669,0.4629,0.0000,0.0000
bl_sst2,bert,assemblyai/bert-large-uncased-sst2,qkt_raw,QKᵀ (raw),11,17655136256,0,0.0000,17219111527,97.5303,12876034885,72.9308,0.0000,0.0000,0.0000,0.0002,0.0022,0.0222,0.2218,2.2232,24.5995,69.8662,3.0646,0.0000,0.0000
bl_sst2,bert,assemblyai/bert-large-uncased-sst2,qkt_raw,QKᵀ (raw),12,17655136256,0,0.0000,17150132270,97.1396,11974359623,67.8237,0.0000,0.0000,0.0000,0.0003,0.0026,0.0256,0.2562,2.5758,29.3160,67.8227,0.0009,0.0000,0.0000
bl_sst2,bert,assemblyai/bert-large-uncased-sst2,qkt_raw,QKᵀ (raw),13,17655136256,0,0.0000,17500457376,99.1239,16056543788,90.9455,0.0000,0.0000,0.0000,0.0001,0.0008,0.0079,0.0788,0.7885,8.1784,90.9324,0.0131,0.0000,0.0000
bl_sst2,bert,assemblyai/bert-large-uncased-sst2,qkt_raw,QKᵀ (raw),14,17655136256,0,0.0000,17305590409,98.0201,13539388538,76.6881,0.0000,0.0000,0.0000,0.0002,0.0018,0.0178,0.1777,1.7824,21.3320,76.6878,0.0003,0.0000,0.0000
bl_sst2,bert,assemblyai/bert-large-uncased-sst2,qkt_raw,QKᵀ (raw),15,17655136256,0,0.0000,16648197894,94.2966,9002984039,50.9936,0.0000,0.0000,0.0001,0.0005,0.0051,0.0514,0.5141,5.1322,43.3031,50.9936,0.0000,0.0000,0.0000
bl_sst2,bert,assemblyai/bert-large-uncased-sst2,qkt_raw,QKᵀ (raw),16,17655136256,0,0.0000,17074533504,96.7114,11663501856,66.0629,0.0000,0.0000,0.0000,0.0003,0.0030,0.0296,0.2961,2.9596,30.6485,66.0629,0.0000,0.0000,0.0000
bl_sst2,bert,assemblyai/bert-large-uncased-sst2,qkt_raw,QKᵀ (raw),17,17655136256,0,0.0000,17288204716,97.9217,13668305816,77.4183,0.0000,0.0000,0.0000,0.0002,0.0019,0.0187,0.1867,1.8709,20.5034,75.5698,1.8485,0.0000,0.0000
bl_sst2,bert,assemblyai/bert-large-uncased-sst2,qkt_raw,QKᵀ (raw),18,17655136256,0,0.0000,16983437450,96.1954,10814424650,61.2537,0.0000,0.0000,0.0000,0.0003,0.0034,0.0342,0.3423,3.4242,34.9417,61.2512,0.0025,0.0000,0.0000
bl_sst2,bert,assemblyai/bert-large-uncased-sst2,qkt_raw,QKᵀ (raw),19,17655136256,0,0.0000,16718466785,94.6946,9101146871,51.5496,0.0000,0.0000,0.0000,0.0005,0.0048,0.0478,0.4779,4.7744,43.1451,51.5496,0.0000,0.0000,0.0000
bl_sst2,bert,assemblyai/bert-large-uncased-sst2,qkt_raw,QKᵀ (raw),20,17655136256,0,0.0000,16984641624,96.2023,11231680318,63.6171,0.0000,0.0000,0.0000,0.0003,0.0034,0.0342,0.3420,3.4178,32.5852,63.6164,0.0007,0.0000,0.0000
bl_sst2,bert,assemblyai/bert-large-uncased-sst2,qkt_raw,QKᵀ (raw),21,17655136256,0,0.0000,17205381470,97.4526,11293639207,63.9680,0.0000,0.0000,0.0000,0.0002,0.0023,0.0231,0.2301,2.2918,33.4845,62.4161,1.5520,0.0000,0.0000
bl_sst2,bert,assemblyai/bert-large-uncased-sst2,qkt_raw,QKᵀ (raw),22,17655136256,0,0.0000,16918326474,95.8267,8930105858,50.5808,0.0000,0.0000,0.0000,0.0004,0.0041,0.0412,0.4125,3.7150,45.2459,50.3983,0.1825,0.0000,0.0000
bl_sst2,bert,assemblyai/bert-large-uncased-sst2,qkt_raw,QKᵀ (raw),23,17655136256,0,0.0000,16115003845,91.2766,10957195995,62.0624,0.0000,0.0000,0.0001,0.0010,0.0097,0.0973,1.0080,7.6073,29.2142,61.3611,0.7013,0.0000,0.0000
bl_sst2,bert,assemblyai/bert-large-uncased-sst2,qkt_raw,QKᵀ (raw),AGG,423723270144,0,0.0000,408990164971,96.5229,268338246970,63.3287,0.0000,0.0000,0.0000,0.0003,0.0032,0.0321,0.3230,3.1184,33.1943,62.9553,0.3733,0.0000,0.0000
bl_sst2,bert,assemblyai/bert-large-uncased-sst2,attn_scores,QKᵀ/√dₖ + mask,0,17655136256,0,0.0000,16522442854,93.5843,15819071474,89.6004,0.0000,0.0000,0.0001,0.0007,0.0071,0.0669,0.6722,5.6688,3.9839,0.0061,0.0000,0.0000,89.5943
bl_sst2,bert,assemblyai/bert-large-uncased-sst2,attn_scores,QKᵀ/√dₖ + mask,1,17655136256,0,0.0000,17200155643,97.4230,15818149562,89.5952,0.0000,0.0000,0.0000,0.0002,0.0021,0.0210,0.2102,2.3435,7.8278,0.0008,0.0000,0.0000,89.5943
bl_sst2,bert,assemblyai/bert-large-uncased-sst2,attn_scores,QKᵀ/√dₖ + mask,2,17655136256,0,0.0000,16877555336,95.5957,15818859966,89.5992,0.0000,0.0000,0.0000,0.0004,0.0039,0.0392,0.3923,3.9684,5.9965,0.0049,0.0000,0.0000,89.5943
bl_sst2,bert,assemblyai/bert-large-uncased-sst2,attn_scores,QKᵀ/√dₖ + mask,3,17655136256,0,0.0000,16768308738,94.9769,15828248844,89.6524,0.0000,0.0000,0.0001,0.0005,0.0052,0.0519,0.5189,4.4464,5.3246,0.0580,0.0000,0.0000,89.5943
bl_sst2,bert,assemblyai/bert-large-uncased-sst2,attn_scores,QKᵀ/√dₖ + mask,4,17655136256,0,0.0000,16669264361,94.4159,15818066866,89.5947,0.0000,0.0000,0.0001,0.0006,0.0055,0.0551,0.5505,4.9723,4.8212,0.0004,0.0000,0.0000,89.5943
bl_sst2,bert,assemblyai/bert-large-uncased-sst2,attn_scores,QKᵀ/√dₖ + mask,5,17655136256,0,0.0000,16843029331,95.4002,15818022989,89.5945,0.0000,0.0000,0.0000,0.0004,0.0040,0.0402,0.4026,4.1525,5.8057,0.0001,0.0000,0.0000,89.5943
bl_sst2,bert,assemblyai/bert-large-uncased-sst2,attn_scores,QKᵀ/√dₖ + mask,6,17655136256,0,0.0000,17212940880,97.4954,15818039910,89.5946,0.0000,0.0000,0.0000,0.0002,0.0017,0.0170,0.1711,2.3146,7.9008,0.0002,0.0000,0.0000,89.5943
bl_sst2,bert,assemblyai/bert-large-uncased-sst2,attn_scores,QKᵀ/√dₖ + mask,7,17655136256,0,0.0000,17392821751,98.5142,15818023398,89.5945,0.0000,0.0000,0.0000,0.0001,0.0012,0.0118,0.1174,1.3553,8.9198,0.0001,0.0000,0.0000,89.5943
bl_sst2,bert,assemblyai/bert-large-uncased-sst2,attn_scores,QKᵀ/√dₖ + mask,8,17655136256,0,0.0000,17411628247,98.6208,15818136160,89.5951,0.0000,0.0000,0.0000,0.0001,0.0006,0.0065,0.0654,1.3067,9.0257,0.0008,0.0000,0.0000,89.5943
bl_sst2,bert,assemblyai/bert-large-uncased-sst2,attn_scores,QKᵀ/√dₖ + mask,9,17655136256,0,0.0000,16683275357,94.4953,15856238768,89.8109,0.0000,0.0000,0.0001,0.0006,0.0059,0.0593,0.5921,4.8467,4.6844,0.2166,0.0000,0.0000,89.5943
bl_sst2,bert,assemblyai/bert-large-uncased-sst2,attn_scores,QKᵀ/√dₖ + mask,10,17655136256,0,0.0000,17078094392,96.7316,15854844499,89.8030,0.0000,0.0000,0.0000,0.0003,0.0032,0.0318,0.3180,2.9150,6.9286,0.2087,0.0000,0.0000,89.5943
bl_sst2,bert,assemblyai/bert-large-uncased-sst2,attn_scores,QKᵀ/√dₖ + mask,11,17655136256,0,0.0000,16929014464,95.8872,15842856320,89.7351,0.0000,0.0000,0.0000,0.0004,0.0039,0.0387,0.3864,3.6835,6.1521,0.1408,0.0000,0.0000,89.5943
bl_sst2,bert,assemblyai/bert-large-uncased-sst2,attn_scores,QKᵀ/√dₖ + mask,12,17655136256,0,0.0000,16862437848,95.5101,15819271263,89.6015,0.0000,0.0000,0.0000,0.0004,0.0042,0.0424,0.4238,4.0189,5.9086,0.0072,0.0000,0.0000,89.5943
bl_sst2,bert,assemblyai/bert-large-uncased-sst2,attn_scores,QKᵀ/√dₖ + mask,13,17655136256,0,0.0000,16879736123,95.6081,15830108729,89.6629,0.0000,0.0000,0.0000,0.0004,0.0043,0.0428,0.4275,3.9169,5.9452,0.0686,0.0000,0.0000,89.5943
bl_sst2,bert,assemblyai/bert-large-uncased-sst2,attn_scores,QKᵀ/√dₖ + mask,14,17655136256,0,0.0000,16799450943,95.1533,15824764198,89.6326,0.0000,0.0000,0.0000,0.0005,0.0048,0.0481,0.4809,4.3123,5.5207,0.0383,0.0000,0.0000,89.5943
bl_sst2,bert,assemblyai/bert-large-uncased-sst2,attn_scores,QKᵀ/√dₖ + mask,15,17655136256,0,0.0000,16606020115,94.0577,15818010555,89.5944,0.0000,0.0000,0.0001,0.0006,0.0062,0.0615,0.6138,5.2602,4.4633,0.0001,0.0000,0.0000,89.5943
bl_sst2,bert,assemblyai/bert-large-uncased-sst2,attn_scores,QKᵀ/√dₖ + mask,16,17655136256,0,0.0000,17070821416,96.6904,15820249287,89.6071,0.0000,0.0000,0.0000,0.0003,0.0030,0.0297,0.2971,2.9795,7.0833,0.0127,0.0000,0.0000,89.5943
bl_sst2,bert,assemblyai/bert-large-uncased-sst2,attn_scores,QKᵀ/√dₖ + mask,17,17655136256,0,0.0000,17127002077,97.0086,15825166477,89.6349,0.0000,0.0000,0.0000,0.0003,0.0028,0.0276,0.2761,2.6846,7.3737,0.0406,0.0000,0.0000,89.5943
bl_sst2,bert,assemblyai/bert-large-uncased-sst2,attn_scores,QKᵀ/√dₖ + mask,18,17655136256,0,0.0000,16813353719,95.2321,15818061418,89.5947,0.0000,0.0000,0.0000,0.0004,0.0045,0.0447,0.4464,4.2719,5.6374,0.0003,0.0000,0.0000,89.5943
bl_sst2,bert,assemblyai/bert-large-uncased-sst2,attn_scores,QKᵀ/√dₖ + mask,19,17655136256,0,0.0000,17035685779,96.4914,15818017098,89.5944,0.0000,0.0000,0.0000,0.0003,0.0032,0.0320,0.3197,3.1534,6.8970,0.0001,0.0000,0.0000,89.5943
bl_sst2,bert,assemblyai/bert-large-uncased-sst2,attn_scores,QKᵀ/√dₖ + mask,20,17655136256,0,0.0000,17115738306,96.9448,15818211047,89.5955,0.0000,0.0000,0.0000,0.0003,0.0028,0.0278,0.2784,2.7459,7.3493,0.0012,0.0000,0.0000,89.5943
bl_sst2,bert,assemblyai/bert-large-uncased-sst2,attn_scores,QKᵀ/√dₖ + mask,21,17655136256,0,0.0000,17291305362,97.9392,15847013572,89.7587,0.0000,0.0000,0.0000,0.0001,0.0014,0.0144,0.1442,1.9005,8.1806,0.1643,0.0000,0.0000,89.5943
bl_sst2,bert,assemblyai/bert-large-uncased-sst2,attn_scores,QKᵀ/√dₖ + mask,22,17655136256,0,0.0000,17191919150,97.3763,15833315151,89.6811,0.0000,0.0000,0.0000,0.0002,0.0021,0.0206,0.2028,2.3980,7.6952,0.0867,0.0000,0.0000,89.5943
bl_sst2,bert,assemblyai/bert-large-uncased-sst2,attn_scores,QKᵀ/√dₖ + mask,23,17655136256,0,0.0000,17256568298,97.7425,15887886040,89.9902,0.0000,0.0000,0.0000,0.0003,0.0030,0.0299,0.2803,1.9440,7.7523,0.3958,0.0000,0.0000,89.5943
bl_sst2,bert,assemblyai/bert-large-uncased-sst2,attn_scores,QKᵀ/√dₖ + mask,AGG,423723270144,0,0.0000,407638570490,96.2040,379888633591,89.6549,0.0000,0.0000,0.0000,0.0004,0.0036,0.0359,0.3578,3.3983,6.5491,0.0606,0.0000,0.0000,89.5943
bl_sst2,bert,assemblyai/bert-large-uncased-sst2,attn_probs,Softmax(scores),0,17655136256,15818000384,89.5943,0,0.0000,0,0.0000,0.0274,0.0779,0.1247,0.1630,0.2203,1.8368,6.3406,1.6149,0.0000,0.0000,0.0000,0.0000,0.0000
bl_sst2,bert,assemblyai/bert-large-uncased-sst2,attn_probs,Softmax(scores),1,17655136256,15818000384,89.5943,0,0.0000,0,0.0000,0.0012,0.0112,0.0680,0.2807,1.2556,4.4638,3.0563,1.2689,0.0000,0.0000,0.0000,0.0000,0.0000
bl_sst2,bert,assemblyai/bert-large-uncased-sst2,attn_probs,Softmax(scores),2,17655136256,15818000384,89.5943,0,0.0000,0,0.0000,0.0064,0.0123,0.0357,0.1127,0.4525,3.2056,5.0832,1.4973,0.0000,0.0000,0.0000,0.0000,0.0000
bl_sst2,bert,assemblyai/bert-large-uncased-sst2,attn_probs,Softmax(scores),3,17655136256,15818000384,89.5943,0,0.0000,0,0.0000,0.1469,0.0622,0.0810,0.1366,0.4506,3.3142,4.6804,1.5337,0.0000,0.0000,0.0000,0.0000,0.0000
bl_sst2,bert,assemblyai/bert-large-uncased-sst2,attn_probs,Softmax(scores),4,17655136256,15818000384,89.5943,0,0.0000,0,0.0000,0.0015,0.0063,0.0243,0.0905,0.3992,2.9907,5.2126,1.6807,0.0000,0.0000,0.0000,0.0000,0.0000
bl_sst2,bert,assemblyai/bert-large-uncased-sst2,attn_probs,Softmax(scores),5,17655136256,15818000384,89.5943,0,0.0000,0,0.0000,0.0001,0.0009,0.0061,0.0421,0.3652,4.6900,3.7088,1.5924,0.0000,0.0000,0.0000,0.0000,0.0000
bl_sst2,bert,assemblyai/bert-large-uncased-sst2,attn_probs,Softmax(scores),6,17655136256,15818000384,89.5943,0,0.0000,0,0.0000,0.0001,0.0006,0.0048,0.0314,0.2544,4.1382,4.3355,1.6406,0.0000,0.0000,0.0000,0.0000,0.0000
bl_sst2,bert,assemblyai/bert-large-uncased-sst2,attn_probs,Softmax(scores),7,17655136256,15818000384,89.5943,0,0.0000,0,0.0000,0.0000,0.0001,0.0015,0.0244,0.2324,4.1047,4.4101,1.6324,0.0000,0.0000,0.0000,0.0000,0.0000
bl_sst2,bert,assemblyai/bert-large-uncased-sst2,attn_probs,Softmax(scores),8,17655136256,15818000384,89.5943,0,0.0000,0,0.0000,0.0019,0.0064,0.0267,0.1013,0.5424,4.7566,3.4328,1.5376,0.0000,0.0000,0.0000,0.0000,0.0000
bl_sst2,bert,assemblyai/bert-large-uncased-sst2,attn_probs,Softmax(scores),9,17655136256,15818000384,89.5943,0,0.0000,0,0.0000,0.4109,0.0568,0.0603,0.1408,0.5951,3.6831,3.9111,1.5476,0.0000,0.0000,0.0000,0.0000,0.0000
bl_sst2,bert,assemblyai/bert-large-uncased-sst2,attn_probs,Softmax(scores),10,17655136256,15818000384,89.5943,0,0.0000,0,0.0000,0.3598,0.2566,0.3960,0.6469,0.9723,2.0717,4.1599,1.5425,0.0000,0.0000,0.0000,0.0000,0.0000
bl_sst2,bert,assemblyai/bert-large-uncased-sst2,attn_probs,Softmax(scores),11,17655136256,15818000384,89.5943,0,0.0000,0,0.0000,0.0534,0.0823,0.1801,0.3532,0.9652,2.7626,4.1214,1.8875,0.0000,0.0000,0.0000,0.0000,0.0000
bl_sst2,bert,assemblyai/bert-large-uncased-sst2,attn_probs,Softmax(scores),12,17655136256,15818000384,89.5943,0,0.0000,0,0.0000,0.0097,0.0275,0.0773,0.2819,0.9064,2.6903,4.4823,1.9303,0.0000,0.0000,0.0000,0.0000,0.0000
bl_sst2,bert,assemblyai/bert-large-uncased-sst2,attn_probs,Softmax(scores),13,17655136256,15818000384,89.5943,0,0.0000,0,0.0000,0.0934,0.2066,0.4553,1.3113,3.3161,3.0234,1.0958,0.9037,0.0000,0.0000,0.0000,0.0000,0.0000
bl_sst2,bert,assemblyai/bert-large-uncased-sst2,attn_probs,Softmax(scores),14,17655136256,15818000384,89.5943,0,0.0000,0,0.0000,0.0385,0.0483,0.1648,0.5820,1.7409,3.7821,2.9213,1.1278,0.0000,0.0000,0.0000,0.0000,0.0000
bl_sst2,bert,assemblyai/bert-large-uncased-sst2,attn_probs,Softmax(scores),15,17655136256,15818000384,89.5943,0,0.0000,0,0.0000,0.0001,0.0008,0.0101,0.0939,0.6385,2.5978,5.3027,1.7618,0.0000,0.0000,0.0000,0.0000,0.0000
bl_sst2,bert,assemblyai/bert-large-uncased-sst2,attn_probs,Softmax(scores),16,17655136256,15818000384,89.5943,0,0.0000,0,0.0000,0.0000,0.0003,0.0060,0.0881,0.5243,2.2548,5.5341,1.9981,0.0000,0.0000,0.0000,0.0000,0.0000
bl_sst2,bert,assemblyai/bert-large-uncased-sst2,attn_probs,Softmax(scores),17,17655136256,15818000384,89.5943,0,0.0000,0,0.0000,0.0014,0.0063,0.0324,0.1376,0.5312,2.4584,5.2623,1.9761,0.0000,0.0000,0.0000,0.0000,0.0000
bl_sst2,bert,assemblyai/bert-large-uncased-sst2,attn_probs,Softmax(scores),18,17655136256,15818000384,89.5943,0,0.0000,0,0.0000,0.0000,0.0007,0.0088,0.0720,0.4888,2.8809,4.9092,2.0451,0.0000,0.0000,0.0000,0.0000,0.0000
bl_sst2,bert,assemblyai/bert-large-uncased-sst2,attn_probs,Softmax(scores),19,17655136256,15818000384,89.5943,0,0.0000,0,0.0000,0.0001,0.0007,0.0072,0.0629,0.6435,3.3975,4.2972,1.9966,0.0000,0.0000,0.0000,0.0000,0.0000
bl_sst2,bert,assemblyai/bert-large-uncased-sst2,attn_probs,Softmax(scores),20,17655136256,15818000384,89.5943,0,0.0000,0,0.0000,0.0013,0.0023,0.0183,0.1587,1.0981,3.5481,3.5866,1.9924,0.0000,0.0000,0.0000,0.0000,0.0000
bl_sst2,bert,assemblyai/bert-large-uncased-sst2,attn_probs,Softmax(scores),21,17655136256,15818000384,89.5943,0,0.0000,0,0.0000,0.0305,0.0225,0.0303,0.0674,0.3547,2.0135,5.6742,2.2126,0.0000,0.0000,0.0000,0.0000,0.0000
bl_sst2,bert,assemblyai/bert-large-uncased-sst2,attn_probs,Softmax(scores),22,17655136256,15818000384,89.5943,0,0.0000,0,0.0000,0.0002,0.0038,0.0326,0.0537,0.2125,1.6941,6.1309,2.2777,0.0000,0.0000,0.0000,0.0000,0.0000
bl_sst2,bert,assemblyai/bert-large-uncased-sst2,attn_probs,Softmax(scores),23,17655136256,15818000384,89.5943,0,0.0000,0,0.0000,0.0000,0.0004,0.0035,0.0286,0.2481,1.5009,6.3834,2.2406,0.0000,0.0000,0.0000,0.0000,0.0000
bl_sst2,bert,assemblyai/bert-large-uncased-sst2,attn_probs,Softmax(scores),AGG,423723270144,379632009216,89.5943,0,0.0000,0,0.0000,0.0494,0.0373,0.0773,0.2109,0.7254,3.0775,4.5014,1.7266,0.0000,0.0000,0.0000,0.0000,0.0000
bl_sst2,bert,assemblyai/bert-large-uncased-sst2,attn_context,Softmax × V,0,8827568128,0,0.0000,3856163,0.0437,0,0.0000,0.0001,0.0005,0.0050,0.0501,0.5005,5.0188,46.3218,48.0596,0.0437,0.0000,0.0000,0.0000,0.0000
bl_sst2,bert,assemblyai/bert-large-uncased-sst2,attn_context,Softmax × V,1,8827568128,0,0.0000,38877893,0.4404,0,0.0000,0.0001,0.0006,0.0064,0.0641,0.6407,6.3938,52.6923,39.7616,0.4404,0.0000,0.0000,0.0000,0.0000
bl_sst2,bert,assemblyai/bert-large-uncased-sst2,attn_context,Softmax × V,2,8827568128,0,0.0000,9763154,0.1106,0,0.0000,0.0001,0.0006,0.0059,0.0589,0.5887,5.8784,50.6929,42.6639,0.1106,0.0000,0.0000,0.0000,0.0000
bl_sst2,bert,assemblyai/bert-large-uncased-sst2,attn_context,Softmax × V,3,8827568128,0,0.0000,12929114,0.1465,0,0.0000,0.0001,0.0007,0.0069,0.0689,0.6890,6.8757,56.9849,35.2274,0.1465,0.0000,0.0000,0.0000,0.0000
bl_sst2,bert,assemblyai/bert-large-uncased-sst2,attn_context,Softmax × V,4,8827568128,0,0.0000,4702601,0.0533,0,0.0000,0.0001,0.0007,0.0067,0.0666,0.6665,6.6499,56.0629,36.4934,0.0533,0.0000,0.0000,0.0000,0.0000
bl_sst2,bert,assemblyai/bert-large-uncased-sst2,attn_context,Softmax × V,5,8827568128,0,0.0000,1304836,0.0148,0,0.0000,0.0001,0.0008,0.0083,0.0833,0.8322,8.2981,64.5400,26.2225,0.0148,0.0000,0.0000,0.0000,0.0000
bl_sst2,bert,assemblyai/bert-large-uncased-sst2,attn_context,Softmax × V,6,8827568128,0,0.0000,1704045,0.0193,0,0.0000,0.0001,0.0008,0.0078,0.0785,0.7847,7.8292,62.2800,28.9996,0.0193,0.0000,0.0000,0.0000,0.0000
bl_sst2,bert,assemblyai/bert-large-uncased-sst2,attn_context,Softmax × V,7,8827568128,0,0.0000,2651766,0.0300,0,0.0000,0.0001,0.0006,0.0060,0.0597,0.5972,5.9657,52.6970,40.6437,0.0300,0.0000,0.0000,0.0000,0.0000
bl_sst2,bert,assemblyai/bert-large-uncased-sst2,attn_context,Softmax × V,8,8827568128,0,0.0000,2223888,0.0252,0,0.0000,0.0001,0.0005,0.0052,0.0525,0.5243,5.2375,47.5229,46.6318,0.0252,0.0000,0.0000,0.0000,0.0000
bl_sst2,bert,assemblyai/bert-large-uncased-sst2,attn_context,Softmax × V,9,8827568128,0,0.0000,29069093,0.3293,0,0.0000,0.0001,0.0004,0.0045,0.0451,0.4509,4.5032,40.9807,53.6857,0.3293,0.0000,0.0000,0.0000,0.0000
bl_sst2,bert,assemblyai/bert-large-uncased-sst2,attn_context,Softmax × V,10,8827568128,0,0.0000,43194987,0.4893,0,0.0000,0.0001,0.0005,0.0050,0.0497,0.4956,4.9448,41.6498,52.3653,0.4893,0.0000,0.0000,0.0000,0.0000
bl_sst2,bert,assemblyai/bert-large-uncased-sst2,attn_context,Softmax × V,11,8827568128,0,0.0000,267350313,3.0286,0,0.0000,0.0000,0.0003,0.0033,0.0329,0.3290,3.3124,28.5477,64.7457,3.0286,0.0000,0.0000,0.0000,0.0000
bl_sst2,bert,assemblyai/bert-large-uncased-sst2,attn_context,Softmax × V,12,8827568128,0,0.0000,294583748,3.3371,0,0.0000,0.0000,0.0003,0.0031,0.0313,0.3133,3.1221,25.9821,67.2106,3.3371,0.0000,0.0000,0.0000,0.0000
bl_sst2,bert,assemblyai/bert-large-uncased-sst2,attn_context,Softmax × V,13,8827568128,0,0.0000,13166815,0.1492,0,0.0000,0.0002,0.0016,0.0158,0.1580,1.5790,15.5470,71.0697,11.4796,0.1492,0.0000,0.0000,0.0000,0.0000
bl_sst2,bert,assemblyai/bert-large-uncased-sst2,attn_context,Softmax × V,14,8827568128,0,0.0000,34362722,0.3893,0,0.0000,0.0001,0.0010,0.0102,0.1015,1.0140,10.0200,60.5919,27.8721,0.3893,0.0000,0.0000,0.0000,0.0000
bl_sst2,bert,assemblyai/bert-large-uncased-sst2,attn_context,Softmax × V,15,8827568128,0,0.0000,86527614,0.9802,0,0.0000,0.0001,0.0005,0.0052,0.0522,0.5213,5.1900,38.8241,54.4265,0.9802,0.0000,0.0000,0.0000,0.0000
bl_sst2,bert,assemblyai/bert-large-uncased-sst2,attn_context,Softmax × V,16,8827568128,0,0.0000,104796801,1.1872,0,0.0000,0.0000,0.0004,0.0037,0.0370,0.3706,3.7022,31.7849,62.9140,1.1872,0.0000,0.0000,0.0000,0.0000
bl_sst2,bert,assemblyai/bert-large-uncased-sst2,attn_context,Softmax × V,17,8827568128,0,0.0000,158302670,1.7933,0,0.0000,0.0000,0.0003,0.0030,0.0301,0.3007,3.0031,27.6823,67.1873,1.7933,0.0000,0.0000,0.0000,0.0000
bl_sst2,bert,assemblyai/bert-large-uncased-sst2,attn_context,Softmax × V,18,8827568128,0,0.0000,132766497,1.5040,0,0.0000,0.0000,0.0003,0.0033,0.0332,0.3323,3.3190,29.9664,64.8414,1.5040,0.0000,0.0000,0.0000,0.0000
bl_sst2,bert,assemblyai/bert-large-uncased-sst2,attn_context,Softmax × V,19,8827568128,0,0.0000,215056894,2.4362,0,0.0000,0.0000,0.0004,0.0037,0.0375,0.3743,3.7326,30.0625,63.3528,2.4362,0.0000,0.0000,0.0000,0.0000
bl_sst2,bert,assemblyai/bert-large-uncased-sst2,attn_context,Softmax × V,20,8827568128,0,0.0000,468513204,5.3074,0,0.0000,0.0001,0.0005,0.0047,0.0473,0.4745,4.7197,30.7465,58.6994,5.3074,0.0000,0.0000,0.0000,0.0000
bl_sst2,bert,assemblyai/bert-large-uncased-sst2,attn_context,Softmax × V,21,8827568128,0,0.0000,674591746,7.6419,0,0.0000,0.0000,0.0002,0.0025,0.0248,0.2481,2.4782,22.5582,67.0461,7.6419,0.0000,0.0000,0.0000,0.0000
bl_sst2,bert,assemblyai/bert-large-uncased-sst2,attn_context,Softmax × V,22,8827568128,0,0.0000,510263289,5.7803,0,0.0000,0.0000,0.0002,0.0022,0.0220,0.2199,2.2013,20.8930,70.8811,5.7803,0.0000,0.0000,0.0000,0.0000
bl_sst2,bert,assemblyai/bert-large-uncased-sst2,attn_context,Softmax × V,23,8827568128,0,0.0000,788348163,8.9305,0,0.0000,0.0000,0.0002,0.0017,0.0174,0.1744,1.7440,16.7609,72.3708,8.9305,0.0000,0.0000,0.0000,0.0000
bl_sst2,bert,assemblyai/bert-large-uncased-sst2,attn_context,Softmax × V,AGG,211861635072,0,0.0000,3898908016,1.8403,0,0.0000,0.0001,0.0005,0.0054,0.0543,0.5426,5.4036,41.9956,50.1576,1.8403,0.0000,0.0000,0.0000,0.0000
bl_sst2,bert,assemblyai/bert-large-uncased-sst2,attn_output,Attn × Wₒ,0,8827568128,39,0.0000,21006524,0.2380,39856,0.0005,0.0000,0.0004,0.0044,0.0440,0.4402,4.3995,40.7279,54.1455,0.2375,0.0005,0.0000,0.0000,0.0000
bl_sst2,bert,assemblyai/bert-large-uncased-sst2,attn_output,Attn × Wₒ,1,8827568128,17,0.0000,8579106,0.0972,24354,0.0003,0.0000,0.0004,0.0044,0.0445,0.4449,4.4448,40.9304,54.0333,0.0969,0.0003,0.0000,0.0000,0.0000
bl_sst2,bert,assemblyai/bert-large-uncased-sst2,attn_output,Attn × Wₒ,2,8827568128,39,0.0000,5600894,0.0634,0,0.0000,0.0001,0.0005,0.0054,0.0535,0.5352,5.3459,47.8010,46.1949,0.0634,0.0000,0.0000,0.0000,0.0000
bl_sst2,bert,assemblyai/bert-large-uncased-sst2,attn_output,Attn × Wₒ,3,8827568128,92,0.0000,902652,0.0102,0,0.0000,0.0001,0.0007,0.0065,0.0651,0.6506,6.4949,55.2761,37.4959,0.0102,0.0000,0.0000,0.0000,0.0000
bl_sst2,bert,assemblyai/bert-large-uncased-sst2,attn_output,Attn × Wₒ,4,8827568128,28,0.0000,212735,0.0024,0,0.0000,0.0001,0.0007,0.0066,0.0658,0.6578,6.5660,56.0002,36.7005,0.0024,0.0000,0.0000,0.0000,0.0000
bl_sst2,bert,assemblyai/bert-large-uncased-sst2,attn_output,Attn × Wₒ,5,8827568128,33,0.0000,51118,0.0006,0,0.0000,0.0001,0.0009,0.0087,0.0869,0.8691,8.6697,66.9099,23.4541,0.0006,0.0000,0.0000,0.0000,0.0000
bl_sst2,bert,assemblyai/bert-large-uncased-sst2,attn_output,Attn × Wₒ,6,8827568128,61,0.0000,122248,0.0014,0,0.0000,0.0001,0.0008,0.0079,0.0785,0.7853,7.8352,63.4569,27.8340,0.0014,0.0000,0.0000,0.0000,0.0000
bl_sst2,bert,assemblyai/bert-large-uncased-sst2,attn_output,Attn × Wₒ,7,8827568128,33,0.0000,415969,0.0047,0,0.0000,0.0001,0.0006,0.0057,0.0568,0.5677,5.6675,49.9087,43.7882,0.0047,0.0000,0.0000,0.0000,0.0000
bl_sst2,bert,assemblyai/bert-large-uncased-sst2,attn_output,Attn × Wₒ,8,8827568128,23,0.0000,1011690,0.0115,0,0.0000,0.0001,0.0005,0.0052,0.0516,0.5159,5.1558,47.4380,46.8215,0.0115,0.0000,0.0000,0.0000,0.0000
bl_sst2,bert,assemblyai/bert-large-uncased-sst2,attn_output,Attn × Wₒ,9,8827568128,70,0.0000,7239134,0.0820,0,0.0000,0.0000,0.0005,0.0045,0.0450,0.4503,4.5004,41.8545,53.0627,0.0820,0.0000,0.0000,0.0000,0.0000
bl_sst2,bert,assemblyai/bert-large-uncased-sst2,attn_output,Attn × Wₒ,10,8827568128,58,0.0000,2003973,0.0227,0,0.0000,0.0000,0.0004,0.0039,0.0383,0.3830,3.8287,36.1789,59.5440,0.0227,0.0000,0.0000,0.0000,0.0000
bl_sst2,bert,assemblyai/bert-large-uncased-sst2,attn_output,Attn × Wₒ,11,8827568128,45,0.0000,168159988,1.9049,0,0.0000,0.0000,0.0002,0.0023,0.0230,0.2298,2.2972,21.8872,73.6553,1.9049,0.0000,0.0000,0.0000,0.0000
bl_sst2,bert,assemblyai/bert-large-uncased-sst2,attn_output,Attn × Wₒ,12,8827568128,19,0.0000,198464141,2.2482,0,0.0000,0.0000,0.0002,0.0022,0.0219,0.2195,2.1922,20.8244,74.4913,2.2482,0.0000,0.0000,0.0000,0.0000
bl_sst2,bert,assemblyai/bert-large-uncased-sst2,attn_output,Attn × Wₒ,13,8827568128,83,0.0000,14973216,0.1696,0,0.0000,0.0001,0.0011,0.0111,0.1105,1.1056,10.9931,68.2363,19.3726,0.1696,0.0000,0.0000,0.0000,0.0000
bl_sst2,bert,assemblyai/bert-large-uncased-sst2,attn_output,Attn × Wₒ,14,8827568128,48,0.0000,5532852,0.0627,0,0.0000,0.0001,0.0006,0.0061,0.0613,0.6134,6.1190,49.7810,43.3558,0.0627,0.0000,0.0000,0.0000,0.0000
bl_sst2,bert,assemblyai/bert-large-uncased-sst2,attn_output,Attn × Wₒ,15,8827568128,15,0.0000,17016878,0.1928,0,0.0000,0.0000,0.0003,0.0032,0.0320,0.3196,3.1940,30.0391,66.2190,0.1928,0.0000,0.0000,0.0000,0.0000
bl_sst2,bert,assemblyai/bert-large-uncased-sst2,attn_output,Attn × Wₒ,16,8827568128,21,0.0000,44512855,0.5042,0,0.0000,0.0000,0.0003,0.0025,0.0253,0.2525,2.5230,24.2496,72.4426,0.5042,0.0000,0.0000,0.0000,0.0000
bl_sst2,bert,assemblyai/bert-large-uncased-sst2,attn_output,Attn × Wₒ,17,8827568128,25,0.0000,55484408,0.6285,0,0.0000,0.0000,0.0003,0.0025,0.0252,0.2520,2.5196,24.3684,72.2034,0.6285,0.0000,0.0000,0.0000,0.0000
bl_sst2,bert,assemblyai/bert-large-uncased-sst2,attn_output,Attn × Wₒ,18,8827568128,24,0.0000,65761329,0.7450,0,0.0000,0.0000,0.0003,0.0030,0.0296,0.2957,2.9547,27.9191,68.0527,0.7450,0.0000,0.0000,0.0000,0.0000
bl_sst2,bert,assemblyai/bert-large-uncased-sst2,attn_output,Attn × Wₒ,19,8827568128,31,0.0000,137552081,1.5582,0,0.0000,0.0000,0.0003,0.0030,0.0305,0.3049,3.0442,27.5190,67.5398,1.5582,0.0000,0.0000,0.0000,0.0000
bl_sst2,bert,assemblyai/bert-large-uncased-sst2,attn_output,Attn × Wₒ,20,8827568128,23,0.0000,492519196,5.5793,0,0.0000,0.0000,0.0003,0.0031,0.0308,0.3092,3.0839,24.8909,66.1024,5.5793,0.0000,0.0000,0.0000,0.0000
bl_sst2,bert,assemblyai/bert-large-uncased-sst2,attn_output,Attn × Wₒ,21,8827568128,10,0.0000,506162351,5.7339,0,0.0000,0.0000,0.0002,0.0017,0.0171,0.1706,1.7043,16.7865,75.5857,5.7339,0.0000,0.0000,0.0000,0.0000
bl_sst2,bert,assemblyai/bert-large-uncased-sst2,attn_output,Attn × Wₒ,22,8827568128,5,0.0000,534515966,6.0551,0,0.0000,0.0000,0.0002,0.0019,0.0187,0.1866,1.8634,18.2648,73.6094,6.0551,0.0000,0.0000,0.0000,0.0000
bl_sst2,bert,assemblyai/bert-large-uncased-sst2,attn_output,Attn × Wₒ,23,8827568128,4,0.0000,1418417778,16.0680,0,0.0000,0.0000,0.0001,0.0013,0.0127,0.1270,1.2677,12.4962,70.0269,16.0680,0.0000,0.0000,0.0000,0.0000
bl_sst2,bert,assemblyai/bert-large-uncased-sst2,attn_output,Attn × Wₒ,AGG,211861635072,846,0.0000,3706219082,1.7494,64210,0.0000,0.0000,0.0004,0.0045,0.0445,0.4453,4.4444,38.0727,55.2388,1.7493,0.0000,0.0000,0.0000,0.0000
bl_sst2,bert,assemblyai/bert-large-uncased-sst2,post_attn_ln,Post-Attn sub-block,0,8827568128,0,0.0000,2716323587,30.7709,3138671,0.0356,0.0000,0.0001,0.0007,0.0074,0.0738,0.7387,7.3741,61.0342,30.7354,0.0352,0.0004,0.0000,0.0000
bl_sst2,bert,assemblyai/bert-large-uncased-sst2,post_attn_ln,Post-Attn sub-block,1,8827568128,0,0.0000,2383733175,27.0033,8610155,0.0975,0.0000,0.0001,0.0008,0.0082,0.0818,0.8183,8.1597,63.9279,26.9057,0.0975,0.0000,0.0000,0.0000
bl_sst2,bert,assemblyai/bert-large-uncased-sst2,post_attn_ln,Post-Attn sub-block,2,8827568128,0,0.0000,1683242673,19.0680,8620406,0.0977,0.0000,0.0001,0.0010,0.0099,0.0994,0.9937,9.8943,69.9336,18.9704,0.0977,0.0000,0.0000,0.0000
bl_sst2,bert,assemblyai/bert-large-uncased-sst2,post_attn_ln,Post-Attn sub-block,3,8827568128,0,0.0000,1233499904,13.9733,8620657,0.0977,0.0000,0.0001,0.0011,0.0110,0.1101,1.1005,10.9522,73.8518,13.8756,0.0977,0.0000,0.0000,0.0000
bl_sst2,bert,assemblyai/bert-large-uncased-sst2,post_attn_ln,Post-Attn sub-block,4,8827568128,0,0.0000,1434203037,16.2469,12352217,0.1399,0.0000,0.0001,0.0010,0.0101,0.1013,1.0130,10.0939,72.5337,16.1069,0.1399,0.0000,0.0000,0.0000
bl_sst2,bert,assemblyai/bert-large-uncased-sst2,post_attn_ln,Post-Attn sub-block,5,8827568128,0,0.0000,1145581572,12.9773,16536739,0.1873,0.0000,0.0001,0.0011,0.0113,0.1125,1.1244,11.1915,74.5819,12.7900,0.1873,0.0000,0.0000,0.0000
bl_sst2,bert,assemblyai/bert-large-uncased-sst2,post_attn_ln,Post-Attn sub-block,6,8827568128,0,0.0000,1154885555,13.0827,24554031,0.2782,0.0000,0.0001,0.0011,0.0115,0.1150,1.1500,11.4367,74.2029,12.8046,0.2782,0.0000,0.0000,0.0000
bl_sst2,bert,assemblyai/bert-large-uncased-sst2,post_attn_ln,Post-Attn sub-block,7,8827568128,0,0.0000,1038499672,11.7643,16502324,0.1869,0.0000,0.0001,0.0012,0.0118,0.1179,1.1787,11.7186,75.2075,11.5773,0.1869,0.0000,0.0000,0.0000
bl_sst2,bert,assemblyai/bert-large-uncased-sst2,post_attn_ln,Post-Attn sub-block,8,8827568128,0,0.0000,1009736326,11.4384,8687903,0.0984,0.0000,0.0001,0.0012,0.0120,0.1206,1.2057,11.9861,75.2359,11.3400,0.0984,0.0000,0.0000,0.0000
bl_sst2,bert,assemblyai/bert-large-uncased-sst2,post_attn_ln,Post-Attn sub-block,9,8827568128,0,0.0000,954132004,10.8085,8688005,0.0984,0.0000,0.0001,0.0012,0.0121,0.1206,1.2066,11.9953,75.8555,10.7101,0.0984,0.0000,0.0000,0.0000
bl_sst2,bert,assemblyai/bert-large-uncased-sst2,post_attn_ln,Post-Attn sub-block,10,8827568128,0,0.0000,958064001,10.8531,8688021,0.0984,0.0000,0.0001,0.0012,0.0119,0.1191,1.1911,11.8458,75.9777,10.7547,0.0984,0.0000,0.0000,0.0000
bl_sst2,bert,assemblyai/bert-large-uncased-sst2,post_attn_ln,Post-Attn sub-block,11,8827568128,0,0.0000,1539237643,17.4367,10955750,0.1241,0.0000,0.0001,0.0010,0.0100,0.1003,1.0031,9.9785,71.4702,17.3126,0.1241,0.0000,0.0000,0.0000
bl_sst2,bert,assemblyai/bert-large-uncased-sst2,post_attn_ln,Post-Attn sub-block,12,8827568128,0,0.0000,1705777283,19.3233,8688075,0.0984,0.0000,0.0001,0.0010,0.0098,0.0979,0.9791,9.7309,69.8579,19.2249,0.0984,0.0000,0.0000,0.0000
bl_sst2,bert,assemblyai/bert-large-uncased-sst2,post_attn_ln,Post-Attn sub-block,13,8827568128,0,0.0000,1635180675,18.5236,8748807,0.0991,0.0000,0.0001,0.0010,0.0099,0.0986,0.9855,9.7851,70.5963,18.4245,0.0991,0.0000,0.0000,0.0000
bl_sst2,bert,assemblyai/bert-large-uncased-sst2,post_attn_ln,Post-Attn sub-block,14,8827568128,0,0.0000,1768973582,20.0392,16286429,0.1845,0.0000,0.0001,0.0010,0.0098,0.0976,0.9761,9.6940,69.1823,19.8547,0.1845,0.0000,0.0000,0.0000
bl_sst2,bert,assemblyai/bert-large-uncased-sst2,post_attn_ln,Post-Attn sub-block,15,8827568128,0,0.0000,1941755884,21.9965,14918419,0.1690,0.0000,0.0001,0.0009,0.0093,0.0935,0.9351,9.2947,67.6698,21.8275,0.1690,0.0000,0.0000,0.0000
bl_sst2,bert,assemblyai/bert-large-uncased-sst2,post_attn_ln,Post-Attn sub-block,16,8827568128,0,0.0000,1804864352,20.4458,8693906,0.0985,0.0000,0.0001,0.0009,0.0093,0.0935,0.9350,9.3100,69.2054,20.3473,0.0985,0.0000,0.0000,0.0000
bl_sst2,bert,assemblyai/bert-large-uncased-sst2,post_attn_ln,Post-Attn sub-block,17,8827568128,0,0.0000,1782365582,20.1909,8644932,0.0979,0.0000,0.0001,0.0009,0.0094,0.0934,0.9332,9.2989,69.4733,20.0930,0.0979,0.0000,0.0000,0.0000
bl_sst2,bert,assemblyai/bert-large-uncased-sst2,post_attn_ln,Post-Attn sub-block,18,8827568128,0,0.0000,1511855029,17.1265,12542586,0.1421,0.0000,0.0001,0.0010,0.0103,0.1033,1.0323,10.2806,71.4458,16.9844,0.1421,0.0000,0.0000,0.0000
bl_sst2,bert,assemblyai/bert-large-uncased-sst2,post_attn_ln,Post-Attn sub-block,19,8827568128,0,0.0000,1454277264,16.4743,12758730,0.1445,0.0000,0.0001,0.0011,0.0114,0.1144,1.1436,11.3431,70.9119,16.3297,0.1445,0.0000,0.0000,0.0000
bl_sst2,bert,assemblyai/bert-large-uncased-sst2,post_attn_ln,Post-Attn sub-block,20,8827568128,0,0.0000,1379212858,15.6239,11090222,0.1256,0.0000,0.0001,0.0013,0.0128,0.1282,1.2821,12.6367,70.3148,15.4983,0.1256,0.0000,0.0000,0.0000
bl_sst2,bert,assemblyai/bert-large-uncased-sst2,post_attn_ln,Post-Attn sub-block,21,8827568128,0,0.0000,1446694856,16.3884,12180057,0.1380,0.0000,0.0001,0.0010,0.0102,0.1015,1.0145,10.0996,72.3847,16.2504,0.1380,0.0000,0.0000,0.0000
bl_sst2,bert,assemblyai/bert-large-uncased-sst2,post_attn_ln,Post-Attn sub-block,22,8827568128,0,0.0000,1480845346,16.7752,10512233,0.1191,0.0000,0.0001,0.0010,0.0101,0.1011,1.0117,10.0726,72.0280,16.6562,0.1191,0.0000,0.0000,0.0000
bl_sst2,bert,assemblyai/bert-large-uncased-sst2,post_attn_ln,Post-Attn sub-block,23,8827568128,0,0.0000,1638582809,18.5621,7630977,0.0864,0.0000,0.0001,0.0010,0.0098,0.0982,0.9832,9.7966,70.5489,18.4757,0.0864,0.0000,0.0000,0.0000
bl_sst2,bert,assemblyai/bert-large-uncased-sst2,post_attn_ln,Post-Attn sub-block,AGG,211861635072,0,0.0000,36801524669,17.3705,268650252,0.1268,0.0000,0.0001,0.0010,0.0104,0.1039,1.0390,10.3321,71.1430,17.2437,0.1268,0.0000,0.0000,0.0000
bl_sst2,bert,assemblyai/bert-large-uncased-sst2,gelu_input,FFN1 (GELU in),0,35310272512,8,0.0000,31118754722,88.1295,50171291,0.1421,0.0000,0.0000,0.0001,0.0011,0.0105,0.1052,1.0521,10.7015,87.9874,0.1421,0.0000,0.0000,0.0000
bl_sst2,bert,assemblyai/bert-large-uncased-sst2,gelu_input,FFN1 (GELU in),1,35310272512,3,0.0000,32371227505,91.6765,8169261,0.0231,0.0000,0.0000,0.0001,0.0006,0.0064,0.0637,0.6381,7.6146,91.6534,0.0231,0.0000,0.0000,0.0000
bl_sst2,bert,assemblyai/bert-large-uncased-sst2,gelu_input,FFN1 (GELU in),2,35310272512,4,0.0000,32757365013,92.7701,1372352,0.0039,0.0000,0.0000,0.0001,0.0006,0.0059,0.0591,0.5910,6.5733,92.7662,0.0039,0.0000,0.0000,0.0000
bl_sst2,bert,assemblyai/bert-large-uncased-sst2,gelu_input,FFN1 (GELU in),3,35310272512,5,0.0000,33097773405,93.7341,3490,0.0000,0.0000,0.0000,0.0000,0.0004,0.0043,0.0426,0.4281,5.7905,93.7341,0.0000,0.0000,0.0000,0.0000
bl_sst2,bert,assemblyai/bert-large-uncased-sst2,gelu_input,FFN1 (GELU in),4,35310272512,6,0.0000,31664606938,89.6753,3248375,0.0092,0.0000,0.0000,0.0001,0.0007,0.0070,0.0697,0.6997,9.5476,89.6661,0.0092,0.0000,0.0000,0.0000
bl_sst2,bert,assemblyai/bert-large-uncased-sst2,gelu_input,FFN1 (GELU in),5,35310272512,4,0.0000,31576228318,89.4250,4415,0.0000,0.0000,0.0000,0.0001,0.0008,0.0080,0.0804,0.8059,9.6798,89.4250,0.0000,0.0000,0.0000,0.0000
bl_sst2,bert,assemblyai/bert-large-uncased-sst2,gelu_input,FFN1 (GELU in),6,35310272512,2,0.0000,32766746725,92.7966,5711,0.0000,0.0000,0.0000,0.0000,0.0005,0.0048,0.0485,0.4870,6.6625,92.7966,0.0000,0.0000,0.0000,0.0000
bl_sst2,bert,assemblyai/bert-large-uncased-sst2,gelu_input,FFN1 (GELU in),7,35310272512,3,0.0000,34007597418,96.3108,1205325,0.0034,0.0000,0.0000,0.0000,0.0002,0.0023,0.0232,0.2327,3.4307,96.3074,0.0034,0.0000,0.0000,0.0000
bl_sst2,bert,assemblyai/bert-large-uncased-sst2,gelu_input,FFN1 (GELU in),8,35310272512,5,0.0000,31782914294,90.0104,512867,0.0015,0.0000,0.0000,0.0001,0.0006,0.0059,0.0588,0.5912,9.3330,90.0089,0.0015,0.0000,0.0000,0.0000
bl_sst2,bert,assemblyai/bert-large-uncased-sst2,gelu_input,FFN1 (GELU in),9,35310272512,22,0.0000,23508843867,66.5779,660922,0.0019,0.0000,0.0000,0.0002,0.0025,0.0245,0.2453,2.4603,30.6892,66.5760,0.0019,0.0000,0.0000,0.0000
bl_sst2,bert,assemblyai/bert-large-uncased-sst2,gelu_input,FFN1 (GELU in),10,35310272512,57,0.0000,19020994416,53.8682,587459,0.0017,0.0000,0.0000,0.0004,0.0039,0.0395,0.3943,3.9477,41.7460,53.8665,0.0017,0.0000,0.0000,0.0000
bl_sst2,bert,assemblyai/bert-large-uncased-sst2,gelu_input,FFN1 (GELU in),11,35310272512,31,0.0000,18679277782,52.9004,868555,0.0025,0.0000,0.0000,0.0005,0.0045,0.0450,0.4495,4.4917,42.1084,52.8979,0.0025,0.0000,0.0000,0.0000
bl_sst2,bert,assemblyai/bert-large-uncased-sst2,gelu_input,FFN1 (GELU in),12,35310272512,24,0.0000,25833150501,73.1604,9418516,0.0267,0.0000,0.0000,0.0002,0.0023,0.0234,0.2338,2.3386,24.2412,73.1338,0.0267,0.0000,0.0000,0.0000
bl_sst2,bert,assemblyai/bert-large-uncased-sst2,gelu_input,FFN1 (GELU in),13,35310272512,10,0.0000,26840876238,76.0144,13859023,0.0392,0.0000,0.0000,0.0002,0.0016,0.0162,0.1616,1.6232,22.1828,75.9751,0.0392,0.0000,0.0000,0.0000
bl_sst2,bert,assemblyai/bert-large-uncased-sst2,gelu_input,FFN1 (GELU in),14,35310272512,22,0.0000,24338383416,68.9272,7660806,0.0217,0.0000,0.0000,0.0002,0.0023,0.0226,0.2257,2.2645,28.5575,68.9055,0.0217,0.0000,0.0000,0.0000
bl_sst2,bert,assemblyai/bert-large-uncased-sst2,gelu_input,FFN1 (GELU in),15,35310272512,30,0.0000,21813963036,61.7780,7307409,0.0207,0.0000,0.0000,0.0003,0.0032,0.0316,0.3163,3.1669,34.7038,61.7573,0.0207,0.0000,0.0000,0.0000
bl_sst2,bert,assemblyai/bert-large-uncased-sst2,gelu_input,FFN1 (GELU in),16,35310272512,61,0.0000,16273499915,46.0872,14556268,0.0412,0.0000,0.0001,0.0005,0.0052,0.0525,0.5250,5.2451,48.0843,46.0459,0.0412,0.0000,0.0000,0.0000
bl_sst2,bert,assemblyai/bert-large-uncased-sst2,gelu_input,FFN1 (GELU in),17,35310272512,49,0.0000,15888561310,44.9970,11379117,0.0322,0.0000,0.0001,0.0005,0.0052,0.0524,0.5241,5.2379,49.1827,44.9648,0.0322,0.0000,0.0000,0.0000
bl_sst2,bert,assemblyai/bert-large-uncased-sst2,gelu_input,FFN1 (GELU in),18,35310272512,17,0.0000,26601811728,75.3373,20718110,0.0587,0.0000,0.0000,0.0002,0.0018,0.0182,0.1817,1.8216,22.6392,75.2786,0.0587,0.0000,0.0000,0.0000
bl_sst2,bert,assemblyai/bert-large-uncased-sst2,gelu_input,FFN1 (GELU in),19,35310272512,17,0.0000,26458163716,74.9305,6525022,0.0185,0.0000,0.0000,0.0002,0.0019,0.0186,0.1859,1.8643,22.9986,74.9120,0.0185,0.0000,0.0000,0.0000
bl_sst2,bert,assemblyai/bert-large-uncased-sst2,gelu_input,FFN1 (GELU in),20,35310272512,30,0.0000,23205337929,65.7184,6715913,0.0190,0.0000,0.0000,0.0002,0.0025,0.0250,0.2500,2.5094,31.4944,65.6994,0.0190,0.0000,0.0000,0.0000
bl_sst2,bert,assemblyai/bert-large-uncased-sst2,gelu_input,FFN1 (GELU in),21,35310272512,32,0.0000,22648112158,64.1403,16441960,0.0466,0.0000,0.0000,0.0003,0.0028,0.0281,0.2806,2.8125,32.7355,64.0937,0.0382,0.0083,0.0000,0.0000
bl_sst2,bert,assemblyai/bert-large-uncased-sst2,gelu_input,FFN1 (GELU in),22,35310272512,29,0.0000,23797036572,67.3941,8499541,0.0241,0.0000,0.0000,0.0003,0.0025,0.0253,0.2536,2.5431,29.7810,67.3700,0.0235,0.0006,0.0000,0.0000
bl_sst2,bert,assemblyai/bert-large-uncased-sst2,gelu_input,FFN1 (GELU in),23,35310272512,14,0.0000,27637496790,78.2704,9004807,0.0255,0.0000,0.0000,0.0001,0.0015,0.0147,0.1468,1.4740,20.0925,78.2449,0.0255,0.0000,0.0000,0.0000
bl_sst2,bert,assemblyai/bert-large-uncased-sst2,gelu_input,FFN1 (GELU in),AGG,847446540288,485,0.0000,633688723712,74.7762,198896515,0.0235,0.0000,0.0000,0.0002,0.0021,0.0205,0.2052,2.0553,22.9404,74.7528,0.0231,0.0004,0.0000,0.0000
bl_sst2,bert,assemblyai/bert-large-uncased-sst2,gelu_output,GELU output,0,35310272512,5912861379,16.7454,592909718,1.6791,222036,0.0006,0.0000,6.2468,7.4014,9.0786,11.2318,13.6686,19.0162,14.9320,1.6785,0.0006,0.0000,0.0000,0.0000
bl_sst2,bert,assemblyai/bert-large-uncased-sst2,gelu_output,GELU output,1,35310272512,2179785724,6.1732,161554983,0.4575,1112501,0.0032,0.0000,4.4907,6.8832,10.3626,14.6911,19.0691,25.0248,12.8477,0.4544,0.0032,0.0000,0.0000,0.0000
bl_sst2,bert,assemblyai/bert-large-uncased-sst2,gelu_output,GELU output,2,35310272512,824631387,2.3354,104638946,0.2963,15,0.0000,0.0000,2.8259,5.4593,10.2340,17.2102,24.3481,26.2070,11.0838,0.2963,0.0000,0.0000,0.0000,0.0000
bl_sst2,bert,assemblyai/bert-large-uncased-sst2,gelu_output,GELU output,3,35310272512,133470714,0.3780,74874439,0.2120,12,0.0000,0.0000,0.8350,2.4802,6.5722,15.5801,29.0965,33.8436,11.0025,0.2120,0.0000,0.0000,0.0000,0.0000
bl_sst2,bert,assemblyai/bert-large-uncased-sst2,gelu_output,GELU output,4,35310272512,73005289,0.2068,79539659,0.2253,3247272,0.0092,0.0000,0.4044,1.2874,3.9677,10.9091,25.0591,40.2153,17.7249,0.2161,0.0092,0.0000,0.0000,0.0000
bl_sst2,bert,assemblyai/bert-large-uncased-sst2,gelu_output,GELU output,5,35310272512,69783434,0.1976,122499563,0.3469,124,0.0000,0.0000,0.4870,1.4305,3.8955,10.5111,25.0947,40.7602,17.2764,0.3469,0.0000,0.0000,0.0000,0.0000
bl_sst2,bert,assemblyai/bert-large-uncased-sst2,gelu_output,GELU output,6,35310272512,261192071,0.7397,178918126,0.5067,29,0.0000,0.0000,1.1867,2.6927,6.2035,13.6725,26.1959,35.7731,13.0293,0.5067,0.0000,0.0000,0.0000,0.0000
bl_sst2,bert,assemblyai/bert-large-uncased-sst2,gelu_output,GELU output,7,35310272512,287465015,0.8141,53273669,0.1509,66445,0.0002,0.0000,1.2398,3.3309,8.8640,19.4739,30.7324,28.2475,7.1465,0.1507,0.0002,0.0000,0.0000,0.0000
bl_sst2,bert,assemblyai/bert-large-uncased-sst2,gelu_output,GELU output,8,35310272512,82690665,0.2342,74547729,0.2111,1119,0.0000,0.0000,0.1743,0.4268,1.4290,5.9918,21.8607,49.7786,19.8936,0.2111,0.0000,0.0000,0.0000,0.0000
bl_sst2,bert,assemblyai/bert-large-uncased-sst2,gelu_output,GELU output,9,35310272512,74885779,0.2121,185912030,0.5265,62121,0.0002,0.0000,0.1176,0.2243,0.4939,1.4177,6.1856,40.6462,50.1761,0.5263,0.0002,0.0000,0.0000,0.0000
bl_sst2,bert,assemblyai/bert-large-uncased-sst2,gelu_output,GELU output,10,35310272512,38512701,0.1091,241444334,0.6838,67335,0.0002,0.0000,0.0768,0.1526,0.3857,1.1590,4.8625,34.9033,57.6674,0.6836,0.0002,0.0000,0.0000,0.0000
bl_sst2,bert,assemblyai/bert-large-uncased-sst2,gelu_output,GELU output,11,35310272512,31953853,0.0905,12042202647,34.1040,67535,0.0002,0.0000,0.0621,0.1273,0.2981,0.8464,2.9665,15.8357,45.6693,34.1038,0.0002,0.0000,0.0000,0.0000
bl_sst2,bert,assemblyai/bert-large-uncased-sst2,gelu_output,GELU output,12,35310272512,508491548,1.4401,619046372,1.7532,31828,0.0001,0.0000,0.9253,1.6677,3.1139,6.2459,13.8006,36.2451,34.8083,1.7531,0.0001,0.0000,0.0000,0.0000
bl_sst2,bert,assemblyai/bert-large-uncased-sst2,gelu_output,GELU output,13,35310272512,69494626,0.1968,104171209,0.2950,62707,0.0002,0.0000,0.1003,0.2639,0.8076,2.7644,11.1892,45.3584,39.0244,0.2948,0.0002,0.0000,0.0000,0.0000
bl_sst2,bert,assemblyai/bert-large-uncased-sst2,gelu_output,GELU output,14,35310272512,24304302,0.0688,141557636,0.4009,6397,0.0000,0.0000,0.0691,0.1633,0.5132,1.9473,8.4141,42.2867,46.1366,0.4009,0.0000,0.0000,0.0000,0.0000
bl_sst2,bert,assemblyai/bert-large-uncased-sst2,gelu_output,GELU output,15,35310272512,13733030,0.0389,299245534,0.8475,7173701,0.0203,0.0000,0.0520,0.1320,0.3851,1.4326,6.7754,39.3937,50.9429,0.8272,0.0203,0.0000,0.0000,0.0000
bl_sst2,bert,assemblyai/bert-large-uncased-sst2,gelu_output,GELU output,16,35310272512,20183361,0.0572,1217550845,3.4481,7231690,0.0205,0.0000,0.0412,0.0734,0.1978,0.8109,4.4190,31.9541,58.9982,3.4277,0.0205,0.0000,0.0000,0.0000
bl_sst2,bert,assemblyai/bert-large-uncased-sst2,gelu_output,GELU output,17,35310272512,21068640,0.0597,949169402,2.6881,3662787,0.0104,0.0000,0.0105,0.0265,0.1067,0.5413,3.4840,31.5881,61.4951,2.6777,0.0104,0.0000,0.0000,0.0000
bl_sst2,bert,assemblyai/bert-large-uncased-sst2,gelu_output,GELU output,18,35310272512,37247430,0.1055,109121284,0.3090,3529668,0.0100,0.0000,0.0730,0.2279,0.7851,3.0113,12.0839,45.3218,38.0825,0.2990,0.0100,0.0000,0.0000,0.0000
bl_sst2,bert,assemblyai/bert-large-uncased-sst2,gelu_output,GELU output,19,35310272512,328895933,0.9314,126836967,0.3592,2764920,0.0078,0.0000,0.6227,0.9798,1.7700,3.9211,12.0203,41.5749,37.8206,0.3514,0.0078,0.0000,0.0000,0.0000
bl_sst2,bert,assemblyai/bert-large-uncased-sst2,gelu_output,GELU output,20,35310272512,46107195,0.1306,266297302,0.7542,200244,0.0006,0.0000,0.1192,0.2322,0.5565,1.7638,7.8721,40.5448,48.0267,0.7536,0.0006,0.0000,0.0000,0.0000
bl_sst2,bert,assemblyai/bert-large-uncased-sst2,gelu_output,GELU output,21,35310272512,19241862,0.0545,422905728,1.1977,2816829,0.0080,0.0000,0.0045,0.0155,0.0975,0.8019,6.2478,41.4795,50.1011,1.1897,0.0080,0.0000,0.0000,0.0000
bl_sst2,bert,assemblyai/bert-large-uncased-sst2,gelu_output,GELU output,22,35310272512,8762094,0.0248,499993981,1.4160,60,0.0000,0.0000,0.0040,0.0296,0.1912,1.1865,7.5861,43.1890,46.3727,1.4160,0.0000,0.0000,0.0000,0.0000
bl_sst2,bert,assemblyai/bert-large-uncased-sst2,gelu_output,GELU output,23,35310272512,32743090,0.0927,125866233,0.3565,0,0.0000,0.0000,0.0633,0.1798,0.6495,2.7149,12.0770,47.5854,36.2809,0.3565,0.0000,0.0000,0.0000,0.0000
bl_sst2,bert,assemblyai/bert-large-uncased-sst2,gelu_output,GELU output,AGG,847446540288,11100511122,1.3099,18794078336,2.2177,32327375,0.0038,0.0000,0.8430,1.4953,2.9566,6.2432,13.9629,36.5322,34.4391,2.2139,0.0038,0.0000,0.0000,0.0000
bl_sst2,bert,assemblyai/bert-large-uncased-sst2,ffn2_output,FFN2 output,0,8827568128,58,0.0000,2453228410,27.7905,37826786,0.4285,0.0000,0.0001,0.0009,0.0091,0.0911,0.9108,9.0420,62.1554,27.3620,0.4282,0.0003,0.0000,0.0000
bl_sst2,bert,assemblyai/bert-large-uncased-sst2,ffn2_output,FFN2 output,1,8827568128,96,0.0000,603154171,6.8326,7778254,0.0881,0.0000,0.0001,0.0015,0.0146,0.1465,1.4652,14.5097,77.0298,6.7445,0.0881,0.0000,0.0000,0.0000
bl_sst2,bert,assemblyai/bert-large-uncased-sst2,ffn2_output,FFN2 output,2,8827568128,90,0.0000,52853332,0.5987,264263,0.0030,0.0000,0.0003,0.0028,0.0281,0.2813,2.8121,27.1984,69.0783,0.5957,0.0030,0.0000,0.0000,0.0000
bl_sst2,bert,assemblyai/bert-large-uncased-sst2,ffn2_output,FFN2 output,3,8827568128,116,0.0000,34998350,0.3965,0,0.0000,0.0000,0.0003,0.0031,0.0315,0.3146,3.1450,30.2102,65.8987,0.3965,0.0000,0.0000,0.0000,0.0000
bl_sst2,bert,assemblyai/bert-large-uncased-sst2,ffn2_output,FFN2 output,4,8827568128,89,0.0000,38718125,0.4386,15744813,0.1784,0.0000,0.0003,0.0033,0.0329,0.3288,3.2860,31.5341,64.3759,0.2602,0.1784,0.0000,0.0000,0.0000
bl_sst2,bert,assemblyai/bert-large-uncased-sst2,ffn2_output,FFN2 output,5,8827568128,106,0.0000,70676542,0.8006,15524455,0.1759,0.0000,0.0003,0.0027,0.0267,0.2670,2.6696,25.9392,70.2939,0.6248,0.1759,0.0000,0.0000,0.0000
bl_sst2,bert,assemblyai/bert-large-uncased-sst2,ffn2_output,FFN2 output,6,8827568128,100,0.0000,84792788,0.9605,15616703,0.1769,0.0000,0.0002,0.0025,0.0247,0.2471,2.4699,24.0963,72.1986,0.7836,0.1769,0.0000,0.0000,0.0000
bl_sst2,bert,assemblyai/bert-large-uncased-sst2,ffn2_output,FFN2 output,7,8827568128,79,0.0000,18277039,0.2070,3245176,0.0368,0.0000,0.0004,0.0037,0.0368,0.3685,3.6820,34.9319,60.7696,0.1703,0.0368,0.0000,0.0000,0.0000
bl_sst2,bert,assemblyai/bert-large-uncased-sst2,ffn2_output,FFN2 output,8,8827568128,97,0.0000,34661294,0.3926,67349,0.0008,0.0000,0.0003,0.0028,0.0276,0.2761,2.7611,26.7435,69.7959,0.3919,0.0008,0.0000,0.0000,0.0000
bl_sst2,bert,assemblyai/bert-large-uncased-sst2,ffn2_output,FFN2 output,9,8827568128,80,0.0000,555805638,6.2962,67555,0.0008,0.0000,0.0002,0.0015,0.0152,0.1515,1.5146,14.9668,77.0540,6.2955,0.0008,0.0000,0.0000,0.0000
bl_sst2,bert,assemblyai/bert-large-uncased-sst2,ffn2_output,FFN2 output,10,8827568128,46,0.0000,2463326821,27.9049,4961476,0.0562,0.0000,0.0001,0.0009,0.0092,0.0922,0.9218,9.1071,61.9637,27.8487,0.0562,0.0000,0.0000,0.0000
bl_sst2,bert,assemblyai/bert-large-uncased-sst2,ffn2_output,FFN2 output,11,8827568128,79,0.0000,6586318538,74.6108,713174588,8.0789,0.0000,0.0000,0.0004,0.0038,0.0380,0.3796,3.6581,21.3093,66.5318,8.0301,0.0489,0.0000,0.0000
bl_sst2,bert,assemblyai/bert-large-uncased-sst2,ffn2_output,FFN2 output,12,8827568128,77,0.0000,1440938047,16.3232,332404,0.0038,0.0000,0.0001,0.0011,0.0113,0.1127,1.1272,11.1262,71.2982,16.3194,0.0038,0.0000,0.0000,0.0000
bl_sst2,bert,assemblyai/bert-large-uncased-sst2,ffn2_output,FFN2 output,13,8827568128,101,0.0000,259308829,2.9375,468127,0.0053,0.0000,0.0002,0.0019,0.0192,0.1921,1.9204,18.8845,76.0442,2.9322,0.0053,0.0000,0.0000,0.0000
bl_sst2,bert,assemblyai/bert-large-uncased-sst2,ffn2_output,FFN2 output,14,8827568128,91,0.0000,119497620,1.3537,250733,0.0028,0.0000,0.0002,0.0022,0.0219,0.2190,2.1902,21.4207,74.7921,1.3508,0.0028,0.0000,0.0000,0.0000
bl_sst2,bert,assemblyai/bert-large-uncased-sst2,ffn2_output,FFN2 output,15,8827568128,68,0.0000,1941539328,21.9940,12968923,0.1469,0.0000,0.0001,0.0010,0.0103,0.1028,1.0284,10.1582,66.7051,21.8471,0.1469,0.0000,0.0000,0.0000
bl_sst2,bert,assemblyai/bert-large-uncased-sst2,ffn2_output,FFN2 output,16,8827568128,106,0.0000,2851503099,32.3022,7382930,0.0836,0.0000,0.0001,0.0009,0.0089,0.0892,0.8919,8.7944,57.9122,32.2186,0.0836,0.0000,0.0000,0.0000
bl_sst2,bert,assemblyai/bert-large-uncased-sst2,ffn2_output,FFN2 output,17,8827568128,81,0.0000,1692913692,19.1776,13081752,0.1482,0.0000,0.0001,0.0010,0.0104,0.1037,1.0363,10.3015,69.3694,19.0294,0.1265,0.0217,0.0000,0.0000
bl_sst2,bert,assemblyai/bert-large-uncased-sst2,ffn2_output,FFN2 output,18,8827568128,96,0.0000,48305233,0.5472,4693210,0.0532,0.0000,0.0002,0.0024,0.0240,0.2404,2.4032,23.4837,73.2988,0.4940,0.0355,0.0177,0.0000,0.0000
bl_sst2,bert,assemblyai/bert-large-uncased-sst2,ffn2_output,FFN2 output,19,8827568128,104,0.0000,87121561,0.9869,5120923,0.0580,0.0000,0.0003,0.0027,0.0265,0.2652,2.6517,25.6079,70.4589,0.9289,0.0416,0.0165,0.0000,0.0000
bl_sst2,bert,assemblyai/bert-large-uncased-sst2,ffn2_output,FFN2 output,20,8827568128,117,0.0000,431839943,4.8919,11210446,0.1270,0.0000,0.0002,0.0024,0.0245,0.2448,2.4469,23.4912,68.8980,4.7650,0.1223,0.0047,0.0000,0.0000
bl_sst2,bert,assemblyai/bert-large-uncased-sst2,ffn2_output,FFN2 output,21,8827568128,121,0.0000,484690298,5.4906,14622365,0.1656,0.0000,0.0002,0.0021,0.0211,0.2112,2.1094,20.5109,71.6544,5.3250,0.1128,0.0529,0.0000,0.0000
bl_sst2,bert,assemblyai/bert-large-uncased-sst2,ffn2_output,FFN2 output,22,8827568128,125,0.0000,438229407,4.9643,12670086,0.1435,0.0000,0.0002,0.0024,0.0245,0.2451,2.4525,23.5785,68.7322,4.8208,0.1160,0.0276,0.0000,0.0000
bl_sst2,bert,assemblyai/bert-large-uncased-sst2,ffn2_output,FFN2 output,23,8827568128,102,0.0000,78987001,0.8948,0,0.0000,0.0000,0.0003,0.0034,0.0344,0.3434,3.4355,32.2041,63.0840,0.8948,0.0000,0.0000,0.0000,0.0000
bl_sst2,bert,assemblyai/bert-large-uncased-sst2,ffn2_output,FFN2 output,AGG,211861635072,2225,0.0000,22871685106,10.7956,897073317,0.4234,0.0000,0.0002,0.0021,0.0207,0.2072,2.0713,20.0625,66.8404,10.3722,0.4155,0.0079,0.0000,0.0000
bl_sst2,bert,assemblyai/bert-large-uncased-sst2,post_ffn_ln,Post-FFN sub-block,0,8827568128,0,0.0000,938173617,10.6278,300317,0.0034,0.0000,0.0001,0.0013,0.0133,0.1331,1.3303,13.0533,74.8407,10.6244,0.0034,0.0000,0.0000,0.0000
bl_sst2,bert,assemblyai/bert-large-uncased-sst2,post_ffn_ln,Post-FFN sub-block,1,8827568128,0,0.0000,370239067,4.1941,7999911,0.0906,0.0000,0.0002,0.0017,0.0170,0.1706,1.7062,16.8128,77.0974,4.1035,0.0906,0.0000,0.0000,0.0000
bl_sst2,bert,assemblyai/bert-large-uncased-sst2,post_ffn_ln,Post-FFN sub-block,2,8827568128,0,0.0000,118217195,1.3392,8255558,0.0935,0.0000,0.0002,0.0023,0.0227,0.2265,2.2637,22.0955,74.0500,1.2457,0.0935,0.0000,0.0000,0.0000
bl_sst2,bert,assemblyai/bert-large-uncased-sst2,post_ffn_ln,Post-FFN sub-block,3,8827568128,0,0.0000,100530686,1.1388,3025438,0.0343,0.0000,0.0002,0.0023,0.0229,0.2287,2.2875,22.4146,73.9050,1.1046,0.0343,0.0000,0.0000,0.0000
bl_sst2,bert,assemblyai/bert-large-uncased-sst2,post_ffn_ln,Post-FFN sub-block,4,8827568128,0,0.0000,92761401,1.0508,0,0.0000,0.0000,0.0003,0.0033,0.0334,0.3335,3.3340,31.7875,63.4571,1.0508,0.0000,0.0000,0.0000,0.0000
bl_sst2,bert,assemblyai/bert-large-uncased-sst2,post_ffn_ln,Post-FFN sub-block,5,8827568128,0,0.0000,119812591,1.3573,0,0.0000,0.0000,0.0004,0.0044,0.0438,0.4380,4.3760,39.9758,53.8043,1.3573,0.0000,0.0000,0.0000,0.0000
bl_sst2,bert,assemblyai/bert-large-uncased-sst2,post_ffn_ln,Post-FFN sub-block,6,8827568128,0,0.0000,136325332,1.5443,334738,0.0038,0.0000,0.0005,0.0045,0.0451,0.4510,4.5057,41.1674,52.2814,1.5405,0.0038,0.0000,0.0000,0.0000
bl_sst2,bert,assemblyai/bert-large-uncased-sst2,post_ffn_ln,Post-FFN sub-block,7,8827568128,0,0.0000,99605292,1.1283,8134587,0.0921,0.0000,0.0003,0.0028,0.0284,0.2837,2.8363,27.3901,68.3301,1.0362,0.0921,0.0000,0.0000,0.0000
bl_sst2,bert,assemblyai/bert-large-uncased-sst2,post_ffn_ln,Post-FFN sub-block,8,8827568128,0,0.0000,129577386,1.4679,8405232,0.0952,0.0000,0.0002,0.0023,0.0228,0.2276,2.2744,22.1846,73.8203,1.3727,0.0952,0.0000,0.0000,0.0000
bl_sst2,bert,assemblyai/bert-large-uncased-sst2,post_ffn_ln,Post-FFN sub-block,9,8827568128,0,0.0000,209331056,2.3713,8531668,0.0966,0.0000,0.0002,0.0018,0.0176,0.1761,1.7611,17.3992,78.2726,2.2747,0.0966,0.0000,0.0000,0.0000
bl_sst2,bert,assemblyai/bert-large-uncased-sst2,post_ffn_ln,Post-FFN sub-block,10,8827568128,0,0.0000,1075814333,12.1870,8608316,0.0975,0.0000,0.0001,0.0012,0.0123,0.1226,1.2252,11.8479,74.6037,12.0895,0.0975,0.0000,0.0000,0.0000
bl_sst2,bert,assemblyai/bert-large-uncased-sst2,post_ffn_ln,Post-FFN sub-block,11,8827568128,0,0.0000,1216965106,13.7860,8607639,0.0975,0.0000,0.0001,0.0012,0.0122,0.1219,1.2172,11.5175,73.3439,13.6885,0.0975,0.0000,0.0000,0.0000
bl_sst2,bert,assemblyai/bert-large-uncased-sst2,post_ffn_ln,Post-FFN sub-block,12,8827568128,0,0.0000,859310753,9.7344,8587465,0.0973,0.0000,0.0001,0.0013,0.0130,0.1302,1.3034,12.5199,76.2976,9.6371,0.0973,0.0000,0.0000,0.0000
bl_sst2,bert,assemblyai/bert-large-uncased-sst2,post_ffn_ln,Post-FFN sub-block,13,8827568128,0,0.0000,982237909,11.1269,655282,0.0074,0.0000,0.0001,0.0013,0.0129,0.1291,1.2905,12.1369,75.3022,11.1195,0.0074,0.0000,0.0000,0.0000
bl_sst2,bert,assemblyai/bert-large-uncased-sst2,post_ffn_ln,Post-FFN sub-block,14,8827568128,0,0.0000,1040461205,11.7865,369221,0.0042,0.0000,0.0001,0.0013,0.0127,0.1272,1.2701,11.9566,74.8454,11.7823,0.0042,0.0000,0.0000,0.0000
bl_sst2,bert,assemblyai/bert-large-uncased-sst2,post_ffn_ln,Post-FFN sub-block,15,8827568128,0,0.0000,979028690,11.0906,1150216,0.0130,0.0000,0.0001,0.0013,0.0125,0.1255,1.2536,12.1055,75.4109,11.0776,0.0130,0.0000,0.0000,0.0000
bl_sst2,bert,assemblyai/bert-large-uncased-sst2,post_ffn_ln,Post-FFN sub-block,16,8827568128,0,0.0000,864578265,9.7941,2315437,0.0262,0.0000,0.0001,0.0013,0.0128,0.1275,1.2751,12.5599,76.2292,9.7678,0.0262,0.0000,0.0000,0.0000
bl_sst2,bert,assemblyai/bert-large-uncased-sst2,post_ffn_ln,Post-FFN sub-block,17,8827568128,0,0.0000,705889446,7.9964,125775,0.0014,0.0000,0.0002,0.0021,0.0207,0.2066,2.0635,18.8615,70.8491,7.9950,0.0014,0.0000,0.0000,0.0000
bl_sst2,bert,assemblyai/bert-large-uncased-sst2,post_ffn_ln,Post-FFN sub-block,18,8827568128,0,0.0000,718984520,8.1448,4469,0.0001,0.0000,0.0004,0.0036,0.0363,0.3626,3.5908,22.8110,65.0505,8.1447,0.0001,0.0000,0.0000,0.0000
bl_sst2,bert,assemblyai/bert-large-uncased-sst2,post_ffn_ln,Post-FFN sub-block,19,8827568128,0,0.0000,904488096,10.2462,1830981,0.0207,0.0001,0.0004,0.0044,0.0446,0.4462,4.3954,22.5721,62.2907,10.2254,0.0207,0.0000,0.0000,0.0000
bl_sst2,bert,assemblyai/bert-large-uncased-sst2,post_ffn_ln,Post-FFN sub-block,20,8827568128,0,0.0000,801793272,9.0828,3580021,0.0406,0.0000,0.0003,0.0031,0.0314,0.3145,3.1304,23.2080,64.2295,9.0423,0.0406,0.0000,0.0000,0.0000
bl_sst2,bert,assemblyai/bert-large-uncased-sst2,post_ffn_ln,Post-FFN sub-block,21,8827568128,0,0.0000,666863240,7.5543,3578116,0.0405,0.0000,0.0003,0.0030,0.0304,0.3035,3.0338,24.7255,64.3491,7.5138,0.0405,0.0000,0.0000,0.0000
bl_sst2,bert,assemblyai/bert-large-uncased-sst2,post_ffn_ln,Post-FFN sub-block,22,8827568128,0,0.0000,583764004,6.6130,4691803,0.0531,0.0000,0.0002,0.0024,0.0243,0.2418,2.4142,21.1094,69.5946,6.5598,0.0531,0.0000,0.0000,0.0000
bl_sst2,bert,assemblyai/bert-large-uncased-sst2,post_ffn_ln,Post-FFN sub-block,23,8827568128,0,0.0000,652958984,7.3968,0,0.0000,0.0000,0.0001,0.0014,0.0144,0.1432,1.4345,14.2234,76.7861,7.3968,0.0000,0.0000,0.0000,0.0000
bl_sst2,bert,assemblyai/bert-large-uncased-sst2,post_ffn_ln,Post-FFN sub-block,AGG,211861635072,0,0.0000,14367711446,6.7816,89092190,0.0421,0.0000,0.0002,0.0023,0.0232,0.2321,2.3155,20.2682,70.3767,6.7396,0.0421,0.0000,0.0000,0.0000
