sha256	bytes	state	path	description
fd73c43f461fddcaf81f56b16e44d3f7bc90b2ac9cb250cfbc80e5c774f2a735	82024	present	blb_stage2_rl/diagnostics.py	Modified tracked file captured by tracked_changes.patch
ae378c17b4adff13055bbed8433916b02630cc6efc191090c26ec651bcc8b24d	18426	present	blb_stage2_rl/layerwise_action.py	Modified tracked file captured by tracked_changes.patch
98ffed0695377048a19a2da825f5b9289ac5562508b2cad60888fda7a5a54070	19671	present	blb_stage2_rl/layerwise_env.py	Modified tracked file captured by tracked_changes.patch
a5927279cb894386ade9acf0a232c252daadf1f075de752b1e3550679f452feb	70279	present	blb_stage2_rl/layerwise_runner.py	Modified tracked file captured by tracked_changes.patch
0b87c74e5aed1e619fcfc60094e6b1c2c26bf8c103a8f06b4f697efeb7aa514c	93658	present	blb_stage2_rl/sequential_policy.py	Modified tracked file captured by tracked_changes.patch
2491eb9774c2d8a4b6701d46ac982280df9b4621a4a2c73d78af3fc10e8892e0	386344	present	blb_stage2_rl/sequential_runner.py	Modified tracked file captured by tracked_changes.patch
ec53135e4f829e596a9332de0061f7f3d8089ecceaf22b214404622074d78ea2	149138	present	llama_7B_LayerImportance.sh	Modified tracked file captured by tracked_changes.patch
b9a09908f1fda7317244d6dbc1ee19bcafef59a92d62e1e996fa510871391e8c	31963	present	tests/test_blb_fusion_reward.py	Modified tracked file captured by tracked_changes.patch
60726e7bb271c3a6ccfbc3a579c52fef9fbc86a41066b768b78e1a121041307d	21498	present	tests/test_blb_layerwise_action.py	Modified tracked file captured by tracked_changes.patch
4a8f35fdf9234f1f2ba379aa71b45606e0ada835f55ce666f644190889dc250e	26013	present	tests/test_blb_layerwise_env.py	Modified tracked file captured by tracked_changes.patch
421abaaa9fd9a535ee956932e050287fbaf1d9021bd01a98d1693b427dff69f1	38078	present	tests/test_blb_layerwise_policy.py	Modified tracked file captured by tracked_changes.patch
7599471308a71f6a9c36b09f4da3323a9245b88ecefb797df5a5d63f6cac146f	85187	present	tests/test_blb_layerwise_runner.py	Modified tracked file captured by tracked_changes.patch
c909d0d9e07efaa636502d6a8e537a70112321a49e73feb625b45d95b66787bc	151318	present	tests/test_sequential_smoke.py	Modified tracked file captured by tracked_changes.patch
