sample,timestamp,index,name,memory_used_mib,utilization_gpu_pct,power_draw_w
1,2026/07/13 22:16:40.358, 0, NVIDIA GeForce RTX 5090, 3245, 6, 215.58
1,2026/07/13 22:16:40.363, 1, NVIDIA GeForce RTX 5090, 3065, 2, 203.32
1,2026/07/13 22:16:40.367, 2, NVIDIA GeForce RTX 5090, 3065, 40, 211.29
1,2026/07/13 22:16:40.373, 3, NVIDIA GeForce RTX 5090, 3065, 0, 214.23
1,2026/07/13 22:16:40.381, 4, NVIDIA GeForce RTX 5090, 3065, 40, 217.85
2,2026/07/13 22:16:41.514, 0, NVIDIA GeForce RTX 5090, 3245, 36, 209.16
2,2026/07/13 22:16:41.522, 1, NVIDIA GeForce RTX 5090, 3065, 32, 216.59
2,2026/07/13 22:16:41.526, 2, NVIDIA GeForce RTX 5090, 3065, 32, 203.06
2,2026/07/13 22:16:41.529, 3, NVIDIA GeForce RTX 5090, 3065, 34, 221.48
2,2026/07/13 22:16:41.534, 4, NVIDIA GeForce RTX 5090, 3065, 0, 210.97
3,2026/07/13 22:16:42.629, 0, NVIDIA GeForce RTX 5090, 3245, 36, 241.82
3,2026/07/13 22:16:42.633, 1, NVIDIA GeForce RTX 5090, 3065, 31, 234.85
3,2026/07/13 22:16:42.636, 2, NVIDIA GeForce RTX 5090, 3065, 41, 220.49
3,2026/07/13 22:16:42.639, 3, NVIDIA GeForce RTX 5090, 3065, 40, 237.80
3,2026/07/13 22:16:42.642, 4, NVIDIA GeForce RTX 5090, 3065, 36, 225.63
4,2026/07/13 22:16:43.762, 0, NVIDIA GeForce RTX 5090, 3245, 10, 141.33
4,2026/07/13 22:16:43.766, 1, NVIDIA GeForce RTX 5090, 3065, 0, 87.11
4,2026/07/13 22:16:43.769, 2, NVIDIA GeForce RTX 5090, 3065, 0, 101.39
4,2026/07/13 22:16:43.771, 3, NVIDIA GeForce RTX 5090, 3065, 0, 98.56
4,2026/07/13 22:16:43.773, 4, NVIDIA GeForce RTX 5090, 3065, 0, 104.96
5,2026/07/13 22:16:44.861, 0, NVIDIA GeForce RTX 5090, 3245, 11, 121.38
5,2026/07/13 22:16:44.866, 1, NVIDIA GeForce RTX 5090, 3065, 0, 68.04
5,2026/07/13 22:16:44.869, 2, NVIDIA GeForce RTX 5090, 3065, 0, 84.44
5,2026/07/13 22:16:44.872, 3, NVIDIA GeForce RTX 5090, 3065, 0, 76.61
5,2026/07/13 22:16:44.874, 4, NVIDIA GeForce RTX 5090, 3065, 0, 95.97
6,2026/07/13 22:16:45.962, 0, NVIDIA GeForce RTX 5090, 3245, 13, 121.51
6,2026/07/13 22:16:45.966, 1, NVIDIA GeForce RTX 5090, 3065, 0, 67.90
6,2026/07/13 22:16:45.969, 2, NVIDIA GeForce RTX 5090, 3065, 0, 74.65
6,2026/07/13 22:16:45.972, 3, NVIDIA GeForce RTX 5090, 3065, 0, 76.18
6,2026/07/13 22:16:45.975, 4, NVIDIA GeForce RTX 5090, 3065, 0, 76.37
7,2026/07/13 22:16:47.061, 0, NVIDIA GeForce RTX 5090, 3245, 0, 78.12
7,2026/07/13 22:16:47.065, 1, NVIDIA GeForce RTX 5090, 3065, 0, 67.83
7,2026/07/13 22:16:47.068, 2, NVIDIA GeForce RTX 5090, 3065, 0, 74.14
7,2026/07/13 22:16:47.071, 3, NVIDIA GeForce RTX 5090, 3065, 0, 75.82
7,2026/07/13 22:16:47.074, 4, NVIDIA GeForce RTX 5090, 3065, 0, 76.05
8,2026/07/13 22:16:48.204, 0, NVIDIA GeForce RTX 5090, 3245, 0, 82.03
8,2026/07/13 22:16:48.211, 1, NVIDIA GeForce RTX 5090, 3065, 0, 82.84
8,2026/07/13 22:16:48.215, 2, NVIDIA GeForce RTX 5090, 3065, 0, 105.94
8,2026/07/13 22:16:48.218, 3, NVIDIA GeForce RTX 5090, 3065, 0, 86.28
8,2026/07/13 22:16:48.221, 4, NVIDIA GeForce RTX 5090, 3065, 37, 109.84
9,2026/07/13 22:16:49.352, 0, NVIDIA GeForce RTX 5090, 3245, 38, 239.51
9,2026/07/13 22:16:49.356, 1, NVIDIA GeForce RTX 5090, 3065, 36, 232.01
9,2026/07/13 22:16:49.359, 2, NVIDIA GeForce RTX 5090, 3065, 34, 234.41
9,2026/07/13 22:16:49.362, 3, NVIDIA GeForce RTX 5090, 3065, 34, 233.40
9,2026/07/13 22:16:49.365, 4, NVIDIA GeForce RTX 5090, 3065, 33, 244.14
10,2026/07/13 22:16:50.478, 0, NVIDIA GeForce RTX 5090, 3245, 5, 211.68
10,2026/07/13 22:16:50.482, 1, NVIDIA GeForce RTX 5090, 3065, 3, 198.82
10,2026/07/13 22:16:50.486, 2, NVIDIA GeForce RTX 5090, 3065, 40, 206.53
10,2026/07/13 22:16:50.490, 3, NVIDIA GeForce RTX 5090, 3065, 0, 206.47
10,2026/07/13 22:16:50.494, 4, NVIDIA GeForce RTX 5090, 3065, 34, 214.94
11,2026/07/13 22:16:51.610, 0, NVIDIA GeForce RTX 5090, 3245, 34, 213.46
11,2026/07/13 22:16:51.615, 1, NVIDIA GeForce RTX 5090, 3065, 40, 201.06
11,2026/07/13 22:16:51.621, 2, NVIDIA GeForce RTX 5090, 3065, 34, 208.29
11,2026/07/13 22:16:51.625, 3, NVIDIA GeForce RTX 5090, 3065, 33, 205.41
11,2026/07/13 22:16:51.629, 4, NVIDIA GeForce RTX 5090, 3065, 11, 218.26
12,2026/07/13 22:16:52.743, 0, NVIDIA GeForce RTX 5090, 3245, 32, 244.45
12,2026/07/13 22:16:52.748, 1, NVIDIA GeForce RTX 5090, 3065, 0, 222.47
12,2026/07/13 22:16:52.752, 2, NVIDIA GeForce RTX 5090, 3065, 0, 217.33
12,2026/07/13 22:16:52.756, 3, NVIDIA GeForce RTX 5090, 3065, 25, 231.07
12,2026/07/13 22:16:52.759, 4, NVIDIA GeForce RTX 5090, 3065, 33, 223.81
13,2026/07/13 22:16:53.896, 0, NVIDIA GeForce RTX 5090, 3245, 33, 210.48
13,2026/07/13 22:16:53.901, 1, NVIDIA GeForce RTX 5090, 3065, 38, 199.89
13,2026/07/13 22:16:53.905, 2, NVIDIA GeForce RTX 5090, 3065, 36, 232.19
13,2026/07/13 22:16:53.911, 3, NVIDIA GeForce RTX 5090, 3065, 37, 212.04
13,2026/07/13 22:16:53.918, 4, NVIDIA GeForce RTX 5090, 3065, 35, 240.75
14,2026/07/13 22:16:55.048, 0, NVIDIA GeForce RTX 5090, 3245, 41, 211.39
14,2026/07/13 22:16:55.054, 1, NVIDIA GeForce RTX 5090, 3065, 40, 202.13
14,2026/07/13 22:16:55.060, 2, NVIDIA GeForce RTX 5090, 3065, 34, 207.56
14,2026/07/13 22:16:55.063, 3, NVIDIA GeForce RTX 5090, 3065, 37, 203.04
14,2026/07/13 22:16:55.066, 4, NVIDIA GeForce RTX 5090, 3065, 3, 213.83
15,2026/07/13 22:16:56.206, 0, NVIDIA GeForce RTX 5090, 3245, 39, 212.62
15,2026/07/13 22:16:56.212, 1, NVIDIA GeForce RTX 5090, 3065, 41, 205.55
15,2026/07/13 22:16:56.215, 2, NVIDIA GeForce RTX 5090, 3065, 30, 204.27
15,2026/07/13 22:16:56.219, 3, NVIDIA GeForce RTX 5090, 3065, 40, 210.54
15,2026/07/13 22:16:56.222, 4, NVIDIA GeForce RTX 5090, 3065, 38, 217.04
16,2026/07/13 22:16:57.336, 0, NVIDIA GeForce RTX 5090, 3245, 34, 238.06
16,2026/07/13 22:16:57.340, 1, NVIDIA GeForce RTX 5090, 3065, 34, 232.44
16,2026/07/13 22:16:57.343, 2, NVIDIA GeForce RTX 5090, 3065, 39, 235.91
16,2026/07/13 22:16:57.346, 3, NVIDIA GeForce RTX 5090, 3065, 37, 233.70
16,2026/07/13 22:16:57.349, 4, NVIDIA GeForce RTX 5090, 3065, 40, 246.55
17,2026/07/13 22:16:58.461, 0, NVIDIA GeForce RTX 5090, 3245, 2, 177.18
17,2026/07/13 22:16:58.469, 1, NVIDIA GeForce RTX 5090, 3065, 0, 157.19
17,2026/07/13 22:16:58.473, 2, NVIDIA GeForce RTX 5090, 3065, 0, 164.64
17,2026/07/13 22:16:58.477, 3, NVIDIA GeForce RTX 5090, 3065, 0, 168.42
17,2026/07/13 22:16:58.481, 4, NVIDIA GeForce RTX 5090, 3065, 50, 194.15
18,2026/07/13 22:16:59.598, 0, NVIDIA GeForce RTX 5090, 3245, 35, 225.99
18,2026/07/13 22:16:59.606, 1, NVIDIA GeForce RTX 5090, 3065, 38, 235.23
18,2026/07/13 22:16:59.611, 2, NVIDIA GeForce RTX 5090, 3065, 39, 226.05
18,2026/07/13 22:16:59.615, 3, NVIDIA GeForce RTX 5090, 3065, 33, 219.48
18,2026/07/13 22:16:59.618, 4, NVIDIA GeForce RTX 5090, 3065, 2, 218.99
19,2026/07/13 22:17:00.710, 0, NVIDIA GeForce RTX 5090, 3245, 34, 239.55
19,2026/07/13 22:17:00.715, 1, NVIDIA GeForce RTX 5090, 3065, 11, 227.23
19,2026/07/13 22:17:00.719, 2, NVIDIA GeForce RTX 5090, 3065, 0, 217.27
19,2026/07/13 22:17:00.722, 3, NVIDIA GeForce RTX 5090, 3065, 41, 234.20
19,2026/07/13 22:17:00.727, 4, NVIDIA GeForce RTX 5090, 3065, 40, 228.25
20,2026/07/13 22:17:01.844, 0, NVIDIA GeForce RTX 5090, 3245, 34, 216.68
20,2026/07/13 22:17:01.849, 1, NVIDIA GeForce RTX 5090, 3065, 34, 202.45
20,2026/07/13 22:17:01.853, 2, NVIDIA GeForce RTX 5090, 3065, 35, 214.29
20,2026/07/13 22:17:01.857, 3, NVIDIA GeForce RTX 5090, 3065, 40, 211.51
20,2026/07/13 22:17:01.861, 4, NVIDIA GeForce RTX 5090, 3065, 35, 220.11
21,2026/07/13 22:17:02.997, 0, NVIDIA GeForce RTX 5090, 3245, 34, 211.25
21,2026/07/13 22:17:03.002, 1, NVIDIA GeForce RTX 5090, 3065, 35, 203.51
21,2026/07/13 22:17:03.007, 2, NVIDIA GeForce RTX 5090, 3065, 37, 205.25
21,2026/07/13 22:17:03.012, 3, NVIDIA GeForce RTX 5090, 3065, 35, 208.73
21,2026/07/13 22:17:03.016, 4, NVIDIA GeForce RTX 5090, 3065, 24, 216.34
22,2026/07/13 22:17:04.156, 0, NVIDIA GeForce RTX 5090, 3245, 39, 213.14
22,2026/07/13 22:17:04.162, 1, NVIDIA GeForce RTX 5090, 3065, 40, 207.94
22,2026/07/13 22:17:04.167, 2, NVIDIA GeForce RTX 5090, 3065, 40, 240.83
22,2026/07/13 22:17:04.171, 3, NVIDIA GeForce RTX 5090, 3065, 40, 206.89
22,2026/07/13 22:17:04.174, 4, NVIDIA GeForce RTX 5090, 3065, 34, 212.17
23,2026/07/13 22:17:05.303, 0, NVIDIA GeForce RTX 5090, 3245, 36, 237.61
23,2026/07/13 22:17:05.308, 1, NVIDIA GeForce RTX 5090, 3065, 37, 231.13
23,2026/07/13 22:17:05.311, 2, NVIDIA GeForce RTX 5090, 3065, 33, 234.06
23,2026/07/13 22:17:05.314, 3, NVIDIA GeForce RTX 5090, 3065, 38, 231.03
23,2026/07/13 22:17:05.317, 4, NVIDIA GeForce RTX 5090, 3065, 34, 242.51
24,2026/07/13 22:17:06.457, 0, NVIDIA GeForce RTX 5090, 3245, 4, 211.49
24,2026/07/13 22:17:06.463, 1, NVIDIA GeForce RTX 5090, 3065, 21, 203.63
24,2026/07/13 22:17:06.467, 2, NVIDIA GeForce RTX 5090, 3065, 35, 201.62
24,2026/07/13 22:17:06.470, 3, NVIDIA GeForce RTX 5090, 3065, 10, 206.92
24,2026/07/13 22:17:06.474, 4, NVIDIA GeForce RTX 5090, 3065, 40, 216.10
25,2026/07/13 22:17:07.611, 0, NVIDIA GeForce RTX 5090, 3245, 35, 214.13
25,2026/07/13 22:17:07.616, 1, NVIDIA GeForce RTX 5090, 3065, 41, 199.94
25,2026/07/13 22:17:07.624, 2, NVIDIA GeForce RTX 5090, 3065, 41, 211.26
25,2026/07/13 22:17:07.628, 3, NVIDIA GeForce RTX 5090, 3065, 39, 209.48
25,2026/07/13 22:17:07.632, 4, NVIDIA GeForce RTX 5090, 3065, 25, 213.62
26,2026/07/13 22:17:08.747, 0, NVIDIA GeForce RTX 5090, 3245, 30, 238.50
26,2026/07/13 22:17:08.754, 1, NVIDIA GeForce RTX 5090, 3065, 0, 219.56
26,2026/07/13 22:17:08.760, 2, NVIDIA GeForce RTX 5090, 3065, 0, 209.43
26,2026/07/13 22:17:08.764, 3, NVIDIA GeForce RTX 5090, 3065, 10, 226.78
26,2026/07/13 22:17:08.768, 4, NVIDIA GeForce RTX 5090, 3065, 32, 218.15
27,2026/07/13 22:17:09.881, 0, NVIDIA GeForce RTX 5090, 3245, 41, 210.09
27,2026/07/13 22:17:09.889, 1, NVIDIA GeForce RTX 5090, 3065, 35, 203.87
27,2026/07/13 22:17:09.894, 2, NVIDIA GeForce RTX 5090, 3065, 41, 221.61
27,2026/07/13 22:17:09.898, 3, NVIDIA GeForce RTX 5090, 3065, 38, 206.12
27,2026/07/13 22:17:09.901, 4, NVIDIA GeForce RTX 5090, 3065, 40, 227.37
28,2026/07/13 22:17:11.015, 0, NVIDIA GeForce RTX 5090, 3245, 36, 213.18
28,2026/07/13 22:17:11.021, 1, NVIDIA GeForce RTX 5090, 3065, 37, 204.19
28,2026/07/13 22:17:11.025, 2, NVIDIA GeForce RTX 5090, 3065, 39, 201.58
28,2026/07/13 22:17:11.029, 3, NVIDIA GeForce RTX 5090, 3065, 36, 206.78
28,2026/07/13 22:17:11.032, 4, NVIDIA GeForce RTX 5090, 3065, 0, 219.82
29,2026/07/13 22:17:12.168, 0, NVIDIA GeForce RTX 5090, 3245, 41, 213.70
29,2026/07/13 22:17:12.173, 1, NVIDIA GeForce RTX 5090, 3065, 34, 204.39
29,2026/07/13 22:17:12.177, 2, NVIDIA GeForce RTX 5090, 3065, 31, 235.53
29,2026/07/13 22:17:12.180, 3, NVIDIA GeForce RTX 5090, 3065, 35, 208.66
29,2026/07/13 22:17:12.187, 4, NVIDIA GeForce RTX 5090, 3065, 38, 219.33
30,2026/07/13 22:17:13.280, 0, NVIDIA GeForce RTX 5090, 3245, 38, 238.11
30,2026/07/13 22:17:13.284, 1, NVIDIA GeForce RTX 5090, 3065, 36, 232.59
30,2026/07/13 22:17:13.287, 2, NVIDIA GeForce RTX 5090, 3065, 40, 244.74
30,2026/07/13 22:17:13.291, 3, NVIDIA GeForce RTX 5090, 3065, 37, 234.19
30,2026/07/13 22:17:13.293, 4, NVIDIA GeForce RTX 5090, 3065, 41, 249.31
31,2026/07/13 22:17:14.419, 0, NVIDIA GeForce RTX 5090, 3245, 14, 212.70
31,2026/07/13 22:17:14.425, 1, NVIDIA GeForce RTX 5090, 3065, 41, 204.11
31,2026/07/13 22:17:14.428, 2, NVIDIA GeForce RTX 5090, 3065, 34, 201.83
31,2026/07/13 22:17:14.431, 3, NVIDIA GeForce RTX 5090, 3065, 40, 210.90
31,2026/07/13 22:17:14.435, 4, NVIDIA GeForce RTX 5090, 3065, 40, 218.68
32,2026/07/13 22:17:15.570, 0, NVIDIA GeForce RTX 5090, 3245, 42, 219.79
32,2026/07/13 22:17:15.576, 1, NVIDIA GeForce RTX 5090, 3065, 40, 206.64
32,2026/07/13 22:17:15.580, 2, NVIDIA GeForce RTX 5090, 3065, 41, 213.70
32,2026/07/13 22:17:15.583, 3, NVIDIA GeForce RTX 5090, 3065, 35, 210.08
32,2026/07/13 22:17:15.588, 4, NVIDIA GeForce RTX 5090, 3065, 36, 218.01
33,2026/07/13 22:17:16.729, 0, NVIDIA GeForce RTX 5090, 3245, 5, 224.61
33,2026/07/13 22:17:16.734, 1, NVIDIA GeForce RTX 5090, 3065, 12, 206.18
33,2026/07/13 22:17:16.738, 2, NVIDIA GeForce RTX 5090, 3065, 39, 214.33
33,2026/07/13 22:17:16.741, 3, NVIDIA GeForce RTX 5090, 3065, 2, 211.23
33,2026/07/13 22:17:16.748, 4, NVIDIA GeForce RTX 5090, 3065, 38, 219.72
34,2026/07/13 22:17:17.883, 0, NVIDIA GeForce RTX 5090, 3245, 40, 236.08
34,2026/07/13 22:17:17.887, 1, NVIDIA GeForce RTX 5090, 3065, 40, 220.52
34,2026/07/13 22:17:17.891, 2, NVIDIA GeForce RTX 5090, 3065, 40, 237.54
34,2026/07/13 22:17:17.894, 3, NVIDIA GeForce RTX 5090, 3065, 40, 225.10
34,2026/07/13 22:17:17.897, 4, NVIDIA GeForce RTX 5090, 3065, 40, 248.74
35,2026/07/13 22:17:18.983, 0, NVIDIA GeForce RTX 5090, 3245, 38, 213.00
35,2026/07/13 22:17:18.990, 1, NVIDIA GeForce RTX 5090, 3065, 34, 206.83
35,2026/07/13 22:17:18.993, 2, NVIDIA GeForce RTX 5090, 3065, 34, 205.21
35,2026/07/13 22:17:18.996, 3, NVIDIA GeForce RTX 5090, 3065, 40, 206.79
35,2026/07/13 22:17:18.999, 4, NVIDIA GeForce RTX 5090, 3065, 22, 213.50
36,2026/07/13 22:17:20.149, 0, NVIDIA GeForce RTX 5090, 3245, 41, 205.38
36,2026/07/13 22:17:20.154, 1, NVIDIA GeForce RTX 5090, 3065, 30, 197.64
36,2026/07/13 22:17:20.158, 2, NVIDIA GeForce RTX 5090, 3065, 0, 214.64
36,2026/07/13 22:17:20.162, 3, NVIDIA GeForce RTX 5090, 3065, 29, 200.30
36,2026/07/13 22:17:20.165, 4, NVIDIA GeForce RTX 5090, 3065, 34, 218.66
37,2026/07/13 22:17:21.308, 0, NVIDIA GeForce RTX 5090, 3245, 35, 246.51
37,2026/07/13 22:17:21.313, 1, NVIDIA GeForce RTX 5090, 3065, 34, 234.25
37,2026/07/13 22:17:21.317, 2, NVIDIA GeForce RTX 5090, 3065, 40, 229.01
37,2026/07/13 22:17:21.321, 3, NVIDIA GeForce RTX 5090, 3065, 35, 238.13
37,2026/07/13 22:17:21.325, 4, NVIDIA GeForce RTX 5090, 3065, 0, 239.43
38,2026/07/13 22:17:22.460, 0, NVIDIA GeForce RTX 5090, 3245, 41, 212.68
38,2026/07/13 22:17:22.467, 1, NVIDIA GeForce RTX 5090, 3065, 36, 205.28
38,2026/07/13 22:17:22.471, 2, NVIDIA GeForce RTX 5090, 3065, 33, 225.98
38,2026/07/13 22:17:22.478, 3, NVIDIA GeForce RTX 5090, 3065, 39, 207.67
38,2026/07/13 22:17:22.481, 4, NVIDIA GeForce RTX 5090, 3065, 36, 231.61
39,2026/07/13 22:17:23.619, 0, NVIDIA GeForce RTX 5090, 3245, 41, 220.67
39,2026/07/13 22:17:23.624, 1, NVIDIA GeForce RTX 5090, 3065, 38, 212.06
39,2026/07/13 22:17:23.628, 2, NVIDIA GeForce RTX 5090, 3065, 0, 210.05
39,2026/07/13 22:17:23.633, 3, NVIDIA GeForce RTX 5090, 3065, 37, 217.62
39,2026/07/13 22:17:23.636, 4, NVIDIA GeForce RTX 5090, 3065, 43, 232.53
40,2026/07/13 22:17:24.775, 0, NVIDIA GeForce RTX 5090, 3245, 35, 218.54
40,2026/07/13 22:17:24.780, 1, NVIDIA GeForce RTX 5090, 3065, 38, 213.56
40,2026/07/13 22:17:24.785, 2, NVIDIA GeForce RTX 5090, 3065, 49, 222.59
40,2026/07/13 22:17:24.788, 3, NVIDIA GeForce RTX 5090, 3065, 34, 216.80
40,2026/07/13 22:17:24.791, 4, NVIDIA GeForce RTX 5090, 3065, 0, 199.15
41,2026/07/13 22:17:25.928, 0, NVIDIA GeForce RTX 5090, 3245, 42, 242.95
41,2026/07/13 22:17:25.933, 1, NVIDIA GeForce RTX 5090, 3065, 50, 239.34
41,2026/07/13 22:17:25.937, 2, NVIDIA GeForce RTX 5090, 3065, 0, 239.25
41,2026/07/13 22:17:25.941, 3, NVIDIA GeForce RTX 5090, 3065, 44, 239.12
41,2026/07/13 22:17:25.945, 4, NVIDIA GeForce RTX 5090, 3065, 40, 251.44
42,2026/07/13 22:17:27.085, 0, NVIDIA GeForce RTX 5090, 3245, 41, 241.33
42,2026/07/13 22:17:27.090, 1, NVIDIA GeForce RTX 5090, 3065, 37, 210.75
42,2026/07/13 22:17:27.094, 2, NVIDIA GeForce RTX 5090, 3065, 41, 213.13
42,2026/07/13 22:17:27.098, 3, NVIDIA GeForce RTX 5090, 3065, 37, 237.64
42,2026/07/13 22:17:27.101, 4, NVIDIA GeForce RTX 5090, 3065, 35, 224.35
43,2026/07/13 22:17:28.240, 0, NVIDIA GeForce RTX 5090, 3245, 22, 216.65
43,2026/07/13 22:17:28.245, 1, NVIDIA GeForce RTX 5090, 3065, 37, 207.10
43,2026/07/13 22:17:28.249, 2, NVIDIA GeForce RTX 5090, 3065, 41, 209.78
43,2026/07/13 22:17:28.253, 3, NVIDIA GeForce RTX 5090, 3065, 34, 210.46
43,2026/07/13 22:17:28.257, 4, NVIDIA GeForce RTX 5090, 3065, 34, 215.29
44,2026/07/13 22:17:29.375, 0, NVIDIA GeForce RTX 5090, 3245, 33, 216.96
44,2026/07/13 22:17:29.380, 1, NVIDIA GeForce RTX 5090, 3065, 40, 202.80
44,2026/07/13 22:17:29.384, 2, NVIDIA GeForce RTX 5090, 3065, 34, 206.61
44,2026/07/13 22:17:29.387, 3, NVIDIA GeForce RTX 5090, 3065, 35, 207.63
44,2026/07/13 22:17:29.391, 4, NVIDIA GeForce RTX 5090, 3065, 40, 218.43
45,2026/07/13 22:17:30.505, 0, NVIDIA GeForce RTX 5090, 3245, 4, 228.40
45,2026/07/13 22:17:30.509, 1, NVIDIA GeForce RTX 5090, 3065, 39, 230.35
45,2026/07/13 22:17:30.513, 2, NVIDIA GeForce RTX 5090, 3065, 34, 235.26
45,2026/07/13 22:17:30.516, 3, NVIDIA GeForce RTX 5090, 3065, 40, 227.49
45,2026/07/13 22:17:30.518, 4, NVIDIA GeForce RTX 5090, 3065, 40, 246.79
46,2026/07/13 22:17:31.646, 0, NVIDIA GeForce RTX 5090, 3245, 36, 218.26
46,2026/07/13 22:17:31.653, 1, NVIDIA GeForce RTX 5090, 3065, 34, 219.04
46,2026/07/13 22:17:31.658, 2, NVIDIA GeForce RTX 5090, 3065, 32, 210.17
46,2026/07/13 22:17:31.662, 3, NVIDIA GeForce RTX 5090, 3065, 40, 229.45
46,2026/07/13 22:17:31.665, 4, NVIDIA GeForce RTX 5090, 3065, 40, 244.92
47,2026/07/13 22:17:32.760, 0, NVIDIA GeForce RTX 5090, 3245, 41, 213.37
47,2026/07/13 22:17:32.766, 1, NVIDIA GeForce RTX 5090, 3065, 37, 204.16
47,2026/07/13 22:17:32.769, 2, NVIDIA GeForce RTX 5090, 3065, 41, 214.68
47,2026/07/13 22:17:32.773, 3, NVIDIA GeForce RTX 5090, 3065, 32, 211.78
47,2026/07/13 22:17:32.777, 4, NVIDIA GeForce RTX 5090, 3065, 10, 220.58
48,2026/07/13 22:17:33.912, 0, NVIDIA GeForce RTX 5090, 3245, 40, 245.08
48,2026/07/13 22:17:33.920, 1, NVIDIA GeForce RTX 5090, 3065, 10, 224.77
48,2026/07/13 22:17:33.923, 2, NVIDIA GeForce RTX 5090, 3065, 0, 214.34
48,2026/07/13 22:17:33.927, 3, NVIDIA GeForce RTX 5090, 3065, 29, 232.09
48,2026/07/13 22:17:33.932, 4, NVIDIA GeForce RTX 5090, 3065, 36, 223.14
49,2026/07/13 22:17:35.045, 0, NVIDIA GeForce RTX 5090, 3245, 40, 250.60
49,2026/07/13 22:17:35.049, 1, NVIDIA GeForce RTX 5090, 3065, 39, 210.36
49,2026/07/13 22:17:35.052, 2, NVIDIA GeForce RTX 5090, 3065, 45, 263.93
49,2026/07/13 22:17:35.056, 3, NVIDIA GeForce RTX 5090, 3065, 34, 240.80
49,2026/07/13 22:17:35.059, 4, NVIDIA GeForce RTX 5090, 3065, 40, 229.64
50,2026/07/13 22:17:36.187, 0, NVIDIA GeForce RTX 5090, 3245, 41, 214.94
50,2026/07/13 22:17:36.192, 1, NVIDIA GeForce RTX 5090, 3065, 45, 241.21
50,2026/07/13 22:17:36.197, 2, NVIDIA GeForce RTX 5090, 3065, 38, 195.87
50,2026/07/13 22:17:36.201, 3, NVIDIA GeForce RTX 5090, 3065, 40, 217.14
50,2026/07/13 22:17:36.208, 4, NVIDIA GeForce RTX 5090, 3065, 40, 232.45
51,2026/07/13 22:17:37.347, 0, NVIDIA GeForce RTX 5090, 3245, 49, 190.02
51,2026/07/13 22:17:37.354, 1, NVIDIA GeForce RTX 5090, 3065, 0, 154.16
51,2026/07/13 22:17:37.358, 2, NVIDIA GeForce RTX 5090, 3065, 0, 182.69
51,2026/07/13 22:17:37.362, 3, NVIDIA GeForce RTX 5090, 3065, 27, 182.68
51,2026/07/13 22:17:37.366, 4, NVIDIA GeForce RTX 5090, 3065, 34, 173.95
52,2026/07/13 22:17:38.466, 0, NVIDIA GeForce RTX 5090, 3245, 37, 235.49
52,2026/07/13 22:17:38.470, 1, NVIDIA GeForce RTX 5090, 3065, 36, 232.08
52,2026/07/13 22:17:38.473, 2, NVIDIA GeForce RTX 5090, 3065, 38, 237.09
52,2026/07/13 22:17:38.476, 3, NVIDIA GeForce RTX 5090, 3065, 34, 236.28
52,2026/07/13 22:17:38.479, 4, NVIDIA GeForce RTX 5090, 3065, 36, 243.81
53,2026/07/13 22:17:39.585, 0, NVIDIA GeForce RTX 5090, 3245, 35, 224.88
53,2026/07/13 22:17:39.591, 1, NVIDIA GeForce RTX 5090, 3065, 0, 202.25
53,2026/07/13 22:17:39.597, 2, NVIDIA GeForce RTX 5090, 3065, 23, 209.30
53,2026/07/13 22:17:39.601, 3, NVIDIA GeForce RTX 5090, 3065, 40, 214.30
53,2026/07/13 22:17:39.605, 4, NVIDIA GeForce RTX 5090, 3065, 40, 219.30
54,2026/07/13 22:17:40.719, 0, NVIDIA GeForce RTX 5090, 3245, 41, 216.16
54,2026/07/13 22:17:40.727, 1, NVIDIA GeForce RTX 5090, 3065, 36, 204.95
54,2026/07/13 22:17:40.732, 2, NVIDIA GeForce RTX 5090, 3065, 37, 211.40
54,2026/07/13 22:17:40.736, 3, NVIDIA GeForce RTX 5090, 3065, 35, 208.47
54,2026/07/13 22:17:40.741, 4, NVIDIA GeForce RTX 5090, 3065, 0, 224.15
55,2026/07/13 22:17:41.876, 0, NVIDIA GeForce RTX 5090, 3245, 39, 242.99
55,2026/07/13 22:17:41.883, 1, NVIDIA GeForce RTX 5090, 3065, 26, 230.04
55,2026/07/13 22:17:41.887, 2, NVIDIA GeForce RTX 5090, 3065, 0, 221.09
55,2026/07/13 22:17:41.890, 3, NVIDIA GeForce RTX 5090, 3065, 30, 239.25
55,2026/07/13 22:17:41.894, 4, NVIDIA GeForce RTX 5090, 3065, 38, 229.34
56,2026/07/13 22:17:43.029, 0, NVIDIA GeForce RTX 5090, 3245, 40, 245.62
56,2026/07/13 22:17:43.033, 1, NVIDIA GeForce RTX 5090, 3065, 40, 207.72
56,2026/07/13 22:17:43.041, 2, NVIDIA GeForce RTX 5090, 3065, 38, 215.46
56,2026/07/13 22:17:43.049, 3, NVIDIA GeForce RTX 5090, 3065, 41, 240.18
56,2026/07/13 22:17:43.052, 4, NVIDIA GeForce RTX 5090, 3065, 39, 228.36
57,2026/07/13 22:17:44.159, 0, NVIDIA GeForce RTX 5090, 3245, 41, 217.12
57,2026/07/13 22:17:44.166, 1, NVIDIA GeForce RTX 5090, 3065, 44, 223.75
57,2026/07/13 22:17:44.170, 2, NVIDIA GeForce RTX 5090, 3065, 34, 208.06
57,2026/07/13 22:17:44.174, 3, NVIDIA GeForce RTX 5090, 3065, 41, 207.67
57,2026/07/13 22:17:44.177, 4, NVIDIA GeForce RTX 5090, 3065, 35, 218.21
58,2026/07/13 22:17:45.320, 0, NVIDIA GeForce RTX 5090, 3245, 41, 218.78
58,2026/07/13 22:17:45.326, 1, NVIDIA GeForce RTX 5090, 3065, 10, 194.93
58,2026/07/13 22:17:45.329, 2, NVIDIA GeForce RTX 5090, 3065, 27, 218.10
58,2026/07/13 22:17:45.336, 3, NVIDIA GeForce RTX 5090, 3065, 42, 212.93
58,2026/07/13 22:17:45.340, 4, NVIDIA GeForce RTX 5090, 3065, 33, 226.40
59,2026/07/13 22:17:46.454, 0, NVIDIA GeForce RTX 5090, 3245, 40, 243.27
59,2026/07/13 22:17:46.461, 1, NVIDIA GeForce RTX 5090, 3065, 33, 233.47
59,2026/07/13 22:17:46.468, 2, NVIDIA GeForce RTX 5090, 3065, 39, 239.18
59,2026/07/13 22:17:46.473, 3, NVIDIA GeForce RTX 5090, 3065, 35, 234.16
59,2026/07/13 22:17:46.477, 4, NVIDIA GeForce RTX 5090, 3065, 40, 248.41
60,2026/07/13 22:17:47.608, 0, NVIDIA GeForce RTX 5090, 3245, 35, 240.77
60,2026/07/13 22:17:47.613, 1, NVIDIA GeForce RTX 5090, 3065, 35, 200.74
60,2026/07/13 22:17:47.617, 2, NVIDIA GeForce RTX 5090, 3065, 39, 205.98
60,2026/07/13 22:17:47.621, 3, NVIDIA GeForce RTX 5090, 3065, 40, 235.72
60,2026/07/13 22:17:47.625, 4, NVIDIA GeForce RTX 5090, 3065, 35, 215.54
61,2026/07/13 22:17:48.721, 0, NVIDIA GeForce RTX 5090, 3245, 41, 215.08
61,2026/07/13 22:17:48.726, 1, NVIDIA GeForce RTX 5090, 3065, 39, 201.92
61,2026/07/13 22:17:48.730, 2, NVIDIA GeForce RTX 5090, 3065, 36, 207.94
61,2026/07/13 22:17:48.734, 3, NVIDIA GeForce RTX 5090, 3065, 38, 212.08
61,2026/07/13 22:17:48.738, 4, NVIDIA GeForce RTX 5090, 3065, 40, 211.60
62,2026/07/13 22:17:49.872, 0, NVIDIA GeForce RTX 5090, 3245, 5, 224.52
62,2026/07/13 22:17:49.878, 1, NVIDIA GeForce RTX 5090, 3065, 5, 201.98
62,2026/07/13 22:17:49.881, 2, NVIDIA GeForce RTX 5090, 3065, 41, 209.13
62,2026/07/13 22:17:49.885, 3, NVIDIA GeForce RTX 5090, 3065, 0, 207.38
62,2026/07/13 22:17:49.889, 4, NVIDIA GeForce RTX 5090, 3065, 34, 218.85
63,2026/07/13 22:17:51.008, 0, NVIDIA GeForce RTX 5090, 3245, 39, 233.23
63,2026/07/13 22:17:51.013, 1, NVIDIA GeForce RTX 5090, 3065, 36, 225.28
63,2026/07/13 22:17:51.016, 2, NVIDIA GeForce RTX 5090, 3065, 41, 244.62
63,2026/07/13 22:17:51.019, 3, NVIDIA GeForce RTX 5090, 3065, 40, 226.23
63,2026/07/13 22:17:51.022, 4, NVIDIA GeForce RTX 5090, 3065, 40, 248.33
64,2026/07/13 22:17:52.134, 0, NVIDIA GeForce RTX 5090, 3245, 34, 233.38
64,2026/07/13 22:17:52.140, 1, NVIDIA GeForce RTX 5090, 3065, 38, 219.97
64,2026/07/13 22:17:52.143, 2, NVIDIA GeForce RTX 5090, 3065, 36, 208.08
64,2026/07/13 22:17:52.150, 3, NVIDIA GeForce RTX 5090, 3065, 40, 229.46
64,2026/07/13 22:17:52.154, 4, NVIDIA GeForce RTX 5090, 3065, 33, 248.39
65,2026/07/13 22:17:53.270, 0, NVIDIA GeForce RTX 5090, 3245, 3, 216.14
65,2026/07/13 22:17:53.275, 1, NVIDIA GeForce RTX 5090, 3065, 0, 202.88
65,2026/07/13 22:17:53.278, 2, NVIDIA GeForce RTX 5090, 3065, 12, 209.63
65,2026/07/13 22:17:53.282, 3, NVIDIA GeForce RTX 5090, 3065, 0, 213.56
65,2026/07/13 22:17:53.286, 4, NVIDIA GeForce RTX 5090, 3065, 37, 215.16
66,2026/07/13 22:17:54.423, 0, NVIDIA GeForce RTX 5090, 3245, 35, 244.34
66,2026/07/13 22:17:54.429, 1, NVIDIA GeForce RTX 5090, 3065, 40, 223.26
66,2026/07/13 22:17:54.433, 2, NVIDIA GeForce RTX 5090, 3065, 33, 216.99
66,2026/07/13 22:17:54.437, 3, NVIDIA GeForce RTX 5090, 3065, 39, 232.13
66,2026/07/13 22:17:54.440, 4, NVIDIA GeForce RTX 5090, 3065, 0, 225.34
67,2026/07/13 22:17:55.538, 0, NVIDIA GeForce RTX 5090, 3245, 42, 243.77
67,2026/07/13 22:17:55.542, 1, NVIDIA GeForce RTX 5090, 3065, 36, 200.12
67,2026/07/13 22:17:55.545, 2, NVIDIA GeForce RTX 5090, 3065, 38, 244.53
67,2026/07/13 22:17:55.549, 3, NVIDIA GeForce RTX 5090, 3065, 53, 240.01
67,2026/07/13 22:17:55.552, 4, NVIDIA GeForce RTX 5090, 3065, 38, 243.40
68,2026/07/13 22:17:56.665, 0, NVIDIA GeForce RTX 5090, 3245, 36, 220.66
68,2026/07/13 22:17:56.671, 1, NVIDIA GeForce RTX 5090, 3065, 40, 208.10
68,2026/07/13 22:17:56.678, 2, NVIDIA GeForce RTX 5090, 3065, 0, 198.99
68,2026/07/13 22:17:56.682, 3, NVIDIA GeForce RTX 5090, 3065, 34, 205.71
68,2026/07/13 22:17:56.686, 4, NVIDIA GeForce RTX 5090, 3065, 34, 219.57
69,2026/07/13 22:17:57.824, 0, NVIDIA GeForce RTX 5090, 3245, 37, 209.61
69,2026/07/13 22:17:57.829, 1, NVIDIA GeForce RTX 5090, 3065, 34, 200.84
69,2026/07/13 22:17:57.833, 2, NVIDIA GeForce RTX 5090, 3065, 36, 203.56
69,2026/07/13 22:17:57.837, 3, NVIDIA GeForce RTX 5090, 3065, 36, 206.73
69,2026/07/13 22:17:57.842, 4, NVIDIA GeForce RTX 5090, 3065, 21, 216.43
70,2026/07/13 22:17:58.975, 0, NVIDIA GeForce RTX 5090, 3245, 41, 243.50
70,2026/07/13 22:17:58.980, 1, NVIDIA GeForce RTX 5090, 3065, 40, 231.14
70,2026/07/13 22:17:58.986, 2, NVIDIA GeForce RTX 5090, 3065, 40, 238.93
70,2026/07/13 22:17:58.991, 3, NVIDIA GeForce RTX 5090, 3065, 40, 235.81
70,2026/07/13 22:17:58.994, 4, NVIDIA GeForce RTX 5090, 3065, 34, 246.98
71,2026/07/13 22:18:00.111, 0, NVIDIA GeForce RTX 5090, 3245, 38, 245.54
71,2026/07/13 22:18:00.116, 1, NVIDIA GeForce RTX 5090, 3065, 35, 240.33
71,2026/07/13 22:18:00.124, 2, NVIDIA GeForce RTX 5090, 3065, 36, 210.80
71,2026/07/13 22:18:00.130, 3, NVIDIA GeForce RTX 5090, 3065, 40, 244.11
71,2026/07/13 22:18:00.137, 4, NVIDIA GeForce RTX 5090, 3065, 37, 219.96
72,2026/07/13 22:18:01.239, 0, NVIDIA GeForce RTX 5090, 3245, 16, 218.85
72,2026/07/13 22:18:01.244, 1, NVIDIA GeForce RTX 5090, 3065, 36, 205.77
72,2026/07/13 22:18:01.249, 2, NVIDIA GeForce RTX 5090, 3065, 39, 209.32
72,2026/07/13 22:18:01.253, 3, NVIDIA GeForce RTX 5090, 3065, 39, 206.42
72,2026/07/13 22:18:01.260, 4, NVIDIA GeForce RTX 5090, 3065, 38, 220.08
73,2026/07/13 22:18:02.397, 0, NVIDIA GeForce RTX 5090, 3245, 34, 221.40
73,2026/07/13 22:18:02.405, 1, NVIDIA GeForce RTX 5090, 3065, 38, 200.12
73,2026/07/13 22:18:02.412, 2, NVIDIA GeForce RTX 5090, 3065, 37, 206.77
73,2026/07/13 22:18:02.418, 3, NVIDIA GeForce RTX 5090, 3065, 39, 205.68
73,2026/07/13 22:18:02.422, 4, NVIDIA GeForce RTX 5090, 3065, 38, 213.67
74,2026/07/13 22:18:03.517, 0, NVIDIA GeForce RTX 5090, 3245, 3, 228.68
74,2026/07/13 22:18:03.521, 1, NVIDIA GeForce RTX 5090, 3065, 34, 225.46
74,2026/07/13 22:18:03.525, 2, NVIDIA GeForce RTX 5090, 3065, 35, 233.58
74,2026/07/13 22:18:03.527, 3, NVIDIA GeForce RTX 5090, 3065, 37, 227.07
74,2026/07/13 22:18:03.531, 4, NVIDIA GeForce RTX 5090, 3065, 41, 248.25
75,2026/07/13 22:18:04.659, 0, NVIDIA GeForce RTX 5090, 3245, 42, 226.57
75,2026/07/13 22:18:04.664, 1, NVIDIA GeForce RTX 5090, 3065, 40, 215.56
75,2026/07/13 22:18:04.667, 2, NVIDIA GeForce RTX 5090, 3065, 23, 211.86
75,2026/07/13 22:18:04.671, 3, NVIDIA GeForce RTX 5090, 3065, 40, 213.93
75,2026/07/13 22:18:04.674, 4, NVIDIA GeForce RTX 5090, 3065, 33, 237.22
76,2026/07/13 22:18:05.798, 0, NVIDIA GeForce RTX 5090, 3245, 41, 212.45
76,2026/07/13 22:18:05.804, 1, NVIDIA GeForce RTX 5090, 3065, 33, 200.20
76,2026/07/13 22:18:05.808, 2, NVIDIA GeForce RTX 5090, 3065, 40, 208.37
76,2026/07/13 22:18:05.811, 3, NVIDIA GeForce RTX 5090, 3065, 38, 206.42
76,2026/07/13 22:18:05.815, 4, NVIDIA GeForce RTX 5090, 3065, 0, 222.57
77,2026/07/13 22:18:06.951, 0, NVIDIA GeForce RTX 5090, 3245, 41, 240.40
77,2026/07/13 22:18:06.956, 1, NVIDIA GeForce RTX 5090, 3065, 26, 229.98
77,2026/07/13 22:18:06.960, 2, NVIDIA GeForce RTX 5090, 3065, 0, 221.45
77,2026/07/13 22:18:06.963, 3, NVIDIA GeForce RTX 5090, 3065, 32, 238.80
77,2026/07/13 22:18:06.967, 4, NVIDIA GeForce RTX 5090, 3065, 37, 230.98
78,2026/07/13 22:18:08.089, 0, NVIDIA GeForce RTX 5090, 3245, 33, 238.97
78,2026/07/13 22:18:08.095, 1, NVIDIA GeForce RTX 5090, 3065, 37, 202.83
78,2026/07/13 22:18:08.101, 2, NVIDIA GeForce RTX 5090, 3065, 39, 224.69
78,2026/07/13 22:18:08.104, 3, NVIDIA GeForce RTX 5090, 3065, 38, 237.43
78,2026/07/13 22:18:08.106, 4, NVIDIA GeForce RTX 5090, 3065, 33, 234.76
79,2026/07/13 22:18:09.218, 0, NVIDIA GeForce RTX 5090, 3245, 41, 214.54
79,2026/07/13 22:18:09.223, 1, NVIDIA GeForce RTX 5090, 3065, 39, 204.18
79,2026/07/13 22:18:09.227, 2, NVIDIA GeForce RTX 5090, 3065, 35, 212.37
79,2026/07/13 22:18:09.235, 3, NVIDIA GeForce RTX 5090, 3065, 34, 206.05
79,2026/07/13 22:18:09.238, 4, NVIDIA GeForce RTX 5090, 3065, 40, 212.47
80,2026/07/13 22:18:10.352, 0, NVIDIA GeForce RTX 5090, 3245, 38, 231.74
80,2026/07/13 22:18:10.360, 1, NVIDIA GeForce RTX 5090, 3065, 38, 225.25
80,2026/07/13 22:18:10.364, 2, NVIDIA GeForce RTX 5090, 3065, 36, 228.70
80,2026/07/13 22:18:10.367, 3, NVIDIA GeForce RTX 5090, 3065, 40, 230.26
80,2026/07/13 22:18:10.374, 4, NVIDIA GeForce RTX 5090, 3065, 33, 242.52
81,2026/07/13 22:18:11.494, 0, NVIDIA GeForce RTX 5090, 3245, 37, 239.28
81,2026/07/13 22:18:11.499, 1, NVIDIA GeForce RTX 5090, 3065, 40, 233.95
81,2026/07/13 22:18:11.502, 2, NVIDIA GeForce RTX 5090, 3065, 35, 233.75
81,2026/07/13 22:18:11.509, 3, NVIDIA GeForce RTX 5090, 3065, 36, 237.79
81,2026/07/13 22:18:11.515, 4, NVIDIA GeForce RTX 5090, 3065, 30, 244.39
82,2026/07/13 22:18:12.645, 0, NVIDIA GeForce RTX 5090, 3245, 38, 241.37
82,2026/07/13 22:18:12.651, 1, NVIDIA GeForce RTX 5090, 3065, 32, 229.29
82,2026/07/13 22:18:12.654, 2, NVIDIA GeForce RTX 5090, 3065, 35, 235.24
82,2026/07/13 22:18:12.658, 3, NVIDIA GeForce RTX 5090, 3065, 35, 236.73
82,2026/07/13 22:18:12.661, 4, NVIDIA GeForce RTX 5090, 3065, 40, 249.25
83,2026/07/13 22:18:13.803, 0, NVIDIA GeForce RTX 5090, 3245, 35, 239.85
83,2026/07/13 22:18:13.809, 1, NVIDIA GeForce RTX 5090, 3065, 40, 228.11
83,2026/07/13 22:18:13.813, 2, NVIDIA GeForce RTX 5090, 3065, 36, 236.04
83,2026/07/13 22:18:13.820, 3, NVIDIA GeForce RTX 5090, 3065, 37, 235.82
83,2026/07/13 22:18:13.823, 4, NVIDIA GeForce RTX 5090, 3065, 41, 250.74
84,2026/07/13 22:18:14.942, 0, NVIDIA GeForce RTX 5090, 3245, 38, 240.90
84,2026/07/13 22:18:14.948, 1, NVIDIA GeForce RTX 5090, 3065, 38, 230.15
84,2026/07/13 22:18:14.952, 2, NVIDIA GeForce RTX 5090, 3065, 38, 237.46
84,2026/07/13 22:18:14.957, 3, NVIDIA GeForce RTX 5090, 3065, 36, 234.57
84,2026/07/13 22:18:14.960, 4, NVIDIA GeForce RTX 5090, 3065, 41, 247.57
85,2026/07/13 22:18:16.057, 0, NVIDIA GeForce RTX 5090, 3245, 3, 200.33
85,2026/07/13 22:18:16.065, 1, NVIDIA GeForce RTX 5090, 3065, 32, 206.70
85,2026/07/13 22:18:16.069, 2, NVIDIA GeForce RTX 5090, 3065, 34, 211.83
85,2026/07/13 22:18:16.072, 3, NVIDIA GeForce RTX 5090, 3065, 23, 200.63
85,2026/07/13 22:18:16.077, 4, NVIDIA GeForce RTX 5090, 3065, 40, 212.81
86,2026/07/13 22:18:17.232, 0, NVIDIA GeForce RTX 5090, 3245, 34, 231.51
86,2026/07/13 22:18:17.240, 1, NVIDIA GeForce RTX 5090, 3065, 32, 208.65
86,2026/07/13 22:18:17.245, 2, NVIDIA GeForce RTX 5090, 3065, 40, 202.93
86,2026/07/13 22:18:17.249, 3, NVIDIA GeForce RTX 5090, 3065, 32, 216.24
86,2026/07/13 22:18:17.252, 4, NVIDIA GeForce RTX 5090, 3065, 0, 212.35
87,2026/07/13 22:18:18.393, 0, NVIDIA GeForce RTX 5090, 3245, 39, 214.73
87,2026/07/13 22:18:18.403, 1, NVIDIA GeForce RTX 5090, 3065, 38, 202.77
87,2026/07/13 22:18:18.407, 2, NVIDIA GeForce RTX 5090, 3065, 40, 233.00
87,2026/07/13 22:18:18.414, 3, NVIDIA GeForce RTX 5090, 3065, 33, 202.71
87,2026/07/13 22:18:18.416, 4, NVIDIA GeForce RTX 5090, 3065, 34, 243.11
88,2026/07/13 22:18:19.535, 0, NVIDIA GeForce RTX 5090, 3245, 38, 214.99
88,2026/07/13 22:18:19.544, 1, NVIDIA GeForce RTX 5090, 3065, 28, 197.59
88,2026/07/13 22:18:19.547, 2, NVIDIA GeForce RTX 5090, 3065, 0, 206.37
88,2026/07/13 22:18:19.553, 3, NVIDIA GeForce RTX 5090, 3065, 33, 209.01
88,2026/07/13 22:18:19.556, 4, NVIDIA GeForce RTX 5090, 3065, 39, 216.65
89,2026/07/13 22:18:20.663, 0, NVIDIA GeForce RTX 5090, 3245, 0, 194.31
89,2026/07/13 22:18:20.667, 1, NVIDIA GeForce RTX 5090, 3065, 0, 174.62
89,2026/07/13 22:18:20.670, 2, NVIDIA GeForce RTX 5090, 3065, 39, 237.07
89,2026/07/13 22:18:20.673, 3, NVIDIA GeForce RTX 5090, 3065, 0, 180.73
89,2026/07/13 22:18:20.677, 4, NVIDIA GeForce RTX 5090, 3065, 18, 161.83
90,2026/07/13 22:18:21.781, 0, NVIDIA GeForce RTX 5090, 3245, 36, 200.24
90,2026/07/13 22:18:21.786, 1, NVIDIA GeForce RTX 5090, 3065, 40, 200.38
90,2026/07/13 22:18:21.792, 2, NVIDIA GeForce RTX 5090, 3065, 47, 211.73
90,2026/07/13 22:18:21.797, 3, NVIDIA GeForce RTX 5090, 3065, 34, 188.54
90,2026/07/13 22:18:21.801, 4, NVIDIA GeForce RTX 5090, 3065, 37, 224.79
91,2026/07/13 22:18:22.916, 0, NVIDIA GeForce RTX 5090, 3245, 35, 211.67
91,2026/07/13 22:18:22.924, 1, NVIDIA GeForce RTX 5090, 3065, 34, 197.70
91,2026/07/13 22:18:22.928, 2, NVIDIA GeForce RTX 5090, 3065, 39, 202.65
91,2026/07/13 22:18:22.931, 3, NVIDIA GeForce RTX 5090, 3065, 40, 205.26
91,2026/07/13 22:18:22.935, 4, NVIDIA GeForce RTX 5090, 3065, 48, 215.87
92,2026/07/13 22:18:24.074, 0, NVIDIA GeForce RTX 5090, 3245, 37, 215.38
92,2026/07/13 22:18:24.083, 1, NVIDIA GeForce RTX 5090, 3065, 35, 230.84
92,2026/07/13 22:18:24.089, 2, NVIDIA GeForce RTX 5090, 3065, 36, 239.31
92,2026/07/13 22:18:24.097, 3, NVIDIA GeForce RTX 5090, 3065, 40, 205.20
92,2026/07/13 22:18:24.103, 4, NVIDIA GeForce RTX 5090, 3065, 40, 244.75
93,2026/07/13 22:18:25.223, 0, NVIDIA GeForce RTX 5090, 3245, 41, 245.95
93,2026/07/13 22:18:25.227, 1, NVIDIA GeForce RTX 5090, 3065, 39, 234.04
93,2026/07/13 22:18:25.231, 2, NVIDIA GeForce RTX 5090, 3065, 32, 234.07
93,2026/07/13 22:18:25.236, 3, NVIDIA GeForce RTX 5090, 3065, 40, 234.96
93,2026/07/13 22:18:25.246, 4, NVIDIA GeForce RTX 5090, 3065, 39, 248.32
94,2026/07/13 22:18:26.358, 0, NVIDIA GeForce RTX 5090, 3245, 4, 225.50
94,2026/07/13 22:18:26.366, 1, NVIDIA GeForce RTX 5090, 3065, 22, 205.11
94,2026/07/13 22:18:26.370, 2, NVIDIA GeForce RTX 5090, 3065, 40, 216.02
94,2026/07/13 22:18:26.373, 3, NVIDIA GeForce RTX 5090, 3065, 12, 212.68
94,2026/07/13 22:18:26.377, 4, NVIDIA GeForce RTX 5090, 3065, 40, 216.95
95,2026/07/13 22:18:27.496, 0, NVIDIA GeForce RTX 5090, 3245, 46, 218.66
95,2026/07/13 22:18:27.503, 1, NVIDIA GeForce RTX 5090, 3065, 38, 212.75
95,2026/07/13 22:18:27.509, 2, NVIDIA GeForce RTX 5090, 3065, 48, 215.02
95,2026/07/13 22:18:27.515, 3, NVIDIA GeForce RTX 5090, 3065, 38, 217.34
95,2026/07/13 22:18:27.518, 4, NVIDIA GeForce RTX 5090, 3065, 34, 230.98
96,2026/07/13 22:18:28.610, 0, NVIDIA GeForce RTX 5090, 3245, 5, 219.71
96,2026/07/13 22:18:28.620, 1, NVIDIA GeForce RTX 5090, 3065, 42, 210.95
96,2026/07/13 22:18:28.629, 2, NVIDIA GeForce RTX 5090, 3065, 37, 237.72
96,2026/07/13 22:18:28.631, 3, NVIDIA GeForce RTX 5090, 3065, 10, 216.14
96,2026/07/13 22:18:28.635, 4, NVIDIA GeForce RTX 5090, 3065, 41, 249.98
97,2026/07/13 22:18:29.765, 0, NVIDIA GeForce RTX 5090, 3245, 41, 226.10
97,2026/07/13 22:18:29.771, 1, NVIDIA GeForce RTX 5090, 3065, 39, 236.84
97,2026/07/13 22:18:29.775, 2, NVIDIA GeForce RTX 5090, 3065, 40, 241.29
97,2026/07/13 22:18:29.778, 3, NVIDIA GeForce RTX 5090, 3065, 45, 258.05
97,2026/07/13 22:18:29.781, 4, NVIDIA GeForce RTX 5090, 3065, 34, 248.60
98,2026/07/13 22:18:30.920, 0, NVIDIA GeForce RTX 5090, 3245, 41, 222.21
98,2026/07/13 22:18:30.926, 1, NVIDIA GeForce RTX 5090, 3065, 35, 209.82
98,2026/07/13 22:18:30.932, 2, NVIDIA GeForce RTX 5090, 3065, 36, 218.67
98,2026/07/13 22:18:30.936, 3, NVIDIA GeForce RTX 5090, 3065, 40, 198.10
98,2026/07/13 22:18:30.942, 4, NVIDIA GeForce RTX 5090, 3065, 47, 247.03
99,2026/07/13 22:18:32.078, 0, NVIDIA GeForce RTX 5090, 3245, 5, 224.14
99,2026/07/13 22:18:32.083, 1, NVIDIA GeForce RTX 5090, 3065, 17, 218.17
99,2026/07/13 22:18:32.087, 2, NVIDIA GeForce RTX 5090, 3065, 36, 221.85
99,2026/07/13 22:18:32.094, 3, NVIDIA GeForce RTX 5090, 3065, 10, 228.38
99,2026/07/13 22:18:32.100, 4, NVIDIA GeForce RTX 5090, 3065, 39, 217.96
100,2026/07/13 22:18:33.237, 0, NVIDIA GeForce RTX 5090, 3245, 35, 229.96
100,2026/07/13 22:18:33.245, 1, NVIDIA GeForce RTX 5090, 3065, 35, 211.84
100,2026/07/13 22:18:33.249, 2, NVIDIA GeForce RTX 5090, 3065, 41, 217.53
100,2026/07/13 22:18:33.253, 3, NVIDIA GeForce RTX 5090, 3065, 43, 208.95
100,2026/07/13 22:18:33.256, 4, NVIDIA GeForce RTX 5090, 3065, 41, 227.35
101,2026/07/13 22:18:34.353, 0, NVIDIA GeForce RTX 5090, 3245, 42, 257.08
101,2026/07/13 22:18:34.357, 1, NVIDIA GeForce RTX 5090, 3065, 39, 224.80
101,2026/07/13 22:18:34.360, 2, NVIDIA GeForce RTX 5090, 3065, 40, 237.19
101,2026/07/13 22:18:34.363, 3, NVIDIA GeForce RTX 5090, 3065, 34, 227.58
101,2026/07/13 22:18:34.366, 4, NVIDIA GeForce RTX 5090, 3065, 40, 248.74
102,2026/07/13 22:18:35.495, 0, NVIDIA GeForce RTX 5090, 3245, 6, 214.99
102,2026/07/13 22:18:35.500, 1, NVIDIA GeForce RTX 5090, 3065, 10, 215.52
102,2026/07/13 22:18:35.503, 2, NVIDIA GeForce RTX 5090, 3065, 35, 219.86
102,2026/07/13 22:18:35.507, 3, NVIDIA GeForce RTX 5090, 3065, 0, 213.82
102,2026/07/13 22:18:35.513, 4, NVIDIA GeForce RTX 5090, 3065, 34, 227.18
103,2026/07/13 22:18:36.631, 0, NVIDIA GeForce RTX 5090, 3245, 46, 204.85
103,2026/07/13 22:18:36.639, 1, NVIDIA GeForce RTX 5090, 3065, 41, 212.82
103,2026/07/13 22:18:36.644, 2, NVIDIA GeForce RTX 5090, 3065, 45, 219.13
103,2026/07/13 22:18:36.651, 3, NVIDIA GeForce RTX 5090, 3065, 40, 222.23
103,2026/07/13 22:18:36.654, 4, NVIDIA GeForce RTX 5090, 3065, 34, 227.48
104,2026/07/13 22:18:37.792, 0, NVIDIA GeForce RTX 5090, 3245, 6, 224.49
104,2026/07/13 22:18:37.799, 1, NVIDIA GeForce RTX 5090, 3065, 2, 213.62
104,2026/07/13 22:18:37.803, 2, NVIDIA GeForce RTX 5090, 3065, 40, 217.25
104,2026/07/13 22:18:37.807, 3, NVIDIA GeForce RTX 5090, 3065, 0, 218.59
104,2026/07/13 22:18:37.810, 4, NVIDIA GeForce RTX 5090, 3065, 40, 227.94
105,2026/07/13 22:18:38.901, 0, NVIDIA GeForce RTX 5090, 3245, 50, 259.89
105,2026/07/13 22:18:38.905, 1, NVIDIA GeForce RTX 5090, 3065, 33, 235.89
105,2026/07/13 22:18:38.908, 2, NVIDIA GeForce RTX 5090, 3065, 42, 243.14
105,2026/07/13 22:18:38.911, 3, NVIDIA GeForce RTX 5090, 3065, 40, 227.27
105,2026/07/13 22:18:38.914, 4, NVIDIA GeForce RTX 5090, 3065, 50, 284.38
106,2026/07/13 22:18:40.046, 0, NVIDIA GeForce RTX 5090, 3245, 42, 235.77
106,2026/07/13 22:18:40.052, 1, NVIDIA GeForce RTX 5090, 3065, 51, 238.54
106,2026/07/13 22:18:40.055, 2, NVIDIA GeForce RTX 5090, 3065, 41, 229.98
106,2026/07/13 22:18:40.063, 3, NVIDIA GeForce RTX 5090, 3065, 46, 261.94
106,2026/07/13 22:18:40.066, 4, NVIDIA GeForce RTX 5090, 3065, 36, 210.13
107,2026/07/13 22:18:41.211, 0, NVIDIA GeForce RTX 5090, 3245, 42, 234.50
107,2026/07/13 22:18:41.216, 1, NVIDIA GeForce RTX 5090, 3065, 41, 192.46
107,2026/07/13 22:18:41.223, 2, NVIDIA GeForce RTX 5090, 3065, 50, 256.55
107,2026/07/13 22:18:41.227, 3, NVIDIA GeForce RTX 5090, 3065, 40, 199.90
107,2026/07/13 22:18:41.230, 4, NVIDIA GeForce RTX 5090, 3065, 47, 267.54
108,2026/07/13 22:18:42.365, 0, NVIDIA GeForce RTX 5090, 3245, 45, 237.71
108,2026/07/13 22:18:42.373, 1, NVIDIA GeForce RTX 5090, 3065, 87, 234.35
108,2026/07/13 22:18:42.380, 2, NVIDIA GeForce RTX 5090, 3065, 0, 203.78
108,2026/07/13 22:18:42.385, 3, NVIDIA GeForce RTX 5090, 3065, 78, 232.17
108,2026/07/13 22:18:42.389, 4, NVIDIA GeForce RTX 5090, 3065, 36, 211.70
109,2026/07/13 22:18:43.526, 0, NVIDIA GeForce RTX 5090, 3245, 51, 230.02
109,2026/07/13 22:18:43.534, 1, NVIDIA GeForce RTX 5090, 3065, 49, 241.71
109,2026/07/13 22:18:43.538, 2, NVIDIA GeForce RTX 5090, 3065, 41, 236.26
109,2026/07/13 22:18:43.543, 3, NVIDIA GeForce RTX 5090, 3065, 38, 248.86
109,2026/07/13 22:18:43.549, 4, NVIDIA GeForce RTX 5090, 3065, 0, 243.64
110,2026/07/13 22:18:44.641, 0, NVIDIA GeForce RTX 5090, 3245, 0, 247.44
110,2026/07/13 22:18:44.646, 1, NVIDIA GeForce RTX 5090, 3065, 4, 233.62
110,2026/07/13 22:18:44.649, 2, NVIDIA GeForce RTX 5090, 3065, 41, 236.87
110,2026/07/13 22:18:44.652, 3, NVIDIA GeForce RTX 5090, 3065, 16, 238.27
110,2026/07/13 22:18:44.656, 4, NVIDIA GeForce RTX 5090, 3065, 40, 234.34
111,2026/07/13 22:18:45.787, 0, NVIDIA GeForce RTX 5090, 3245, 48, 238.40
111,2026/07/13 22:18:45.792, 1, NVIDIA GeForce RTX 5090, 3065, 41, 216.56
111,2026/07/13 22:18:45.800, 2, NVIDIA GeForce RTX 5090, 3065, 41, 231.24
111,2026/07/13 22:18:45.804, 3, NVIDIA GeForce RTX 5090, 3065, 35, 221.39
111,2026/07/13 22:18:45.812, 4, NVIDIA GeForce RTX 5090, 3065, 40, 238.73
112,2026/07/13 22:18:46.944, 0, NVIDIA GeForce RTX 5090, 3245, 40, 203.26
112,2026/07/13 22:18:46.952, 1, NVIDIA GeForce RTX 5090, 3065, 39, 215.26
112,2026/07/13 22:18:46.956, 2, NVIDIA GeForce RTX 5090, 3065, 40, 219.06
112,2026/07/13 22:18:46.959, 3, NVIDIA GeForce RTX 5090, 3065, 39, 215.39
112,2026/07/13 22:18:46.966, 4, NVIDIA GeForce RTX 5090, 3065, 8, 229.79
113,2026/07/13 22:18:48.099, 0, NVIDIA GeForce RTX 5090, 3245, 36, 214.52
113,2026/07/13 22:18:48.105, 1, NVIDIA GeForce RTX 5090, 3065, 19, 226.68
113,2026/07/13 22:18:48.109, 2, NVIDIA GeForce RTX 5090, 3065, 0, 217.49
113,2026/07/13 22:18:48.116, 3, NVIDIA GeForce RTX 5090, 3065, 29, 209.15
113,2026/07/13 22:18:48.119, 4, NVIDIA GeForce RTX 5090, 3065, 35, 227.91
114,2026/07/13 22:18:49.254, 0, NVIDIA GeForce RTX 5090, 3245, 38, 246.26
114,2026/07/13 22:18:49.260, 1, NVIDIA GeForce RTX 5090, 3065, 35, 235.86
114,2026/07/13 22:18:49.265, 2, NVIDIA GeForce RTX 5090, 3065, 36, 225.81
114,2026/07/13 22:18:49.273, 3, NVIDIA GeForce RTX 5090, 3065, 34, 239.37
114,2026/07/13 22:18:49.276, 4, NVIDIA GeForce RTX 5090, 3065, 0, 237.83
115,2026/07/13 22:18:50.406, 0, NVIDIA GeForce RTX 5090, 3245, 41, 215.18
115,2026/07/13 22:18:50.412, 1, NVIDIA GeForce RTX 5090, 3065, 40, 213.66
115,2026/07/13 22:18:50.419, 2, NVIDIA GeForce RTX 5090, 3065, 33, 224.45
115,2026/07/13 22:18:50.424, 3, NVIDIA GeForce RTX 5090, 3065, 36, 216.80
115,2026/07/13 22:18:50.427, 4, NVIDIA GeForce RTX 5090, 3065, 34, 234.04
116,2026/07/13 22:18:51.542, 0, NVIDIA GeForce RTX 5090, 3245, 40, 217.65
116,2026/07/13 22:18:51.549, 1, NVIDIA GeForce RTX 5090, 3065, 40, 202.53
116,2026/07/13 22:18:51.556, 2, NVIDIA GeForce RTX 5090, 3065, 24, 209.41
116,2026/07/13 22:18:51.561, 3, NVIDIA GeForce RTX 5090, 3065, 36, 208.15
116,2026/07/13 22:18:51.568, 4, NVIDIA GeForce RTX 5090, 3065, 40, 217.06
117,2026/07/13 22:18:52.680, 0, NVIDIA GeForce RTX 5090, 3245, 46, 221.85
117,2026/07/13 22:18:52.685, 1, NVIDIA GeForce RTX 5090, 3065, 34, 207.46
117,2026/07/13 22:18:52.689, 2, NVIDIA GeForce RTX 5090, 3065, 36, 241.47
117,2026/07/13 22:18:52.694, 3, NVIDIA GeForce RTX 5090, 3065, 39, 215.15
117,2026/07/13 22:18:52.697, 4, NVIDIA GeForce RTX 5090, 3065, 51, 226.80
118,2026/07/13 22:18:53.789, 0, NVIDIA GeForce RTX 5090, 3245, 37, 256.55
118,2026/07/13 22:18:53.794, 1, NVIDIA GeForce RTX 5090, 3065, 34, 233.00
118,2026/07/13 22:18:53.797, 2, NVIDIA GeForce RTX 5090, 3065, 45, 240.77
118,2026/07/13 22:18:53.800, 3, NVIDIA GeForce RTX 5090, 3065, 37, 235.82
118,2026/07/13 22:18:53.802, 4, NVIDIA GeForce RTX 5090, 3065, 37, 250.52
119,2026/07/13 22:18:54.930, 0, NVIDIA GeForce RTX 5090, 3245, 41, 207.21
119,2026/07/13 22:18:54.935, 1, NVIDIA GeForce RTX 5090, 3065, 39, 213.83
119,2026/07/13 22:18:54.939, 2, NVIDIA GeForce RTX 5090, 3065, 40, 239.99
119,2026/07/13 22:18:54.943, 3, NVIDIA GeForce RTX 5090, 3065, 34, 211.30
119,2026/07/13 22:18:54.947, 4, NVIDIA GeForce RTX 5090, 3065, 36, 222.00
120,2026/07/13 22:18:56.046, 0, NVIDIA GeForce RTX 5090, 3245, 23, 223.53
120,2026/07/13 22:18:56.051, 1, NVIDIA GeForce RTX 5090, 3065, 43, 215.85
120,2026/07/13 22:18:56.056, 2, NVIDIA GeForce RTX 5090, 3065, 37, 197.16
120,2026/07/13 22:18:56.063, 3, NVIDIA GeForce RTX 5090, 3065, 52, 249.13
120,2026/07/13 22:18:56.071, 4, NVIDIA GeForce RTX 5090, 3065, 47, 239.28
