root	relative_path	storage	archive_path	raw_bytes	raw_sha256	archive_bytes	archive_sha256	raw_lines
launch_evidence	MIGRATION_RECEIPT.json	copy	small_files/launch_evidence/MIGRATION_RECEIPT.json	2158	7b98d81bd137bc4e7d672efd7a007c4143fa2d0209ef0173a8e3264b3723e9c3	2158	7b98d81bd137bc4e7d672efd7a007c4143fa2d0209ef0173a8e3264b3723e9c3	50
launch_evidence	RUN_IDENTITY.json	copy	small_files/launch_evidence/RUN_IDENTITY.json	1539	72b4ecfb743481a7150086683beab97a782f0b038a0384944721f4e47641b36b	1539	72b4ecfb743481a7150086683beab97a782f0b038a0384944721f4e47641b36b	26
launch_evidence	base_rte_stage2_05pct_launch_receipt_20260806.txt	copy	small_files/launch_evidence/base_rte_stage2_05pct_launch_receipt_20260806.txt	7042	06b03a982b94723e798ea843e75c44e2ea6bee9b3f4692862a5aba11a0b26c94	7042	06b03a982b94723e798ea843e75c44e2ea6bee9b3f4692862a5aba11a0b26c94	68
launch_evidence	base_rte_stage2_05pct_resume_5gpu_launch_receipt_20260806.txt	copy	small_files/launch_evidence/base_rte_stage2_05pct_resume_5gpu_launch_receipt_20260806.txt	7612	04abf91744273930788c1d225c6bad396f935dbeb11cee005a82183958f2169e	7612	04abf91744273930788c1d225c6bad396f935dbeb11cee005a82183958f2169e	72
persistent_run	MIGRATION_RECEIPT.json	copy	small_files/persistent_run/MIGRATION_RECEIPT.json	2158	7b98d81bd137bc4e7d672efd7a007c4143fa2d0209ef0173a8e3264b3723e9c3	2158	7b98d81bd137bc4e7d672efd7a007c4143fa2d0209ef0173a8e3264b3723e9c3	50
persistent_run	RUN_IDENTITY.json	copy	small_files/persistent_run/RUN_IDENTITY.json	1539	72b4ecfb743481a7150086683beab97a782f0b038a0384944721f4e47641b36b	1539	72b4ecfb743481a7150086683beab97a782f0b038a0384944721f4e47641b36b	26
persistent_run	best_policy/constraint_metadata.json	copy	small_files/persistent_run/best_policy/constraint_metadata.json	260	f32a7c59b4c08db691d929d639075355cb12eea1e3f58290bf5959d0945087f7	260	f32a7c59b4c08db691d929d639075355cb12eea1e3f58290bf5959d0945087f7	9
persistent_run	logs/glue_dataset_local_route.txt	copy	small_files/persistent_run/logs/glue_dataset_local_route.txt	304	5b922eee9a99a06160854997dbeb619d396aa5d02ac2c2b8231da91de369a107	304	5b922eee9a99a06160854997dbeb619d396aa5d02ac2c2b8231da91de369a107	9
persistent_run	logs/stage2_base_rte_05pct_50k_20260806.log	copy	small_files/persistent_run/logs/stage2_base_rte_05pct_50k_20260806.log	16064	2056cec49d68808aee1f3ee3cbb3961fbe918a04e2ddf36115540bbb80defc49	16064	2056cec49d68808aee1f3ee3cbb3961fbe918a04e2ddf36115540bbb80defc49	236
persistent_run	logs/stage2_base_rte_05pct_50k_resume_5gpu_20260806.log	copy	small_files/persistent_run/logs/stage2_base_rte_05pct_50k_resume_5gpu_20260806.log	28975	2afd477d599c755616f911763688af512ce69b515258ba39010abd9dd835f6a9	28975	2afd477d599c755616f911763688af512ce69b515258ba39010abd9dd835f6a9	361
persistent_run	metadata.json	copy	small_files/persistent_run/metadata.json	828	fcb64fad90b03694e0ad7765934aeb2497094a5465fe57b37da5481d6ba646ac	828	fcb64fad90b03694e0ad7765934aeb2497094a5465fe57b37da5481d6ba646ac	28
persistent_run	rl.pid	copy	small_files/persistent_run/rl.pid	6	d7f9857643a8e230e334992e8c241be1826ca706c71e2df40948e4e0cd405fd8	6	d7f9857643a8e230e334992e8c241be1826ca706c71e2df40948e4e0cd405fd8	
persistent_run	run.pid	copy	small_files/persistent_run/run.pid	6	d7f9857643a8e230e334992e8c241be1826ca706c71e2df40948e4e0cd405fd8	6	d7f9857643a8e230e334992e8c241be1826ca706c71e2df40948e4e0cd405fd8	
persistent_run	stage1/pruning_search_log.txt	copy	small_files/persistent_run/stage1/pruning_search_log.txt	2913	4793cb322dd6b876e463473e75e676a0acaed37662fc26b84252589cfa1bd293	2913	4793cb322dd6b876e463473e75e676a0acaed37662fc26b84252589cfa1bd293	45
persistent_run	stage2_noise/progress/blb_stage2_live_summary.md	copy	small_files/persistent_run/stage2_noise/progress/blb_stage2_live_summary.md	1147	c997514c72946104f3cc2beafb160f2f0ca080b74a1248b715520932904980f6	1147	c997514c72946104f3cc2beafb160f2f0ca080b74a1248b715520932904980f6	45
persistent_run	stage2_noise/progress/blb_stage2_rl_checkpoint_live.pt	copy	small_files/persistent_run/stage2_noise/progress/blb_stage2_rl_checkpoint_live.pt	8516431	ee03417a3aa4061e1e0c08fbe1ca481b60371efb4b77bf5c774cbdb324ec9e68	8516431	ee03417a3aa4061e1e0c08fbe1ca481b60371efb4b77bf5c774cbdb324ec9e68	
persistent_run	stage2_noise/progress/blb_stage2_status.json	copy	small_files/persistent_run/stage2_noise/progress/blb_stage2_status.json	268264	355ec71a52469da43c995b9a8940c83cd7c2b913e2787c4128d2d65b76b61fbe	268264	355ec71a52469da43c995b9a8940c83cd7c2b913e2787c4128d2d65b76b61fbe	10829
persistent_run	stage2_noise/progress/blb_stage2_training_curve.npz	copy	small_files/persistent_run/stage2_noise/progress/blb_stage2_training_curve.npz	2409328	0cb5b0037d796ce61d399a03adc38dd22f59f2a61be5642e94e49a4f8807fc50	2409328	0cb5b0037d796ce61d399a03adc38dd22f59f2a61be5642e94e49a4f8807fc50	
persistent_run	stage2_noise/progress/candidate_store.jsonl	gzip	streams/persistent_run/stage2_noise/progress/candidate_store.jsonl.gz	615937398	5071e4a785ec824c3b2e4fb71f932fad0697566d1e96ce79dc5783128fcbb125	53850859	0ce68f195f2d50b9a64b93745cc149c5546cf297a28d9f6a99bfd6762a69fc20	75254
persistent_run	stage2_noise/progress/diagnostics/action_histogram.npz	copy	small_files/persistent_run/stage2_noise/progress/diagnostics/action_histogram.npz	449290	4611cecd0c99c44f06c59ff988e47ada1308722a898b4d8aae6e7f9456e10078	449290	4611cecd0c99c44f06c59ff988e47ada1308722a898b4d8aae6e7f9456e10078	
persistent_run	stage2_noise/progress/diagnostics/baseline_action_vec.json	copy	small_files/persistent_run/stage2_noise/progress/diagnostics/baseline_action_vec.json	589141	4cbdcad49958528d47d07cfdf3162badaebfc69600ac25124b3a6d033b5301de	589141	4cbdcad49958528d47d07cfdf3162badaebfc69600ac25124b3a6d033b5301de	29773
persistent_run	stage2_noise/progress/diagnostics/best_action_vec.json	copy	small_files/persistent_run/stage2_noise/progress/diagnostics/best_action_vec.json	656422	c6aa843b9d753140a42f04116e84aafb4a9c9227f5950c6aace7a3937280eb66	656422	c6aa843b9d753140a42f04116e84aafb4a9c9227f5950c6aace7a3937280eb66	32295
persistent_run	stage2_noise/progress/diagnostics/blb_stage2_health.log	copy	small_files/persistent_run/stage2_noise/progress/diagnostics/blb_stage2_health.log	10737	630c3621756058cd95d14843414e4e9351c212289c19b3c1d9f623064bf7b93d	10737	630c3621756058cd95d14843414e4e9351c212289c19b3c1d9f623064bf7b93d	86
persistent_run	stage2_noise/progress/diagnostics/diagnostics_summary.md	copy	small_files/persistent_run/stage2_noise/progress/diagnostics/diagnostics_summary.md	31880	126a21803348a49a4b0141282125210f97224686cd0c559f0b8f8717c51c5681	31880	126a21803348a49a4b0141282125210f97224686cd0c559f0b8f8717c51c5681	248
persistent_run	stage2_noise/progress/diagnostics/episodes.jsonl	gzip	streams/persistent_run/stage2_noise/progress/diagnostics/episodes.jsonl.gz	572347797	6614aaf03fe319109e2d0d338c1f8f7644f962684c1c8b9f711acdcc3d56c13b	65060569	7c43f94bb378834101aa27ec22e19e094d14a5f65534e197a52c2963fd56d11e	50000
persistent_run	stage2_noise/progress/diagnostics/first_invalid_counts.json	copy	small_files/persistent_run/stage2_noise/progress/diagnostics/first_invalid_counts.json	2	44136fa355b3678a1146ad16f7e8649e94fb4fc21fe77e8310c060f61caaff8a	2	44136fa355b3678a1146ad16f7e8649e94fb4fc21fe77e8310c060f61caaff8a	0
persistent_run	stage2_noise/progress/diagnostics/pareto_frontier.html	copy	small_files/persistent_run/stage2_noise/progress/diagnostics/pareto_frontier.html	6642	eba1650dd9e1da827d4136cd4657e5e14fb6223716c50063a33d573df1dcc01b	6642	eba1650dd9e1da827d4136cd4657e5e14fb6223716c50063a33d573df1dcc01b	441
persistent_run	stage2_noise/progress/diagnostics/pareto_frontier.json	gzip	streams/persistent_run/stage2_noise/progress/diagnostics/pareto_frontier.json.gz	7507174	2e21d109a4a9e11f5dc88fcf7b973c40bcac604207fb4a5b77dd8fb6bb843ced	544216	eb4dbf72ad65221272b60b9e6cbaa69c38094fb6e4a38ed2b1371c5106030bff	313622
persistent_run	stage2_noise/progress/diagnostics/pareto_frontier.jsonl	gzip	streams/persistent_run/stage2_noise/progress/diagnostics/pareto_frontier.jsonl.gz	4114625	a9bf98c947e1298cc04d0c6f03ec1958de0ac00e13c8a14f2d2bbc9b325ea435	349569	50346ea379e47786722aaa2c5d3c534d063ff5f43253b97a9eec8bd6dad77384	10
persistent_run	stage2_noise/progress/diagnostics/ppo_updates.jsonl	gzip	streams/persistent_run/stage2_noise/progress/diagnostics/ppo_updates.jsonl.gz	92750860	46978aa8e879493f9dae544edb1913494fdcc4efe23b863ad8ac4f2ff9da6ca4	8567354	28007be23f38e9bbdbb1299ede691ab000d7f281052a70aba1f095b63da5f202	417
persistent_run	stage2_noise/progress/diagnostics/top_candidates.jsonl	gzip	streams/persistent_run/stage2_noise/progress/diagnostics/top_candidates.jsonl.gz	8230570	1e61db5b23c61dc51d29ed0282b0fe206a8a863707778d791de1ac64ee3e5acf	700666	7662317222eedf08241640dabd69178af8aa949f90f412c89fb1ad6a4bd4d805	20
persistent_run	stage2_noise/progress/layerwise_run_manifest.json	copy	small_files/persistent_run/stage2_noise/progress/layerwise_run_manifest.json	306558	249b40bc220682bc0a5cdd48af205bc1f6777bcf8945e797f2fb15a4ab9a2e49	306558	249b40bc220682bc0a5cdd48af205bc1f6777bcf8945e797f2fb15a4ab9a2e49	11897
persistent_run	stage2_noise/progress/layerwise_summary.json	copy	small_files/persistent_run/stage2_noise/progress/layerwise_summary.json	368037	af656473103769182be36d639208914b7094fcf294e84e4e1ff365e3d299a768	368037	af656473103769182be36d639208914b7094fcf294e84e4e1ff365e3d299a768	15463
persistent_run	stage2_noise/progress/rl_data_points_run_id.txt	copy	small_files/persistent_run/stage2_noise/progress/rl_data_points_run_id.txt	105	af97e643799d5a8d3f8a55adafb2239fb1d3d5cf3c91bdfe05fcf32295b138a1	105	af97e643799d5a8d3f8a55adafb2239fb1d3d5cf3c91bdfe05fcf32295b138a1	1
persistent_run	stage2_noise/pruning_search_log.txt	copy	small_files/persistent_run/stage2_noise/pruning_search_log.txt	11199	759909873d4d182ba1b1ad2ae7dd64215e67385666709c25881142bf54edce89	11199	759909873d4d182ba1b1ad2ae7dd64215e67385666709c25881142bf54edce89	106
report	blb_stage2_diagnostics_curve.png	copy	small_files/report/blb_stage2_diagnostics_curve.png	274157	fc63b01ee3121cc38f2ec4146cfe2e4c17c23b7ebc4efe732d3292d0ff095023	274157	fc63b01ee3121cc38f2ec4146cfe2e4c17c23b7ebc4efe732d3292d0ff095023	
report	blb_stage2_entropy_curve.png	copy	small_files/report/blb_stage2_entropy_curve.png	90363	2a69c52332fc5293613848133b4b5e5bc6224a9bf30580fb94158018c324d535	90363	2a69c52332fc5293613848133b4b5e5bc6224a9bf30580fb94158018c324d535	
report	blb_stage2_layerwise_report.html	gzip	streams/report/blb_stage2_layerwise_report.html.gz	7844200	e95dedbee63a6329d38fe4226f8e67c009fb616783669a5e46dada0c104ed866	2612296	48b530ac303afc3d74d6751d75614ee2bdab6e0ae82563fac638b9d70008f98a	0
report	blb_stage2_reward_paper.pdf	copy	small_files/report/blb_stage2_reward_paper.pdf	155274	0153ee4b7465254910e4b7cf15a65f6cb79d074d6789096a5663ad4f5116e70c	155274	0153ee4b7465254910e4b7cf15a65f6cb79d074d6789096a5663ad4f5116e70c	
report	blb_stage2_reward_paper.png	copy	small_files/report/blb_stage2_reward_paper.png	74607	19975dc6620316766b6f9180223ecf33c10d25a37b3bba2dd0a8efa5f81d916e	74607	19975dc6620316766b6f9180223ecf33c10d25a37b3bba2dd0a8efa5f81d916e	
report	blb_stage2_search_log.txt	copy	small_files/report/blb_stage2_search_log.txt	255	71ef3d5f865e9abab1d348cfa2ff9419e34657fcb64b85332f590a58708542cf	255	71ef3d5f865e9abab1d348cfa2ff9419e34657fcb64b85332f590a58708542cf	10
report	blb_stage2_training_curve.npz	copy	small_files/report/blb_stage2_training_curve.npz	2409328	0cb5b0037d796ce61d399a03adc38dd22f59f2a61be5642e94e49a4f8807fc50	2409328	0cb5b0037d796ce61d399a03adc38dd22f59f2a61be5642e94e49a4f8807fc50	
report	blb_stage2_training_curve.png	copy	small_files/report/blb_stage2_training_curve.png	290217	06b9df30545b37938b4fa8677e693f2249fe9235c474d965ddb0cb3d3d4f136a	290217	06b9df30545b37938b4fa8677e693f2249fe9235c474d965ddb0cb3d3d4f136a	
structured_mirror	MIGRATION_RECEIPT.json	copy	small_files/structured_mirror/MIGRATION_RECEIPT.json	2158	7b98d81bd137bc4e7d672efd7a007c4143fa2d0209ef0173a8e3264b3723e9c3	2158	7b98d81bd137bc4e7d672efd7a007c4143fa2d0209ef0173a8e3264b3723e9c3	50
structured_mirror	RUN_IDENTITY.json	copy	small_files/structured_mirror/RUN_IDENTITY.json	1539	72b4ecfb743481a7150086683beab97a782f0b038a0384944721f4e47641b36b	1539	72b4ecfb743481a7150086683beab97a782f0b038a0384944721f4e47641b36b	26
structured_mirror	episodes.jsonl	gzip	streams/structured_mirror/episodes.jsonl.gz	575499244	ac5c55b469c6e3a0e926e459421862ada221d6c0f7a745b885fd95713d965450	62628949	c062a5976fe071ce3cba6ab1c8da1e1b2ed5c5a7a52810c44ead63e1323b8593	50000
structured_mirror	manifest.json	copy	small_files/structured_mirror/manifest.json	99226	2edacbf4e0fa185e3d2ab88285fbdd4a73c76385785cd106a661e027f095cdce	99226	2edacbf4e0fa185e3d2ab88285fbdd4a73c76385785cd106a661e027f095cdce	3217
structured_mirror	ppo_updates.jsonl	gzip	streams/structured_mirror/ppo_updates.jsonl.gz	92750860	fdc537083e64702ed7b6aa2f9523d19bb17226afb650d0ede816b8e3724c56b5	8655102	ad894261d713b6942cff94baa307c33ef8d6a68df3b443d43229dd5d88892679	417
structured_mirror	summary.json	copy	small_files/structured_mirror/summary.json	368037	af656473103769182be36d639208914b7094fcf294e84e4e1ff365e3d299a768	368037	af656473103769182be36d639208914b7094fcf294e84e4e1ff365e3d299a768	15463
